Q,case,episodes,fallback_steps,mean_final_goal_distance_cm,method,obstacle_contact_steps,placement_rate,placements,recovered_placements,reference_gate,regrasped,triggered,view
empty,drop_early,5,11,50.6805305480957,jepa_mpc,0,0.0,0,0,,0,0,clutter
empty,drop_late,5,11,50.6805305480957,jepa_mpc,0,0.0,0,0,,0,0,clutter
empty,drop_middle,5,11,50.6805305480957,jepa_mpc,0,0.0,0,0,,0,0,clutter
empty,normal,5,11,50.6805305480957,jepa_mpc,0,0.0,0,0,,0,0,clutter
empty,drop_early,5,0,50.81168670654297,jepa_mpc,0,0.0,0,0,,0,0,empty
empty,drop_late,5,0,50.81168670654297,jepa_mpc,0,0.0,0,0,,0,0,empty
empty,drop_middle,5,0,50.81168670654297,jepa_mpc,0,0.0,0,0,,0,0,empty
empty,normal,5,0,50.81168670654297,jepa_mpc,0,0.0,0,0,,0,0,empty
mixed,drop_early,5,1,50.821692657470706,jepa_mpc,0,0.0,0,0,,0,0,clutter
mixed,drop_late,5,1,50.821692657470706,jepa_mpc,0,0.0,0,0,,0,0,clutter
mixed,drop_middle,5,1,50.821692657470706,jepa_mpc,0,0.0,0,0,,0,0,clutter
mixed,normal,5,1,50.821692657470706,jepa_mpc,0,0.0,0,0,,0,0,clutter
mixed,drop_early,5,3,50.83311462402344,jepa_mpc,0,0.0,0,0,,0,0,empty
mixed,drop_late,5,3,50.83311462402344,jepa_mpc,0,0.0,0,0,,0,0,empty
mixed,drop_middle,5,3,50.83311462402344,jepa_mpc,0,0.0,0,0,,0,0,empty
mixed,normal,5,3,50.83311462402344,jepa_mpc,0,0.0,0,0,,0,0,empty
empty,drop_early,5,0,50.81168670654297,rl_q,0,0.0,0,0,,0,0,clutter
empty,drop_late,5,0,50.81168670654297,rl_q,0,0.0,0,0,,0,0,clutter
empty,drop_middle,5,0,50.81168670654297,rl_q,0,0.0,0,0,,0,0,clutter
empty,normal,5,0,50.81168670654297,rl_q,0,0.0,0,0,,0,0,clutter
empty,drop_early,5,0,39.47959899902344,rl_q,0,0.0,0,0,,1,4,empty
empty,drop_late,5,0,18.42786350250244,rl_q,0,0.0,0,0,,2,4,empty
empty,drop_middle,5,0,25.231925392150877,rl_q,0,0.2,1,1,,1,4,empty
empty,normal,5,0,24.405222535133362,rl_q,0,0.2,1,0,,0,0,empty
mixed,drop_early,5,0,44.221527862548825,rl_q,0,0.0,0,0,,1,3,clutter
mixed,drop_late,5,0,25.761724376678465,rl_q,0,0.0,0,0,,2,3,clutter
mixed,drop_middle,5,0,33.05532455444336,rl_q,0,0.0,0,0,,1,3,clutter
mixed,normal,5,0,31.24619312286377,rl_q,0,0.0,0,0,,0,0,clutter
mixed,drop_early,5,0,42.013868713378905,rl_q,0,0.0,0,0,,0,4,empty
mixed,drop_late,5,0,17.7412015914917,rl_q,0,0.0,0,0,,1,4,empty
mixed,drop_middle,5,0,28.02752227783203,rl_q,0,0.0,0,0,,1,4,empty
mixed,normal,5,0,17.24918520450592,rl_q,0,0.4,2,0,,0,0,empty
exact,drop_early,5,0,0.360880246758461,rl_true,0,1.0,5,5,True,5,5,clutter
exact,drop_late,5,0,0.8797372460365296,rl_true,0,1.0,5,5,True,5,5,clutter
exact,drop_middle,5,0,0.8275449633598327,rl_true,0,1.0,5,5,True,5,5,clutter
exact,normal,5,0,1.080568355321884,rl_true,0,1.0,5,0,True,0,0,clutter
exact,drop_early,5,0,0.360880246758461,rl_true,0,1.0,5,5,True,5,5,empty
exact,drop_late,5,0,0.8797372460365296,rl_true,0,1.0,5,5,True,5,5,empty
exact,drop_middle,5,0,0.8275449633598327,rl_true,0,1.0,5,5,True,5,5,empty
exact,normal,5,0,1.080568355321884,rl_true,0,1.0,5,0,True,0,0,empty
exact,drop_early,5,0,0.12142174914479256,scripted,0,1.0,5,5,,5,5,clutter
exact,drop_late,5,0,0.09798086881637573,scripted,0,1.0,5,5,,5,5,clutter
exact,drop_middle,5,0,0.09008711203932762,scripted,0,1.0,5,5,,5,5,clutter
exact,normal,5,0,0.1407626360654831,scripted,0,1.0,5,0,,0,0,clutter
exact,drop_early,5,0,0.12142174914479256,scripted,0,1.0,5,5,,5,5,empty
exact,drop_late,5,0,0.09798086881637573,scripted,0,1.0,5,5,,5,5,empty
exact,drop_middle,5,0,0.09008711203932762,scripted,0,1.0,5,5,,5,5,empty
exact,normal,5,0,0.1407626360654831,scripted,0,1.0,5,0,,0,0,empty
