Q,case,final_goal_distance_cm,intervention_triggered,method,model_fallback_steps,obstacle_contact_steps,recovery_placed,regrasped_after_intervention,scenario,seed,task_success,view
empty,drop_early,50.71986389160156,False,jepa_mpc,0,0,False,False,scene_0016_clutter_drop_early,20464021,False,clutter
empty,drop_early,50.71986389160156,False,rl_q,0,0,False,False,scene_0016_clutter_drop_early,20464021,False,clutter
exact,drop_early,0.1408717781305313,True,rl_true,0,0,True,True,scene_0016_clutter_drop_early,20464021,True,clutter
exact,drop_early,0.1856224238872528,True,scripted,0,0,True,True,scene_0016_clutter_drop_early,20464021,True,clutter
mixed,drop_early,50.71986389160156,False,jepa_mpc,1,0,False,False,scene_0016_clutter_drop_early,20464021,False,clutter
mixed,drop_early,39.765106201171875,True,rl_q,0,0,False,True,scene_0016_clutter_drop_early,20464021,False,clutter
empty,drop_late,50.71986389160156,False,jepa_mpc,0,0,False,False,scene_0016_clutter_drop_late,20464021,False,clutter
empty,drop_late,50.71986389160156,False,rl_q,0,0,False,False,scene_0016_clutter_drop_late,20464021,False,clutter
exact,drop_late,0.9673712849617004,True,rl_true,0,0,True,True,scene_0016_clutter_drop_late,20464021,True,clutter
exact,drop_late,0.13873057067394257,True,scripted,0,0,True,True,scene_0016_clutter_drop_late,20464021,True,clutter
mixed,drop_late,50.71986389160156,False,jepa_mpc,1,0,False,False,scene_0016_clutter_drop_late,20464021,False,clutter
mixed,drop_late,7.83920431137085,True,rl_q,0,0,False,True,scene_0016_clutter_drop_late,20464021,False,clutter
empty,drop_middle,50.71986389160156,False,jepa_mpc,0,0,False,False,scene_0016_clutter_drop_middle,20464021,False,clutter
empty,drop_middle,50.71986389160156,False,rl_q,0,0,False,False,scene_0016_clutter_drop_middle,20464021,False,clutter
exact,drop_middle,0.8648009896278381,True,rl_true,0,0,True,True,scene_0016_clutter_drop_middle,20464021,True,clutter
exact,drop_middle,0.1211508959531784,True,scripted,0,0,True,True,scene_0016_clutter_drop_middle,20464021,True,clutter
mixed,drop_middle,50.71986389160156,False,jepa_mpc,1,0,False,False,scene_0016_clutter_drop_middle,20464021,False,clutter
mixed,drop_middle,19.790721893310547,True,rl_q,0,0,False,True,scene_0016_clutter_drop_middle,20464021,False,clutter
empty,normal,50.71986389160156,False,jepa_mpc,0,0,False,False,scene_0016_clutter_normal,20464021,False,clutter
empty,normal,50.71986389160156,False,rl_q,0,0,False,False,scene_0016_clutter_normal,20464021,False,clutter
exact,normal,1.7542603015899658,False,rl_true,0,0,False,False,scene_0016_clutter_normal,20464021,True,clutter
exact,normal,0.18545880913734436,False,scripted,0,0,False,False,scene_0016_clutter_normal,20464021,True,clutter
mixed,normal,50.71986389160156,False,jepa_mpc,1,0,False,False,scene_0016_clutter_normal,20464021,False,clutter
mixed,normal,29.537700653076172,False,rl_q,0,0,False,False,scene_0016_clutter_normal,20464021,False,clutter
empty,drop_early,50.71986389160156,False,jepa_mpc,0,0,False,False,scene_0016_empty_drop_early,20464021,False,empty
empty,drop_early,40.29240417480469,True,rl_q,0,0,False,False,scene_0016_empty_drop_early,20464021,False,empty
exact,drop_early,0.1408717781305313,True,rl_true,0,0,True,True,scene_0016_empty_drop_early,20464021,True,empty
exact,drop_early,0.1856224238872528,True,scripted,0,0,True,True,scene_0016_empty_drop_early,20464021,True,empty
mixed,drop_early,50.71986389160156,False,jepa_mpc,0,0,False,False,scene_0016_empty_drop_early,20464021,False,empty
mixed,drop_early,40.20075607299805,True,rl_q,0,0,False,False,scene_0016_empty_drop_early,20464021,False,empty
empty,drop_late,50.71986389160156,False,jepa_mpc,0,0,False,False,scene_0016_empty_drop_late,20464021,False,empty
empty,drop_late,14.084611892700195,True,rl_q,0,0,False,False,scene_0016_empty_drop_late,20464021,False,empty
exact,drop_late,0.9673712849617004,True,rl_true,0,0,True,True,scene_0016_empty_drop_late,20464021,True,empty
exact,drop_late,0.13873057067394257,True,scripted,0,0,True,True,scene_0016_empty_drop_late,20464021,True,empty
mixed,drop_late,50.71986389160156,False,jepa_mpc,0,0,False,False,scene_0016_empty_drop_late,20464021,False,empty
mixed,drop_late,9.680251121520996,True,rl_q,0,0,False,True,scene_0016_empty_drop_late,20464021,False,empty
empty,drop_middle,50.71986389160156,False,jepa_mpc,0,0,False,False,scene_0016_empty_drop_middle,20464021,False,empty
empty,drop_middle,22.44074249267578,True,rl_q,0,0,False,False,scene_0016_empty_drop_middle,20464021,False,empty
exact,drop_middle,0.8648009896278381,True,rl_true,0,0,True,True,scene_0016_empty_drop_middle,20464021,True,empty
exact,drop_middle,0.1211508959531784,True,scripted,0,0,True,True,scene_0016_empty_drop_middle,20464021,True,empty
mixed,drop_middle,50.71986389160156,False,jepa_mpc,0,0,False,False,scene_0016_empty_drop_middle,20464021,False,empty
mixed,drop_middle,22.271881103515625,True,rl_q,0,0,False,True,scene_0016_empty_drop_middle,20464021,False,empty
empty,normal,50.71986389160156,False,jepa_mpc,0,0,False,False,scene_0016_empty_normal,20464021,False,empty
empty,normal,1.8530570268630981,False,rl_q,0,0,False,False,scene_0016_empty_normal,20464021,True,empty
exact,normal,1.7542603015899658,False,rl_true,0,0,False,False,scene_0016_empty_normal,20464021,True,empty
exact,normal,0.18545880913734436,False,scripted,0,0,False,False,scene_0016_empty_normal,20464021,True,empty
mixed,normal,50.71986389160156,False,jepa_mpc,0,0,False,False,scene_0016_empty_normal,20464021,False,empty
mixed,normal,0.6286376714706421,False,rl_q,0,0,False,False,scene_0016_empty_normal,20464021,True,empty
empty,drop_early,50.841121673583984,False,jepa_mpc,1,0,False,False,scene_0017_clutter_drop_early,20464022,False,clutter
empty,drop_early,51.51496505737305,False,rl_q,0,0,False,False,scene_0017_clutter_drop_early,20464022,False,clutter
exact,drop_early,0.4473133385181427,True,rl_true,0,0,True,True,scene_0017_clutter_drop_early,20464022,True,clutter
exact,drop_early,0.04340863227844238,True,scripted,0,0,True,True,scene_0017_clutter_drop_early,20464022,True,clutter
mixed,drop_early,51.51496505737305,False,jepa_mpc,0,0,False,False,scene_0017_clutter_drop_early,20464022,False,clutter
mixed,drop_early,40.559993743896484,True,rl_q,0,0,False,False,scene_0017_clutter_drop_early,20464022,False,clutter
empty,drop_late,50.841121673583984,False,jepa_mpc,1,0,False,False,scene_0017_clutter_drop_late,20464022,False,clutter
empty,drop_late,51.51496505737305,False,rl_q,0,0,False,False,scene_0017_clutter_drop_late,20464022,False,clutter
exact,drop_late,0.8060584664344788,True,rl_true,0,0,True,True,scene_0017_clutter_drop_late,20464022,True,clutter
exact,drop_late,0.08832687884569168,True,scripted,0,0,True,True,scene_0017_clutter_drop_late,20464022,True,clutter
mixed,drop_late,51.51496505737305,False,jepa_mpc,0,0,False,False,scene_0017_clutter_drop_late,20464022,False,clutter
mixed,drop_late,10.680461883544922,True,rl_q,0,0,False,False,scene_0017_clutter_drop_late,20464022,False,clutter
empty,drop_middle,50.841121673583984,False,jepa_mpc,1,0,False,False,scene_0017_clutter_drop_middle,20464022,False,clutter
empty,drop_middle,51.51496505737305,False,rl_q,0,0,False,False,scene_0017_clutter_drop_middle,20464022,False,clutter
exact,drop_middle,0.250962495803833,True,rl_true,0,0,True,True,scene_0017_clutter_drop_middle,20464022,True,clutter
exact,drop_middle,0.0857471451163292,True,scripted,0,0,True,True,scene_0017_clutter_drop_middle,20464022,True,clutter
mixed,drop_middle,51.51496505737305,False,jepa_mpc,0,0,False,False,scene_0017_clutter_drop_middle,20464022,False,clutter
mixed,drop_middle,22.973360061645508,True,rl_q,0,0,False,False,scene_0017_clutter_drop_middle,20464022,False,clutter
empty,normal,50.841121673583984,False,jepa_mpc,1,0,False,False,scene_0017_clutter_normal,20464022,False,clutter
empty,normal,51.51496505737305,False,rl_q,0,0,False,False,scene_0017_clutter_normal,20464022,False,clutter
exact,normal,0.6502182483673096,False,rl_true,0,0,False,False,scene_0017_clutter_normal,20464022,True,clutter
exact,normal,0.04428885877132416,False,scripted,0,0,False,False,scene_0017_clutter_normal,20464022,True,clutter
mixed,normal,51.51496505737305,False,jepa_mpc,0,0,False,False,scene_0017_clutter_normal,20464022,False,clutter
mixed,normal,8.787163734436035,False,rl_q,0,0,False,False,scene_0017_clutter_normal,20464022,False,clutter
empty,drop_early,51.51496505737305,False,jepa_mpc,0,0,False,False,scene_0017_empty_drop_early,20464022,False,empty
empty,drop_early,41.01866912841797,True,rl_q,0,0,False,False,scene_0017_empty_drop_early,20464022,False,empty
exact,drop_early,0.4473133385181427,True,rl_true,0,0,True,True,scene_0017_empty_drop_early,20464022,True,empty
exact,drop_early,0.04340863227844238,True,scripted,0,0,True,True,scene_0017_empty_drop_early,20464022,True,empty
mixed,drop_early,51.51496505737305,False,jepa_mpc,1,0,False,False,scene_0017_empty_drop_early,20464022,False,empty
mixed,drop_early,40.91586685180664,True,rl_q,0,0,False,False,scene_0017_empty_drop_early,20464022,False,empty
empty,drop_late,51.51496505737305,False,jepa_mpc,0,0,False,False,scene_0017_empty_drop_late,20464022,False,empty
empty,drop_late,8.862597465515137,True,rl_q,0,0,False,True,scene_0017_empty_drop_late,20464022,False,empty
exact,drop_late,0.8060584664344788,True,rl_true,0,0,True,True,scene_0017_empty_drop_late,20464022,True,empty
exact,drop_late,0.08832687884569168,True,scripted,0,0,True,True,scene_0017_empty_drop_late,20464022,True,empty
mixed,drop_late,51.51496505737305,False,jepa_mpc,1,0,False,False,scene_0017_empty_drop_late,20464022,False,empty
mixed,drop_late,10.672603607177734,True,rl_q,0,0,False,False,scene_0017_empty_drop_late,20464022,False,empty
empty,drop_middle,51.51496505737305,False,jepa_mpc,0,0,False,False,scene_0017_empty_drop_middle,20464022,False,empty
empty,drop_middle,21.75119972229004,True,rl_q,0,0,False,False,scene_0017_empty_drop_middle,20464022,False,empty
exact,drop_middle,0.250962495803833,True,rl_true,0,0,True,True,scene_0017_empty_drop_middle,20464022,True,empty
exact,drop_middle,0.0857471451163292,True,scripted,0,0,True,True,scene_0017_empty_drop_middle,20464022,True,empty
mixed,drop_middle,51.51496505737305,False,jepa_mpc,1,0,False,False,scene_0017_empty_drop_middle,20464022,False,empty
mixed,drop_middle,23.166418075561523,True,rl_q,0,0,False,False,scene_0017_empty_drop_middle,20464022,False,empty
empty,normal,51.51496505737305,False,jepa_mpc,0,0,False,False,scene_0017_empty_normal,20464022,False,empty
empty,normal,21.808746337890625,False,rl_q,0,0,False,False,scene_0017_empty_normal,20464022,False,empty
exact,normal,0.6502182483673096,False,rl_true,0,0,False,False,scene_0017_empty_normal,20464022,True,empty
exact,normal,0.04428885877132416,False,scripted,0,0,False,False,scene_0017_empty_normal,20464022,True,empty
mixed,normal,51.51496505737305,False,jepa_mpc,1,0,False,False,scene_0017_empty_normal,20464022,False,empty
mixed,normal,18.394821166992188,False,rl_q,0,0,False,False,scene_0017_empty_normal,20464022,False,empty
empty,drop_early,51.51314163208008,False,jepa_mpc,1,0,False,False,scene_0018_clutter_drop_early,20464023,False,clutter
empty,drop_early,51.51314163208008,False,rl_q,0,0,False,False,scene_0018_clutter_drop_early,20464023,False,clutter
exact,drop_early,0.3769882619380951,True,rl_true,0,0,True,True,scene_0018_clutter_drop_early,20464023,True,clutter
exact,drop_early,0.17497694492340088,True,scripted,0,0,True,True,scene_0018_clutter_drop_early,20464023,True,clutter
mixed,drop_early,51.51314163208008,False,jepa_mpc,0,0,False,False,scene_0018_clutter_drop_early,20464023,False,clutter
mixed,drop_early,51.08781433105469,False,rl_q,0,0,False,False,scene_0018_clutter_drop_early,20464023,False,clutter
empty,drop_late,51.51314163208008,False,jepa_mpc,1,0,False,False,scene_0018_clutter_drop_late,20464023,False,clutter
empty,drop_late,51.51314163208008,False,rl_q,0,0,False,False,scene_0018_clutter_drop_late,20464023,False,clutter
exact,drop_late,0.5032909512519836,True,rl_true,0,0,True,True,scene_0018_clutter_drop_late,20464023,True,clutter
exact,drop_late,0.11498410254716873,True,scripted,0,0,True,True,scene_0018_clutter_drop_late,20464023,True,clutter
mixed,drop_late,51.51314163208008,False,jepa_mpc,0,0,False,False,scene_0018_clutter_drop_late,20464023,False,clutter
mixed,drop_late,51.08781433105469,False,rl_q,0,0,False,False,scene_0018_clutter_drop_late,20464023,False,clutter
empty,drop_middle,51.51314163208008,False,jepa_mpc,1,0,False,False,scene_0018_clutter_drop_middle,20464023,False,clutter
empty,drop_middle,51.51314163208008,False,rl_q,0,0,False,False,scene_0018_clutter_drop_middle,20464023,False,clutter
exact,drop_middle,0.29036110639572144,True,rl_true,0,0,True,True,scene_0018_clutter_drop_middle,20464023,True,clutter
exact,drop_middle,0.10196144133806229,True,scripted,0,0,True,True,scene_0018_clutter_drop_middle,20464023,True,clutter
mixed,drop_middle,51.51314163208008,False,jepa_mpc,0,0,False,False,scene_0018_clutter_drop_middle,20464023,False,clutter
mixed,drop_middle,51.08781433105469,False,rl_q,0,0,False,False,scene_0018_clutter_drop_middle,20464023,False,clutter
empty,normal,51.51314163208008,False,jepa_mpc,1,0,False,False,scene_0018_clutter_normal,20464023,False,clutter
empty,normal,51.51314163208008,False,rl_q,0,0,False,False,scene_0018_clutter_normal,20464023,False,clutter
exact,normal,0.4394030272960663,False,rl_true,0,0,False,False,scene_0018_clutter_normal,20464023,True,clutter
exact,normal,0.15217401087284088,False,scripted,0,0,False,False,scene_0018_clutter_normal,20464023,True,clutter
mixed,normal,51.51314163208008,False,jepa_mpc,0,0,False,False,scene_0018_clutter_normal,20464023,False,clutter
mixed,normal,51.08781433105469,False,rl_q,0,0,False,False,scene_0018_clutter_normal,20464023,False,clutter
empty,drop_early,51.51314163208008,False,jepa_mpc,0,0,False,False,scene_0018_empty_drop_early,20464023,False,empty
empty,drop_early,43.21944046020508,True,rl_q,0,0,False,False,scene_0018_empty_drop_early,20464023,False,empty
exact,drop_early,0.3769882619380951,True,rl_true,0,0,True,True,scene_0018_empty_drop_early,20464023,True,empty
exact,drop_early,0.17497694492340088,True,scripted,0,0,True,True,scene_0018_empty_drop_early,20464023,True,empty
mixed,drop_early,51.51314163208008,False,jepa_mpc,1,0,False,False,scene_0018_empty_drop_early,20464023,False,empty
mixed,drop_early,40.15461730957031,True,rl_q,0,0,False,False,scene_0018_empty_drop_early,20464023,False,empty
empty,drop_late,51.51314163208008,False,jepa_mpc,0,0,False,False,scene_0018_empty_drop_late,20464023,False,empty
empty,drop_late,11.562589645385742,True,rl_q,0,0,False,False,scene_0018_empty_drop_late,20464023,False,empty
exact,drop_late,0.5032909512519836,True,rl_true,0,0,True,True,scene_0018_empty_drop_late,20464023,True,empty
exact,drop_late,0.11498410254716873,True,scripted,0,0,True,True,scene_0018_empty_drop_late,20464023,True,empty
mixed,drop_late,51.51314163208008,False,jepa_mpc,1,0,False,False,scene_0018_empty_drop_late,20464023,False,empty
mixed,drop_late,8.94736099243164,True,rl_q,0,0,False,False,scene_0018_empty_drop_late,20464023,False,empty
empty,drop_middle,51.51314163208008,False,jepa_mpc,0,0,False,False,scene_0018_empty_drop_middle,20464023,False,empty
empty,drop_middle,25.575464248657227,True,rl_q,0,0,False,False,scene_0018_empty_drop_middle,20464023,False,empty
exact,drop_middle,0.29036110639572144,True,rl_true,0,0,True,True,scene_0018_empty_drop_middle,20464023,True,empty
exact,drop_middle,0.10196144133806229,True,scripted,0,0,True,True,scene_0018_empty_drop_middle,20464023,True,empty
mixed,drop_middle,51.51314163208008,False,jepa_mpc,1,0,False,False,scene_0018_empty_drop_middle,20464023,False,empty
mixed,drop_middle,22.692012786865234,True,rl_q,0,0,False,False,scene_0018_empty_drop_middle,20464023,False,empty
empty,normal,51.51314163208008,False,jepa_mpc,0,0,False,False,scene_0018_empty_normal,20464023,False,empty
empty,normal,23.845041275024414,False,rl_q,0,0,False,False,scene_0018_empty_normal,20464023,False,empty
exact,normal,0.4394030272960663,False,rl_true,0,0,False,False,scene_0018_empty_normal,20464023,True,empty
exact,normal,0.15217401087284088,False,scripted,0,0,False,False,scene_0018_empty_normal,20464023,True,empty
mixed,normal,51.51314163208008,False,jepa_mpc,1,0,False,False,scene_0018_empty_normal,20464023,False,empty
mixed,normal,13.656181335449219,False,rl_q,0,0,False,False,scene_0018_empty_normal,20464023,False,empty
empty,drop_early,49.85906219482422,False,jepa_mpc,0,0,False,False,scene_0019_clutter_drop_early,20464024,False,clutter
empty,drop_early,49.840999603271484,False,rl_q,0,0,False,False,scene_0019_clutter_drop_early,20464024,False,clutter
exact,drop_early,0.36120057106018066,True,rl_true,0,0,True,True,scene_0019_clutter_drop_early,20464024,True,clutter
exact,drop_early,0.1651829481124878,True,scripted,0,0,True,True,scene_0019_clutter_drop_early,20464024,True,clutter
mixed,drop_early,49.846195220947266,False,jepa_mpc,0,0,False,False,scene_0019_clutter_drop_early,20464024,False,clutter
mixed,drop_early,39.2259407043457,True,rl_q,0,0,False,False,scene_0019_clutter_drop_early,20464024,False,clutter
empty,drop_late,49.85906219482422,False,jepa_mpc,0,0,False,False,scene_0019_clutter_drop_late,20464024,False,clutter
empty,drop_late,49.840999603271484,False,rl_q,0,0,False,False,scene_0019_clutter_drop_late,20464024,False,clutter
exact,drop_late,1.0902478694915771,True,rl_true,0,0,True,True,scene_0019_clutter_drop_late,20464024,True,clutter
exact,drop_late,0.0865735113620758,True,scripted,0,0,True,True,scene_0019_clutter_drop_late,20464024,True,clutter
mixed,drop_late,49.846195220947266,False,jepa_mpc,0,0,False,False,scene_0019_clutter_drop_late,20464024,False,clutter
mixed,drop_late,8.732357025146484,True,rl_q,0,0,False,True,scene_0019_clutter_drop_late,20464024,False,clutter
empty,drop_middle,49.85906219482422,False,jepa_mpc,0,0,False,False,scene_0019_clutter_drop_middle,20464024,False,clutter
empty,drop_middle,49.840999603271484,False,rl_q,0,0,False,False,scene_0019_clutter_drop_middle,20464024,False,clutter
exact,drop_middle,0.16116493940353394,True,rl_true,0,0,True,True,scene_0019_clutter_drop_middle,20464024,True,clutter
exact,drop_middle,0.11580780893564224,True,scripted,0,0,True,True,scene_0019_clutter_drop_middle,20464024,True,clutter
mixed,drop_middle,49.846195220947266,False,jepa_mpc,0,0,False,False,scene_0019_clutter_drop_middle,20464024,False,clutter
mixed,drop_middle,20.955942153930664,True,rl_q,0,0,False,False,scene_0019_clutter_drop_middle,20464024,False,clutter
empty,normal,49.85906219482422,False,jepa_mpc,0,0,False,False,scene_0019_clutter_normal,20464024,False,clutter
empty,normal,49.840999603271484,False,rl_q,0,0,False,False,scene_0019_clutter_normal,20464024,False,clutter
exact,normal,1.5498106479644775,False,rl_true,0,0,False,False,scene_0019_clutter_normal,20464024,True,clutter
exact,normal,0.14763180911540985,False,scripted,0,0,False,False,scene_0019_clutter_normal,20464024,True,clutter
mixed,normal,49.846195220947266,False,jepa_mpc,0,0,False,False,scene_0019_clutter_normal,20464024,False,clutter
mixed,normal,16.349502563476562,False,rl_q,0,0,False,False,scene_0019_clutter_normal,20464024,False,clutter
empty,drop_early,49.840999603271484,False,jepa_mpc,0,0,False,False,scene_0019_empty_drop_early,20464024,False,empty
empty,drop_early,22.27532196044922,True,rl_q,0,0,False,True,scene_0019_empty_drop_early,20464024,False,empty
exact,drop_early,0.36120057106018066,True,rl_true,0,0,True,True,scene_0019_empty_drop_early,20464024,True,empty
exact,drop_early,0.1651829481124878,True,scripted,0,0,True,True,scene_0019_empty_drop_early,20464024,True,empty
mixed,drop_early,49.840999603271484,False,jepa_mpc,0,0,False,False,scene_0019_empty_drop_early,20464024,False,empty
mixed,drop_early,38.32863998413086,True,rl_q,0,0,False,False,scene_0019_empty_drop_early,20464024,False,empty
empty,drop_late,49.840999603271484,False,jepa_mpc,0,0,False,False,scene_0019_empty_drop_late,20464024,False,empty
empty,drop_late,7.037359237670898,True,rl_q,0,0,False,True,scene_0019_empty_drop_late,20464024,False,empty
exact,drop_late,1.0902478694915771,True,rl_true,0,0,True,True,scene_0019_empty_drop_late,20464024,True,empty
exact,drop_late,0.0865735113620758,True,scripted,0,0,True,True,scene_0019_empty_drop_late,20464024,True,empty
mixed,drop_late,49.840999603271484,False,jepa_mpc,0,0,False,False,scene_0019_empty_drop_late,20464024,False,empty
mixed,drop_late,8.936328887939453,True,rl_q,0,0,False,False,scene_0019_empty_drop_late,20464024,False,empty
empty,drop_middle,49.840999603271484,False,jepa_mpc,0,0,False,False,scene_0019_empty_drop_middle,20464024,False,empty
empty,drop_middle,5.800061225891113,True,rl_q,0,0,True,True,scene_0019_empty_drop_middle,20464024,True,empty
exact,drop_middle,0.16116493940353394,True,rl_true,0,0,True,True,scene_0019_empty_drop_middle,20464024,True,empty
exact,drop_middle,0.11580780893564224,True,scripted,0,0,True,True,scene_0019_empty_drop_middle,20464024,True,empty
mixed,drop_middle,49.840999603271484,False,jepa_mpc,0,0,False,False,scene_0019_empty_drop_middle,20464024,False,empty
mixed,drop_middle,21.5378360748291,True,rl_q,0,0,False,False,scene_0019_empty_drop_middle,20464024,False,empty
empty,normal,49.840999603271484,False,jepa_mpc,0,0,False,False,scene_0019_empty_normal,20464024,False,empty
empty,normal,23.927108764648438,False,rl_q,0,0,False,False,scene_0019_empty_normal,20464024,False,empty
exact,normal,1.5498106479644775,False,rl_true,0,0,False,False,scene_0019_empty_normal,20464024,True,empty
exact,normal,0.14763180911540985,False,scripted,0,0,False,False,scene_0019_empty_normal,20464024,True,empty
mixed,normal,49.840999603271484,False,jepa_mpc,0,0,False,False,scene_0019_empty_normal,20464024,False,empty
mixed,normal,3.096822500228882,False,rl_q,0,0,False,False,scene_0019_empty_normal,20464024,True,empty
empty,drop_early,50.46946334838867,False,jepa_mpc,9,0,False,False,scene_0020_clutter_drop_early,20464025,False,clutter
empty,drop_early,50.46946334838867,False,rl_q,0,0,False,False,scene_0020_clutter_drop_early,20464025,False,clutter
exact,drop_early,0.4780272841453552,True,rl_true,0,0,True,True,scene_0020_clutter_drop_early,20464025,True,clutter
exact,drop_early,0.03791779652237892,True,scripted,0,0,True,True,scene_0020_clutter_drop_early,20464025,True,clutter
mixed,drop_early,50.51429748535156,False,jepa_mpc,0,0,False,False,scene_0020_clutter_drop_early,20464025,False,clutter
mixed,drop_early,50.46878433227539,False,rl_q,0,0,False,False,scene_0020_clutter_drop_early,20464025,False,clutter
empty,drop_late,50.46946334838867,False,jepa_mpc,9,0,False,False,scene_0020_clutter_drop_late,20464025,False,clutter
empty,drop_late,50.46946334838867,False,rl_q,0,0,False,False,scene_0020_clutter_drop_late,20464025,False,clutter
exact,drop_late,1.0317176580429077,True,rl_true,0,0,True,True,scene_0020_clutter_drop_late,20464025,True,clutter
exact,drop_late,0.06128928065299988,True,scripted,0,0,True,True,scene_0020_clutter_drop_late,20464025,True,clutter
mixed,drop_late,50.51429748535156,False,jepa_mpc,0,0,False,False,scene_0020_clutter_drop_late,20464025,False,clutter
mixed,drop_late,50.46878433227539,False,rl_q,0,0,False,False,scene_0020_clutter_drop_late,20464025,False,clutter
empty,drop_middle,50.46946334838867,False,jepa_mpc,9,0,False,False,scene_0020_clutter_drop_middle,20464025,False,clutter
empty,drop_middle,50.46946334838867,False,rl_q,0,0,False,False,scene_0020_clutter_drop_middle,20464025,False,clutter
exact,drop_middle,2.5704352855682373,True,rl_true,0,0,True,True,scene_0020_clutter_drop_middle,20464025,True,clutter
exact,drop_middle,0.02576826885342598,True,scripted,0,0,True,True,scene_0020_clutter_drop_middle,20464025,True,clutter
mixed,drop_middle,50.51429748535156,False,jepa_mpc,0,0,False,False,scene_0020_clutter_drop_middle,20464025,False,clutter
mixed,drop_middle,50.46878433227539,False,rl_q,0,0,False,False,scene_0020_clutter_drop_middle,20464025,False,clutter
empty,normal,50.46946334838867,False,jepa_mpc,9,0,False,False,scene_0020_clutter_normal,20464025,False,clutter
empty,normal,50.46946334838867,False,rl_q,0,0,False,False,scene_0020_clutter_normal,20464025,False,clutter
exact,normal,1.0091495513916016,False,rl_true,0,0,False,False,scene_0020_clutter_normal,20464025,True,clutter
exact,normal,0.17425969243049622,False,scripted,0,0,False,False,scene_0020_clutter_normal,20464025,True,clutter
mixed,normal,50.51429748535156,False,jepa_mpc,0,0,False,False,scene_0020_clutter_normal,20464025,False,clutter
mixed,normal,50.46878433227539,False,rl_q,0,0,False,False,scene_0020_clutter_normal,20464025,False,clutter
empty,drop_early,50.46946334838867,False,jepa_mpc,0,0,False,False,scene_0020_empty_drop_early,20464025,False,empty
empty,drop_early,50.592159271240234,False,rl_q,0,0,False,False,scene_0020_empty_drop_early,20464025,False,empty
exact,drop_early,0.4780272841453552,True,rl_true,0,0,True,True,scene_0020_empty_drop_early,20464025,True,empty
exact,drop_early,0.03791779652237892,True,scripted,0,0,True,True,scene_0020_empty_drop_early,20464025,True,empty
mixed,drop_early,50.576602935791016,False,jepa_mpc,1,0,False,False,scene_0020_empty_drop_early,20464025,False,empty
mixed,drop_early,50.46946334838867,False,rl_q,0,0,False,False,scene_0020_empty_drop_early,20464025,False,empty
empty,drop_late,50.46946334838867,False,jepa_mpc,0,0,False,False,scene_0020_empty_drop_late,20464025,False,empty
empty,drop_late,50.592159271240234,False,rl_q,0,0,False,False,scene_0020_empty_drop_late,20464025,False,empty
exact,drop_late,1.0317176580429077,True,rl_true,0,0,True,True,scene_0020_empty_drop_late,20464025,True,empty
exact,drop_late,0.06128928065299988,True,scripted,0,0,True,True,scene_0020_empty_drop_late,20464025,True,empty
mixed,drop_late,50.576602935791016,False,jepa_mpc,1,0,False,False,scene_0020_empty_drop_late,20464025,False,empty
mixed,drop_late,50.46946334838867,False,rl_q,0,0,False,False,scene_0020_empty_drop_late,20464025,False,empty
empty,drop_middle,50.46946334838867,False,jepa_mpc,0,0,False,False,scene_0020_empty_drop_middle,20464025,False,empty
empty,drop_middle,50.592159271240234,False,rl_q,0,0,False,False,scene_0020_empty_drop_middle,20464025,False,empty
exact,drop_middle,2.5704352855682373,True,rl_true,0,0,True,True,scene_0020_empty_drop_middle,20464025,True,empty
exact,drop_middle,0.02576826885342598,True,scripted,0,0,True,True,scene_0020_empty_drop_middle,20464025,True,empty
mixed,drop_middle,50.576602935791016,False,jepa_mpc,1,0,False,False,scene_0020_empty_drop_middle,20464025,False,empty
mixed,drop_middle,50.46946334838867,False,rl_q,0,0,False,False,scene_0020_empty_drop_middle,20464025,False,empty
empty,normal,50.46946334838867,False,jepa_mpc,0,0,False,False,scene_0020_empty_normal,20464025,False,empty
empty,normal,50.592159271240234,False,rl_q,0,0,False,False,scene_0020_empty_normal,20464025,False,empty
exact,normal,1.0091495513916016,False,rl_true,0,0,False,False,scene_0020_empty_normal,20464025,True,empty
exact,normal,0.17425969243049622,False,scripted,0,0,False,False,scene_0020_empty_normal,20464025,True,empty
mixed,normal,50.576602935791016,False,jepa_mpc,1,0,False,False,scene_0020_empty_normal,20464025,False,empty
mixed,normal,50.46946334838867,False,rl_q,0,0,False,False,scene_0020_empty_normal,20464025,False,empty
