D_Q_effect_mae_cm,D_Q_grasp_accuracy,D_Q_grasp_brier,D_Q_grasp_f1,D_Q_grasp_precision,D_Q_grasp_recall,D_Q_height_mae_cm,D_Q_height_mae_when_held_cm,D_Q_height_mae_when_not_held_cm,D_Q_n,D_Q_negative_labels,D_Q_positive_labels,D_Q_xyz_mae_cm,D_end_effector_xyz_mae_cm,D_p_mse,D_z_mse,all_pairs,best_epoch,best_validation_loss,constant_z_grasp_accuracy,constant_z_grasp_brier,constant_z_grasp_f1,constant_z_grasp_precision,constant_z_grasp_recall,constant_z_height_mae_cm,constant_z_height_mae_when_held_cm,constant_z_height_mae_when_not_held_cm,constant_z_n,constant_z_negative_labels,constant_z_positive_labels,constant_z_xyz_mae_cm,eligibility,eligible_pairs,fraction_rollouts_D_beats_persistence_z,grasp_accuracy,grasp_brier,grasp_f1,grasp_precision,grasp_recall,height_effect_mae_cm,height_mae_cm,height_mae_when_held_cm,height_mae_when_not_held_cm,horizon,matched_beats_swapped_fraction,model,n,negative_labels,no_vision_effect_mae_cm,persistence_p_mse,persistence_z_mse,positive_labels,q_interpretation_gate,q_validation_gate,scene_groups,seed,split,test,xyz_effect_l2_mae_cm,xyz_mae_cm
,,,,,,,,,,,,,,,,,1,0.18374227340392174,,,,,,,,,,,,,,,,,,,,,,,,,,,,,,,,,,,,,0,val,training_readout,,
,,,,,,,,,,,,,,,,,2,0.47191223748459304,,,,,,,,,,,,,,,,,,,,,,,,,,,,,,,,,,,,,0,val,training_readout_p,,
,,,,,,,,,,,,,,,,,7,0.12040328050869098,,,,,,,,,,,,,,,,,,,,,,,,,,,,,,,,,,,,,0,val,training_dynamics,,
,,,,,,,,,,,,,,,,,25,1.051996736559603,,,,,,,,,,,,,,,,,,,,,,,,,,,,,,,,,,,,,0,val,training_no_vision,,
,,,,,,,,,,,,,,,,,,,,,,,,,,,,,,,,,,0.9528236914600551,0.03660337254405022,0.8382526564344747,0.8700980392156863,0.8086560364464692,,0.33817291259765625,0.9654691219329834,0.2264556884765625,,,,2904,2465,,,,439,,True,,0,val,readout,,"[0.6387849450111389, 0.6621030569076538, 0.33817267417907715]"
,,,,,,,,,,,,,,,,,,,,,,,,,,,,,,,,,,0.9369834710743802,0.04207290709018707,0.7879490150637312,0.8018867924528302,0.7744874715261959,,0.3724738359451294,1.017699122428894,0.2575635612010956,,,,2904,2465,,,,439,,True,,0,val,readout_p,,"[1.8219316005706787, 2.663828134536743, 0.37247374653816223]"
,1.0,4.391987715735013e-07,0.0,0.0,0.0,0.09266659617424011,,0.09266659617424011,96,96,0,"[0.4751717150211334, 0.7007705569267273, 0.09266659617424011]","[0.06664593517780304, 0.04986415430903435, 0.0771949514746666]",0.0070015092205721885,0.06003473342085878,,,,1.0,9.351928298428902e-08,0.0,0.0,0.0,0.11546438187360764,,0.11546438187360764,96,96,0,"[0.4951019287109375, 0.6694391369819641, 0.11546438187360764]",,,0.875,,,,,,,,,,1,,,,,,0.14641693777715167,0.08057020263125499,,True,,12,0,val,persistence,,
,0.8229166666666666,0.12925559282302856,0.26086956521739135,0.375,0.2,0.21197915077209473,0.3941774368286133,0.17823871970176697,96,81,15,"[0.6208207607269287, 0.7047483921051025, 0.21197915077209473]","[0.06364826112985611, 0.09556549787521362, 0.2475973516702652]",0.015182609307278957,0.11482999508734792,,,,0.84375,0.15588246285915375,0.0,0.0,0.0,0.10272475332021713,0.11070609092712402,0.10124672949314117,96,81,15,"[0.4976434111595154, 0.66105055809021, 0.10272475332021713]",,,1.0,,,,,,,,,,8,,,,,,0.6987887878591815,0.44653185550123453,,True,,12,0,val,persistence,,
,0.8645833333333334,0.1113191545009613,0.6486486486486486,0.75,0.5714285714285714,0.3437725901603699,0.6038733720779419,0.27094435691833496,96,75,21,"[0.6436636447906494, 0.7274514436721802, 0.3437725901603699]","[0.10345231741666794, 0.10460560768842697, 0.4183986186981201]",0.023093023514472105,0.165652878737698,,,,0.78125,0.21754252910614014,0.0,0.0,0.0,0.4225885570049286,1.4862282276153564,0.12476944923400879,96,75,21,"[0.5838959217071533, 0.63968425989151, 0.4225885570049286]",,,1.0,,,,,,,,,,16,,,,,,1.4141125849758585,0.9053602311760187,,True,,12,0,val,persistence,,
,0.8958333333333334,0.08282330632209778,0.4444444444444445,1.0,0.2857142857142857,2.0932977199554443,10.553191184997559,0.64892578125,96,82,14,"[0.9072291851043701, 0.8866549730300903, 2.0932984352111816]","[0.28613510727882385, 0.2949979603290558, 0.7931764125823975]",0.06320925904825951,0.2748274675880869,,,,0.8541666666666666,0.14558707177639008,0.0,0.0,0.0,2.4180686473846436,16.039777755737305,0.0924103856086731,96,82,14,"[0.5859071612358093, 0.7426780462265015, 2.4180686473846436]",,,1.0,,,,,,,,,,30,,,,,,1.5629336329487462,1.8051046431064606,,True,,12,0,val,persistence,,
,,,,,,,,,,,,,,,,24,,,,,,,,,,,,,,,,7,,,,,,,12.08780152457101,,,,30,1.0,,,,,,,,True,,12,0,val,action,,
,,,,,,,,,,,,,,,,48,,,,,,,,,,,,,,,real xyz separation >= 2.0 cm,8,,,,,,,,,,,30,1.0,,,,,,,,True,,12,0,val,additional_actions,9.34546783566475,
,,,,,,,,,,,,,,,,,,,,,,,,,,,,,,,,,,0.8958333333333334,0.08282330632209778,0.4444444444444445,1.0,0.2857142857142857,,2.0932977199554443,10.553191184997559,0.64892578125,30,,D_Q,96,82,,,,14,True,,12,0,val,no-vision,,"[0.9072291851043701, 0.8866549730300903, 2.0932984352111816]"
,,,,,,,,,,,,,,,,,,,,,,,,,,,,,,,,,,0.8541666666666666,0.09800055623054504,0.4615384615384615,0.5,0.42857142857142855,,3.1946640014648438,9.989828109741211,2.0345139503479004,30,,no_vision_sequence_baseline,96,82,,,,14,True,,12,0,val,no-vision,,"[2.1435375213623047, 3.7068750858306885, 3.1946637630462646]"
,,,,,,,,,,,,,,,,,,,,,,,,,,,,,,,,,,0.9895833333333334,0.005946770776063204,0.9655172413793104,0.9333333333333333,1.0,,0.6830280423164368,1.6238898038864136,0.5223931074142456,30,,Q_on_real_future,96,82,,,,14,True,,12,0,val,no-vision,,"[0.7234224677085876, 0.6439322829246521, 0.6830280423164368]"
,,,,,,,,,,,,,,,,,,,,,,,,,,,,,,,,,,1.0,0.0011987180914729834,1.0,1.0,1.0,,0.8282271027565002,3.3752505779266357,0.3933694362640381,30,,Q_p_on_measured_future_p,96,82,,,,14,True,,12,0,val,no-vision,,"[1.9393407106399536, 2.5992236137390137, 0.8282271027565002]"
14.427982012430826,,,,,,,,,,,,,,,,48,,,,,,,,,,,,,,,,6,,,,,,,,,,,30,,,,,15.40521796544393,,,,True,,12,0,val,positions,,
,1.0,2.877579208870884e-05,0.0,0.0,0.0,0.10580594092607498,,0.10580594092607498,96,96,0,"[0.7814071178436279, 0.9622653126716614, 0.10580594092607498]","[0.06975772976875305, 0.059299420565366745, 0.08055371046066284]",0.011553993055713363,0.06949972563112776,,,,1.0,6.33487934464938e-06,0.0,0.0,0.0,0.10561322420835495,,0.10561322420835495,96,96,0,"[0.7401069402694702, 0.9906598329544067, 0.10561322420835495]",,,0.8333333333333334,,,,,,,,,,1,,,,,,0.15964559217294058,0.09608720087756713,,False,,12,0,test,persistence,,
,0.8333333333333334,0.13680751621723175,0.6923076923076923,0.5806451612903226,0.8571428571428571,0.20852766931056976,0.16533306241035461,0.22062215209007263,96,75,21,"[0.6921107172966003, 0.8121050000190735, 0.20852766931056976]","[0.10787453502416611, 0.14348004758358002, 0.3745030164718628]",0.028677543574303854,0.1347242156819751,,,,0.78125,0.2183815836906433,0.0,0.0,0.0,0.11683938652276993,0.06784967333078384,0.13055649399757385,96,75,21,"[0.7974683046340942, 0.9077474474906921, 0.11683938652276993]",,,1.0,,,,,,,,,,8,,,,,,0.8184906990888218,0.42786990695943433,,False,,12,0,test,persistence,,
,0.84375,0.15539255738258362,0.761904761904762,0.8888888888888888,0.6666666666666666,0.5193138718605042,1.0099440813064575,0.22493579983711243,96,60,36,"[0.647989809513092, 0.8316870927810669, 0.5193138718605042]","[0.09305479377508163, 0.16876810789108276, 0.5026245713233948]",0.042916222538527414,0.20703797577880323,,,,0.625,0.35738420486450195,0.0,0.0,0.0,0.7386223077774048,1.712509036064148,0.1542903035879135,96,60,36,"[0.8769842982292175, 0.9024564027786255, 0.7386223077774048]",,,1.0,,,,,,,,,,16,,,,,,1.549182839691639,0.8351766175280014,,False,,12,0,test,persistence,,
,0.8333333333333334,0.1530326008796692,0.5555555555555556,0.8333333333333334,0.4166666666666667,3.470755100250244,10.752949714660645,1.0433565378189087,96,72,24,"[1.1538256406784058, 1.0237524509429932, 3.4707558155059814]","[0.27056461572647095, 0.30335766077041626, 0.661373496055603]",0.04815132792767448,0.3772791715649267,,,,0.75,0.24754340946674347,0.0,0.0,0.0,4.286365032196045,16.811275482177734,0.11139453947544098,96,72,24,"[1.2051829099655151, 1.1154768466949463, 4.286365032196045]",,,1.0,,,,,,,,,,30,,,,,,1.6783766018537183,1.85062546407183,,False,,12,0,test,persistence,,
,,,,,,,,,,,,,,,,24,,,,,,,,,,,,,,,,12,,,,,,,12.10483201344808,,,,30,1.0,,,,,,,,False,,12,0,test,action,,
,,,,,,,,,,,,,,,,48,,,,,,,,,,,,,,,real xyz separation >= 2.0 cm,19,,,,,,,,,,,30,0.8947368421052632,,,,,,,,False,,12,0,test,additional_actions,7.891426412682784,
,,,,,,,,,,,,,,,,,,,,,,,,,,,,,,,,,,0.8333333333333334,0.1530326008796692,0.5555555555555556,0.8333333333333334,0.4166666666666667,,3.470755100250244,10.752949714660645,1.0433565378189087,30,,D_Q,96,72,,,,24,False,,12,0,test,no-vision,,"[1.1538256406784058, 1.0237524509429932, 3.4707558155059814]"
,,,,,,,,,,,,,,,,,,,,,,,,,,,,,,,,,,0.75,0.14320924878120422,0.25,0.5,0.16666666666666666,,4.069533348083496,10.497554779052734,1.9268596172332764,30,,no_vision_sequence_baseline,96,72,,,,24,False,,12,0,test,no-vision,,"[3.793853521347046, 3.7431490421295166, 4.0695343017578125]"
,,,,,,,,,,,,,,,,,,,,,,,,,,,,,,,,,,0.9895833333333334,0.013030712492763996,0.9795918367346939,0.96,1.0,,1.4032607078552246,2.7173712253570557,0.9652238488197327,30,,Q_on_real_future,96,72,,,,24,False,,12,0,test,no-vision,,"[1.1091430187225342, 0.841442883014679, 1.4032609462738037]"
,,,,,,,,,,,,,,,,,,,,,,,,,,,,,,,,,,1.0,0.0019808763172477484,1.0,1.0,1.0,,1.0866508483886719,2.9412741661071777,0.46844300627708435,30,,Q_p_on_measured_future_p,96,72,,,,24,False,,12,0,test,no-vision,,"[2.2893729209899902, 2.8092687129974365, 1.0866508483886719]"
14.28311448097229,,,,,,,,,,,,,,,,48,,,,,,,,,,,,,,,,20,,,,,,,,,,,30,,,,,16.938282775878907,,,,False,,12,0,test,positions,,
,,,,,,,,,,,,,,,,,1,0.17885687017490057,,,,,,,,,,,,,,,,,,,,,,,,,,,,,,,,,,,,,1,val,training_readout,,
,,,,,,,,,,,,,,,,,4,0.4590967401000094,,,,,,,,,,,,,,,,,,,,,,,,,,,,,,,,,,,,,1,val,training_readout_p,,
,,,,,,,,,,,,,,,,,6,0.11878180395865785,,,,,,,,,,,,,,,,,,,,,,,,,,,,,,,,,,,,,1,val,training_dynamics,,
,,,,,,,,,,,,,,,,,38,1.0087916105985641,,,,,,,,,,,,,,,,,,,,,,,,,,,,,,,,,,,,,1,val,training_no_vision,,
,,,,,,,,,,,,,,,,,,,,,,,,,,,,,,,,,,0.9576446280991735,0.03336084261536598,0.8512696493349456,0.9072164948453608,0.8018223234624146,,0.3398979902267456,0.939102292060852,0.23318372666835785,,,,2904,2465,,,,439,,True,,1,val,readout,,"[0.6428655982017517, 0.819911539554596, 0.3398979604244232]"
,,,,,,,,,,,,,,,,,,,,,,,,,,,,,,,,,,0.9566115702479339,0.03166212514042854,0.8665254237288135,0.80990099009901,0.9316628701594533,,0.29673847556114197,1.0096036195755005,0.16978198289871216,,,,2904,2465,,,,439,,True,,1,val,readout_p,,"[2.0833640098571777, 2.8291707038879395, 0.29673829674720764]"
,1.0,1.4082515065183543e-07,0.0,0.0,0.0,0.09728346765041351,,0.09728346765041351,96,96,0,"[0.46898820996284485, 0.6351184248924255, 0.09728346765041351]","[0.052768003195524216, 0.033586736768484116, 0.06886622309684753]",0.0106273785737964,0.05825169042994579,,,,1.0,1.36591225441407e-07,0.0,0.0,0.0,0.09173129498958588,,0.09173129498958588,96,96,0,"[0.4833412766456604, 0.6519814729690552, 0.09173129498958588]",,,0.9166666666666666,,,,,,,,,,1,,,,,,0.14641693777715167,0.08057020263125499,,True,,12,1,val,persistence,,
,0.84375,0.1195831373333931,0.0,0.0,0.0,0.21126560866832733,0.41698935627937317,0.17316864430904388,96,81,15,"[0.5357014536857605, 0.7003016471862793, 0.21126560866832733]","[0.1052207350730896, 0.06566894799470901, 0.20258241891860962]",0.015466836311437268,0.10805113916285336,,,,0.84375,0.15600977838039398,0.0,0.0,0.0,0.09804734587669373,0.15841364860534668,0.08686839789152145,96,81,15,"[0.5197818875312805, 0.6854903697967529, 0.09804734587669373]",,,1.0,,,,,,,,,,8,,,,,,0.6987887878591815,0.44653185550123453,,True,,12,1,val,persistence,,
,0.8125,0.13340534269809723,0.4,0.6666666666666666,0.2857142857142857,0.3433205187320709,0.7454982995986938,0.23071074485778809,96,75,21,"[0.7006188631057739, 0.7553547620773315, 0.3433205187320709]","[0.1138361319899559, 0.14045722782611847, 0.2815268337726593]",0.01881156173355218,0.1633922141045332,,,,0.78125,0.2182411551475525,0.0,0.0,0.0,0.40514153242111206,1.406822919845581,0.12467073649168015,96,75,21,"[0.6821752786636353, 0.6508076190948486, 0.40514153242111206]",,,1.0,,,,,,,,,,16,,,,,,1.4141125849758585,0.9053602311760187,,True,,12,1,val,persistence,,
,0.8541666666666666,0.12349074333906174,0.125,0.5,0.07142857142857142,2.3046181201934814,11.066896438598633,0.8086192607879639,96,82,14,"[0.8759706020355225, 1.0530509948730469, 2.3046185970306396]","[0.2925613224506378, 0.38670042157173157, 0.8506157398223877]",0.03856407879599525,0.2964933543310811,,,,0.8541666666666666,0.14569751918315887,0.0,0.0,0.0,2.410935640335083,16.018770217895508,0.0876469612121582,96,82,14,"[0.6471166610717773, 0.7006473541259766, 2.410936117172241]",,,1.0,,,,,,,,,,30,,,,,,1.5629336329487462,1.8051046431064606,,True,,12,1,val,persistence,,
,,,,,,,,,,,,,,,,24,,,,,,,,,,,,,,,,7,,,,,,,12.262094906398229,,,,30,1.0,,,,,,,,True,,12,1,val,action,,
,,,,,,,,,,,,,,,,48,,,,,,,,,,,,,,,real xyz separation >= 2.0 cm,8,,,,,,,,,,,30,1.0,,,,,,,,True,,12,1,val,additional_actions,10.10591647028923,
,,,,,,,,,,,,,,,,,,,,,,,,,,,,,,,,,,0.8541666666666666,0.12349074333906174,0.125,0.5,0.07142857142857142,,2.3046181201934814,11.066896438598633,0.8086192607879639,30,,D_Q,96,82,,,,14,True,,12,1,val,no-vision,,"[0.8759706020355225, 1.0530509948730469, 2.3046185970306396]"
,,,,,,,,,,,,,,,,,,,,,,,,,,,,,,,,,,0.8541666666666666,0.10097474604845047,0.4615384615384615,0.5,0.42857142857142855,,3.07450008392334,9.406759262084961,1.9933825731277466,30,,no_vision_sequence_baseline,96,82,,,,14,True,,12,1,val,no-vision,,"[2.1221535205841064, 3.4393560886383057, 3.074500560760498]"
,,,,,,,,,,,,,,,,,,,,,,,,,,,,,,,,,,1.0,9.903521277010441e-05,1.0,1.0,1.0,,0.6530418992042542,1.8926773071289062,0.4413968026638031,30,,Q_on_real_future,96,82,,,,14,True,,12,1,val,no-vision,,"[0.8428765535354614, 1.098646879196167, 0.6530418992042542]"
,,,,,,,,,,,,,,,,,,,,,,,,,,,,,,,,,,1.0,0.0027663984801620245,1.0,1.0,1.0,,0.6671517491340637,2.992196559906006,0.27019286155700684,30,,Q_p_on_measured_future_p,96,82,,,,14,True,,12,1,val,no-vision,,"[2.262576103210449, 2.769082546234131, 0.6671517491340637]"
12.638335545857748,,,,,,,,,,,,,,,,48,,,,,,,,,,,,,,,,6,,,,,,,,,,,30,,,,,15.40521796544393,,,,True,,12,1,val,positions,,
,1.0,7.558790571238205e-07,0.0,0.0,0.0,0.12686973810195923,,0.12686973810195923,96,96,0,"[0.9509810209274292, 0.7911231517791748, 0.12686973810195923]","[0.035879503935575485, 0.02274227701127529, 0.08507668972015381]",0.01148492312252832,0.06829540369411309,,,,1.0,1.0354489177188952e-07,0.0,0.0,0.0,0.11529624462127686,,0.11529624462127686,96,96,0,"[0.8794869184494019, 0.8123136758804321, 0.11529624462127686]",,,0.9166666666666666,,,,,,,,,,1,,,,,,0.15964559217294058,0.09608720087756713,,True,,12,1,test,persistence,,
,0.78125,0.15747015178203583,0.36363636363636365,0.5,0.2857142857142857,0.2585594654083252,0.18927454948425293,0.27795928716659546,96,75,21,"[0.9031421542167664, 0.8012019991874695, 0.2585594654083252]","[0.14140130579471588, 0.10314152389764786, 0.33303579688072205]",0.030324936468484037,0.1412003010045737,,,,0.78125,0.21827541291713715,0.0,0.0,0.0,0.15113502740859985,0.20308834314346313,0.13658809661865234,96,75,21,"[0.9963976144790649, 0.8276609778404236, 0.15113502740859985]",,,1.0,,,,,,,,,,8,,,,,,0.8184906990888218,0.42786990695943433,,True,,12,1,test,persistence,,
,0.71875,0.1952630877494812,0.4,1.0,0.25,0.6175875663757324,1.2265737056732178,0.25219589471817017,96,60,36,"[0.8611820936203003, 0.9014540314674377, 0.6175875663757324]","[0.12514065206050873, 0.17894887924194336, 0.36908411979675293]",0.04344376386628331,0.2210252795678874,,,,0.625,0.37186869978904724,0.0,0.0,0.0,0.6762773990631104,1.5975534915924072,0.12351175397634506,96,60,36,"[1.1668730974197388, 0.8643049001693726, 0.6762773990631104]",,,1.0,,,,,,,,,,16,,,,,,1.549182839691639,0.8351766175280014,,True,,12,1,test,persistence,,
,0.84375,0.1308906078338623,0.5945945945945945,0.8461538461538461,0.4583333333333333,3.4488325119018555,9.83200454711914,1.3211082220077515,96,72,24,"[1.0630779266357422, 1.2590434551239014, 3.4488325119018555]","[0.37293946743011475, 0.42978736758232117, 0.7132818102836609]",0.042941722228230596,0.3759032424228887,,,,0.75,0.2496296912431717,0.0,0.0,0.0,4.265334129333496,16.71504783630371,0.11542952805757523,96,72,24,"[1.416375994682312, 1.003000020980835, 4.26533317565918]",,,1.0,,,,,,,,,,30,,,,,,1.6783766018537183,1.85062546407183,,True,,12,1,test,persistence,,
,,,,,,,,,,,,,,,,24,,,,,,,,,,,,,,,,12,,,,,,,11.423008441925049,,,,30,1.0,,,,,,,,True,,12,1,test,action,,
,,,,,,,,,,,,,,,,48,,,,,,,,,,,,,,,real xyz separation >= 2.0 cm,19,,,,,,,,,,,30,0.9473684210526315,,,,,,,,True,,12,1,test,additional_actions,7.4536992436961125,
,,,,,,,,,,,,,,,,,,,,,,,,,,,,,,,,,,0.84375,0.1308906078338623,0.5945945945945945,0.8461538461538461,0.4583333333333333,,3.4488325119018555,9.83200454711914,1.3211082220077515,30,,D_Q,96,72,,,,24,True,,12,1,test,no-vision,,"[1.0630779266357422, 1.2590434551239014, 3.4488325119018555]"
,,,,,,,,,,,,,,,,,,,,,,,,,,,,,,,,,,0.7916666666666666,0.1225140318274498,0.5,0.625,0.4166666666666667,,4.129048824310303,9.599775314331055,2.305473804473877,30,,no_vision_sequence_baseline,96,72,,,,24,True,,12,1,test,no-vision,,"[3.6487903594970703, 3.365262269973755, 4.129049777984619]"
,,,,,,,,,,,,,,,,,,,,,,,,,,,,,,,,,,1.0,0.002398579614236951,1.0,1.0,1.0,,1.3533114194869995,2.825930595397949,0.8624383211135864,30,,Q_on_real_future,96,72,,,,24,True,,12,1,test,no-vision,,"[1.145133137702942, 1.1209235191345215, 1.3533114194869995]"
,,,,,,,,,,,,,,,,,,,,,,,,,,,,,,,,,,0.9895833333333334,0.005381109192967415,0.9787234042553191,1.0,0.9583333333333334,,0.9975259304046631,2.6495816707611084,0.4468406140804291,30,,Q_p_on_measured_future_p,96,72,,,,24,True,,12,1,test,no-vision,,"[2.399529457092285, 3.333188533782959, 0.9975259304046631]"
13.73586015701294,,,,,,,,,,,,,,,,48,,,,,,,,,,,,,,,,20,,,,,,,,,,,30,,,,,16.938282775878907,,,,True,,12,1,test,positions,,
,,,,,,,,,,,,,,,,,1,0.18644525929669703,,,,,,,,,,,,,,,,,,,,,,,,,,,,,,,,,,,,,2,val,training_readout,,
,,,,,,,,,,,,,,,,,6,0.44396007159524714,,,,,,,,,,,,,,,,,,,,,,,,,,,,,,,,,,,,,2,val,training_readout_p,,
,,,,,,,,,,,,,,,,,6,0.12012415325296098,,,,,,,,,,,,,,,,,,,,,,,,,,,,,,,,,,,,,2,val,training_dynamics,,
,,,,,,,,,,,,,,,,,3,1.0112840712070466,,,,,,,,,,,,,,,,,,,,,,,,,,,,,,,,,,,,,2,val,training_no_vision,,
,,,,,,,,,,,,,,,,,,,,,,,,,,,,,,,,,,0.9387052341597796,0.044061318039894104,0.7769423558897244,0.8635097493036211,0.7061503416856492,,0.3372272551059723,0.8781739473342896,0.24088826775550842,,,,2904,2465,,,,439,,False,,2,val,readout,,"[0.7281515598297119, 0.7782139182090759, 0.337227463722229]"
,,,,,,,,,,,,,,,,,,,,,,,,,,,,,,,,,,0.9607438016528925,0.023385969921946526,0.8701594533029613,0.8701594533029613,0.8701594533029613,,0.2667909860610962,0.8123720288276672,0.1696266233921051,,,,2904,2465,,,,439,,False,,2,val,readout_p,,"[1.968490481376648, 3.1063599586486816, 0.2667917013168335]"
,1.0,2.805971064390178e-07,0.0,0.0,0.0,0.16838288307189941,,0.16838288307189941,96,96,0,"[0.8076329827308655, 0.8269235491752625, 0.16838288307189941]","[0.0369192510843277, 0.05042627826333046, 0.08911541849374771]",0.00953854295463922,0.059446693708499275,,,,1.0,2.1562016172538279e-07,0.0,0.0,0.0,0.16994327306747437,,0.16994327306747437,96,96,0,"[0.7666667699813843, 0.8293006420135498, 0.16994327306747437]",,,0.875,,,,,,,,,,1,,,,,,0.14641693777715167,0.08057020263125499,,False,,12,2,val,persistence,,
,0.84375,0.13335587084293365,0.28571428571428575,0.5,0.2,0.2531856298446655,0.2836036682128906,0.24755266308784485,96,81,15,"[0.6836012005805969, 0.7864649295806885, 0.2531856298446655]","[0.09615430980920792, 0.07656850665807724, 0.2213100790977478]",0.013542991855501896,0.10801623552106321,,,,0.84375,0.15595319867134094,0.0,0.0,0.0,0.18128883838653564,0.22234201431274414,0.17368638515472412,96,81,15,"[0.6961616277694702, 0.8261052966117859, 0.18128883838653564]",,,1.0,,,,,,,,,,8,,,,,,0.6987887878591815,0.44653185550123453,,False,,12,2,val,persistence,,
,0.71875,0.21268676221370697,0.18181818181818182,0.25,0.14285714285714285,0.47503313422203064,1.121251106262207,0.2940920889377594,96,75,21,"[0.7983411550521851, 0.848893940448761, 0.47503313422203064]","[0.09335837513208389, 0.09228825569152832, 0.27623382210731506]",0.018906801065895706,0.16526198154315352,,,,0.78125,0.21833360195159912,0.0,0.0,0.0,0.49607181549072266,1.4960476160049438,0.21607859432697296,96,75,21,"[0.7036224007606506, 0.808430016040802, 0.49607181549072266]",,,1.0,,,,,,,,,,16,,,,,,1.4141125849758585,0.9053602311760187,,False,,12,2,val,persistence,,
,0.8541666666666666,0.1350419819355011,0.0,0.0,0.0,2.203977346420288,12.472545623779297,0.45080679655075073,96,82,14,"[1.0418146848678589, 0.7595800161361694, 2.203977108001709]","[0.27849939465522766, 0.1833479255437851, 0.6829672455787659]",0.04447837950283429,0.2834349724774559,,,,0.8541666666666666,0.14568261802196503,0.0,0.0,0.0,2.505922317504883,16.109107971191406,0.18342719972133636,96,82,14,"[0.6743015050888062, 0.9009601473808289, 2.505922317504883]",,,1.0,,,,,,,,,,30,,,,,,1.5629336329487462,1.8051046431064606,,False,,12,2,val,persistence,,
,,,,,,,,,,,,,,,,24,,,,,,,,,,,,,,,,7,,,,,,,12.789377076285225,,,,30,1.0,,,,,,,,False,,12,2,val,action,,
,,,,,,,,,,,,,,,,48,,,,,,,,,,,,,,,real xyz separation >= 2.0 cm,8,,,,,,,,,,,30,1.0,,,,,,,,False,,12,2,val,additional_actions,11.190526574850082,
,,,,,,,,,,,,,,,,,,,,,,,,,,,,,,,,,,0.8541666666666666,0.1350419819355011,0.0,0.0,0.0,,2.203977346420288,12.472545623779297,0.45080679655075073,30,,D_Q,96,82,,,,14,False,,12,2,val,no-vision,,"[1.0418146848678589, 0.7595800161361694, 2.203977108001709]"
,,,,,,,,,,,,,,,,,,,,,,,,,,,,,,,,,,0.875,0.11048979312181473,0.25,1.0,0.14285714285714285,,2.9480667114257812,12.91935920715332,1.2456507682800293,30,,no_vision_sequence_baseline,96,82,,,,14,False,,12,2,val,no-vision,,"[2.2418715953826904, 3.141345739364624, 2.9480667114257812]"
,,,,,,,,,,,,,,,,,,,,,,,,,,,,,,,,,,1.0,4.6579491026932374e-05,1.0,1.0,1.0,,0.49420133233070374,1.3100271224975586,0.3549140393733978,30,,Q_on_real_future,96,82,,,,14,False,,12,2,val,no-vision,,"[0.8233792185783386, 0.8477770090103149, 0.49420133233070374]"
,,,,,,,,,,,,,,,,,,,,,,,,,,,,,,,,,,1.0,2.544421295169741e-05,1.0,1.0,1.0,,0.5328688621520996,2.167943000793457,0.2537098824977875,30,,Q_p_on_measured_future_p,96,82,,,,14,False,,12,2,val,no-vision,,"[2.1035099029541016, 2.9367165565490723, 0.5328688621520996]"
13.491306781768799,,,,,,,,,,,,,,,,48,,,,,,,,,,,,,,,,6,,,,,,,,,,,30,,,,,15.40521796544393,,,,False,,12,2,val,positions,,
,1.0,2.3520158265455393e-07,0.0,0.0,0.0,0.12409066408872604,,0.12409066408872604,96,96,0,"[0.8389801979064941, 0.8013458251953125, 0.12409066408872604]","[0.03794960305094719, 0.046499550342559814, 0.12782961130142212]",0.01223620004990759,0.06829723281164964,,,,1.0,1.0607880085444776e-07,0.0,0.0,0.0,0.1216108575463295,,0.1216108575463295,96,96,0,"[0.821479320526123, 0.8037675023078918, 0.1216108575463295]",,,0.7916666666666666,,,,,,,,,,1,,,,,,0.15964559217294058,0.09608720087756713,,False,,12,2,test,persistence,,
,0.75,0.18363796174526215,0.0,0.0,0.0,0.22396568953990936,0.20721980929374695,0.22865454852581024,96,75,21,"[0.9898176193237305, 0.7181370258331299, 0.22396568953990936]","[0.11119557172060013, 0.06995261460542679, 0.3112296164035797]",0.029920232995209517,0.13817941506082812,,,,0.78125,0.21842752397060394,0.0,0.0,0.0,0.12776540219783783,0.07043225318193436,0.1438186913728714,96,75,21,"[0.8720128536224365, 0.8067045211791992, 0.12776540219783783]",,,1.0,,,,,,,,,,8,,,,,,0.8184906990888218,0.42786990695943433,,False,,12,2,test,persistence,,
,0.78125,0.16562770307064056,0.5882352941176471,1.0,0.4166666666666667,0.5640941858291626,1.02470064163208,0.28773030638694763,96,60,36,"[1.0253320932388306, 0.7556926608085632, 0.5640941858291626]","[0.10574797540903091, 0.09059607237577438, 0.37276026606559753]",0.04082936473908679,0.21502248283165196,,,,0.625,0.37385034561157227,0.0,0.0,0.0,0.7224995493888855,1.6844415664672852,0.14533430337905884,96,60,36,"[0.9160013198852539, 0.8246713280677795, 0.7224995493888855]",,,1.0,,,,,,,,,,16,,,,,,1.549182839691639,0.8351766175280014,,False,,12,2,test,persistence,,
,0.84375,0.11643996089696884,0.5945945945945945,0.8461538461538461,0.4583333333333333,3.332303524017334,8.69273567199707,1.5454926490783691,96,72,24,"[1.0912948846817017, 1.2555800676345825, 3.332303524017334]","[0.32649174332618713, 0.22260010242462158, 0.6668350696563721]",0.050381612406151056,0.3450230462476611,,,,0.75,0.24965035915374756,0.0,0.0,0.0,4.290750503540039,16.81304359436035,0.11665283143520355,96,72,24,"[1.1341625452041626, 1.005607008934021, 4.290750503540039]",,,1.0,,,,,,,,,,30,,,,,,1.6783766018537183,1.85062546407183,,False,,12,2,test,persistence,,
,,,,,,,,,,,,,,,,24,,,,,,,,,,,,,,,,12,,,,,,,10.596990982691446,,,,30,1.0,,,,,,,,False,,12,2,test,action,,
,,,,,,,,,,,,,,,,48,,,,,,,,,,,,,,,real xyz separation >= 2.0 cm,19,,,,,,,,,,,30,1.0,,,,,,,,False,,12,2,test,additional_actions,6.8256785493148,
,,,,,,,,,,,,,,,,,,,,,,,,,,,,,,,,,,0.84375,0.11643996089696884,0.5945945945945945,0.8461538461538461,0.4583333333333333,,3.332303524017334,8.69273567199707,1.5454926490783691,30,,D_Q,96,72,,,,24,False,,12,2,test,no-vision,,"[1.0912948846817017, 1.2555800676345825, 3.332303524017334]"
,,,,,,,,,,,,,,,,,,,,,,,,,,,,,,,,,,0.75,0.1703912764787674,0.14285714285714285,0.5,0.08333333333333333,,4.104123592376709,11.433859825134277,1.6608781814575195,30,,no_vision_sequence_baseline,96,72,,,,24,False,,12,2,test,no-vision,,"[3.067106008529663, 3.152686834335327, 4.104123115539551]"
,,,,,,,,,,,,,,,,,,,,,,,,,,,,,,,,,,0.9895833333333334,0.010854609310626984,0.9787234042553191,1.0,0.9583333333333334,,1.4136799573898315,2.8639109134674072,0.9302695989608765,30,,Q_on_real_future,96,72,,,,24,False,,12,2,test,no-vision,,"[0.9664655923843384, 1.1097757816314697, 1.413679838180542]"
,,,,,,,,,,,,,,,,,,,,,,,,,,,,,,,,,,1.0,0.0003447307099122554,1.0,1.0,1.0,,0.8375347852706909,2.114593029022217,0.4118487238883972,30,,Q_p_on_measured_future_p,96,72,,,,24,False,,12,2,test,no-vision,,"[2.2175960540771484, 3.472334861755371, 0.8375347852706909]"
13.59649474620819,,,,,,,,,,,,,,,,48,,,,,,,,,,,,,,,,20,,,,,,,,,,,30,,,,,16.938282775878907,,,,False,,12,2,test,positions,,
