Q_gate_passed,abstention_rate,always_close_lift_decisions,always_close_lift_success_rate,calibration_supported,candidate_success_coverage,candidate_success_precision,candidate_success_recall,candidate_width_invalid_fraction,chosen_success_rate_all_decisions,chosen_success_rate_on_close_lift_decisions,chosen_success_rate_when_success_available,chosen_successes,decisions,diagnostic_only,false_success_rate_selected,false_successes,horizon,mean_regret_selected,no_success_available,oracle_candidate_success_rate,scene_groups,seed,selected_collision_count,source_phase,split,threshold,uniform_random_expected_success_rate,version
False,1.0,36,0.05555555555555555,False,0.041666666666666664,,0.0,0.0,0.0,0.0,0.0,0,48,True,,0,4,,46,0.041666666666666664,6,0,0,all,val,1.01,0.027777777777777776,real_Q_diagnostic
False,1.0,31,0.0,False,0.0,,,0.0,0.0,0.0,,0,43,True,,0,4,,43,0.0,6,0,0,unheld,val,1.01,0.0,real_Q_diagnostic
False,1.0,5,0.4,False,0.4,,0.0,0.0,0.0,0.0,0.0,0,5,True,,0,4,,3,0.4,2,0,0,held,val,1.01,0.26666666666666666,real_Q_diagnostic
False,1.0,36,0.05555555555555555,False,0.041666666666666664,,0.0,0.1574074074074074,0.0,0.0,0.0,0,48,True,,0,4,,46,0.041666666666666664,6,0,0,all,val,1.01,0.027777777777777776,original
False,1.0,31,0.0,False,0.0,,,0.16666666666666666,0.0,0.0,,0,43,True,,0,4,,43,0.0,6,0,0,unheld,val,1.01,0.0,original
False,1.0,5,0.4,False,0.4,,0.0,0.08333333333333333,0.0,0.0,0.0,0,5,True,,0,4,,3,0.4,2,0,0,held,val,1.01,0.26666666666666666,original
False,1.0,36,0.05555555555555555,False,0.041666666666666664,,0.0,0.1574074074074074,0.0,0.0,0.0,0,48,True,,0,4,,46,0.041666666666666664,6,0,0,all,val,1.01,0.027777777777777776,unchanged_z_predicted_p
False,1.0,31,0.0,False,0.0,,,0.16666666666666666,0.0,0.0,,0,43,True,,0,4,,43,0.0,6,0,0,unheld,val,1.01,0.0,unchanged_z_predicted_p
False,1.0,5,0.4,False,0.4,,0.0,0.08333333333333333,0.0,0.0,0.0,0,5,True,,0,4,,3,0.4,2,0,0,held,val,1.01,0.26666666666666666,unchanged_z_predicted_p
False,1.0,36,0.05555555555555555,False,0.041666666666666664,,0.0,0.018518518518518517,0.0,0.0,0.0,0,48,True,,0,4,,46,0.041666666666666664,6,0,0,all,val,1.01,0.027777777777777776,robot
False,1.0,31,0.0,False,0.0,,,0.020833333333333332,0.0,0.0,,0,43,True,,0,4,,43,0.0,6,0,0,unheld,val,1.01,0.0,robot
False,1.0,5,0.4,False,0.4,,0.0,0.0,0.0,0.0,0.0,0,5,True,,0,4,,3,0.4,2,0,0,held,val,1.01,0.26666666666666666,robot
False,1.0,36,0.05555555555555555,False,0.041666666666666664,,0.0,0.2222222222222222,0.0,0.0,0.0,0,48,True,,0,4,,46,0.041666666666666664,6,0,0,all,val,1.01,0.027777777777777776,visual
False,1.0,31,0.0,False,0.0,,,0.23958333333333334,0.0,0.0,,0,43,True,,0,4,,43,0.0,6,0,0,unheld,val,1.01,0.0,visual
False,1.0,5,0.4,False,0.4,,0.0,0.08333333333333333,0.0,0.0,0.0,0,5,True,,0,4,,3,0.4,2,0,0,held,val,1.01,0.26666666666666666,visual
False,1.0,72,0.125,False,0.09375,,0.0,0.004629629629629629,0.0,0.0,0.0,0,96,True,,0,4,,87,0.09375,12,0,0,all,test,1.01,0.0625,real_Q_diagnostic
False,1.0,55,0.0,False,0.0,,,0.005780346820809248,0.0,0.0,,0,79,True,,0,4,,79,0.0,12,0,0,unheld,test,1.01,0.0,real_Q_diagnostic
False,1.0,17,0.5294117647058824,False,0.5294117647058824,,0.0,0.0,0.0,0.0,0.0,0,17,True,,0,4,,8,0.5294117647058824,8,0,0,held,test,1.01,0.35294117647058826,real_Q_diagnostic
False,1.0,72,0.125,False,0.09375,,0.0,0.12962962962962962,0.0,0.0,0.0,0,96,True,,0,4,,87,0.09375,12,0,0,all,test,1.01,0.0625,original
False,1.0,55,0.0,False,0.0,,,0.13872832369942195,0.0,0.0,,0,79,True,,0,4,,79,0.0,12,0,0,unheld,test,1.01,0.0,original
False,1.0,17,0.5294117647058824,False,0.5294117647058824,,0.0,0.09302325581395349,0.0,0.0,0.0,0,17,True,,0,4,,8,0.5294117647058824,8,0,0,held,test,1.01,0.35294117647058826,original
False,1.0,72,0.125,False,0.09375,,0.0,0.12962962962962962,0.0,0.0,0.0,0,96,True,,0,4,,87,0.09375,12,0,0,all,test,1.01,0.0625,unchanged_z_predicted_p
False,1.0,55,0.0,False,0.0,,,0.13872832369942195,0.0,0.0,,0,79,True,,0,4,,79,0.0,12,0,0,unheld,test,1.01,0.0,unchanged_z_predicted_p
False,1.0,17,0.5294117647058824,False,0.5294117647058824,,0.0,0.09302325581395349,0.0,0.0,0.0,0,17,True,,0,4,,8,0.5294117647058824,8,0,0,held,test,1.01,0.35294117647058826,unchanged_z_predicted_p
False,1.0,72,0.125,False,0.09375,,0.0,0.05092592592592592,0.0,0.0,0.0,0,96,True,,0,4,,87,0.09375,12,0,0,all,test,1.01,0.0625,robot
False,1.0,55,0.0,False,0.0,,,0.057803468208092484,0.0,0.0,,0,79,True,,0,4,,79,0.0,12,0,0,unheld,test,1.01,0.0,robot
False,1.0,17,0.5294117647058824,False,0.5294117647058824,,0.0,0.023255813953488372,0.0,0.0,0.0,0,17,True,,0,4,,8,0.5294117647058824,8,0,0,held,test,1.01,0.35294117647058826,robot
False,1.0,72,0.125,False,0.09375,,0.0,0.16666666666666666,0.0,0.0,0.0,0,96,True,,0,4,,87,0.09375,12,0,0,all,test,1.01,0.0625,visual
False,1.0,55,0.0,False,0.0,,,0.1907514450867052,0.0,0.0,,0,79,True,,0,4,,79,0.0,12,0,0,unheld,test,1.01,0.0,visual
False,1.0,17,0.5294117647058824,False,0.5294117647058824,,0.0,0.06976744186046512,0.0,0.0,0.0,0,17,True,,0,4,,8,0.5294117647058824,8,0,0,held,test,1.01,0.35294117647058826,visual
False,0.9666666666666667,48,0.0625,True,0.05,1.0,0.6,0.015151515151515152,0.03333333333333333,0.041666666666666664,0.6666666666666666,2,60,True,0.0,0,8,0.0,57,0.05,6,0,0,all,val,0.5,0.03055555555555555,real_Q_diagnostic
False,1.0,43,0.0,True,0.0,,,0.016666666666666666,0.0,0.0,,0,55,True,,0,8,,55,0.0,6,0,0,unheld,val,0.5,0.0,real_Q_diagnostic
False,0.6,5,0.6,True,0.6,1.0,0.6,0.0,0.4,0.4,0.6666666666666666,2,5,True,0.0,0,8,0.0,2,0.6,2,0,0,held,val,0.5,0.3666666666666666,real_Q_diagnostic
False,0.9666666666666667,48,0.0625,True,0.05,0.6666666666666666,0.4,0.22727272727272727,0.016666666666666666,0.020833333333333332,0.3333333333333333,1,60,True,0.5,1,8,0.0,57,0.05,6,0,0,all,val,0.5,0.03055555555555555,original
False,0.9818181818181818,43,0.0,True,0.0,0.0,,0.24166666666666667,0.0,0.0,,0,55,True,1.0,1,8,0.0,55,0.0,6,0,0,unheld,val,0.5,0.0,original
False,0.8,5,0.6,True,0.6,1.0,0.4,0.08333333333333333,0.2,0.2,0.3333333333333333,1,5,True,0.0,0,8,0.0,2,0.6,2,0,0,held,val,0.5,0.3666666666666666,original
False,1.0,48,0.0625,True,0.05,,0.0,0.22727272727272727,0.0,0.0,0.0,0,60,True,,0,8,,57,0.05,6,0,0,all,val,0.5,0.03055555555555555,unchanged_z_predicted_p
False,1.0,43,0.0,True,0.0,,,0.24166666666666667,0.0,0.0,,0,55,True,,0,8,,55,0.0,6,0,0,unheld,val,0.5,0.0,unchanged_z_predicted_p
False,1.0,5,0.6,True,0.6,,0.0,0.08333333333333333,0.0,0.0,0.0,0,5,True,,0,8,,2,0.6,2,0,0,held,val,0.5,0.3666666666666666,unchanged_z_predicted_p
False,0.9666666666666667,48,0.0625,True,0.05,0.6666666666666666,0.4,0.13636363636363635,0.016666666666666666,0.020833333333333332,0.3333333333333333,1,60,True,0.5,1,8,0.0,57,0.05,6,0,0,all,val,0.5,0.03055555555555555,robot
False,0.9818181818181818,43,0.0,True,0.0,0.0,,0.15,0.0,0.0,,0,55,True,1.0,1,8,0.0,55,0.0,6,0,0,unheld,val,0.5,0.0,robot
False,0.8,5,0.6,True,0.6,1.0,0.4,0.0,0.2,0.2,0.3333333333333333,1,5,True,0.0,0,8,0.0,2,0.6,2,0,0,held,val,0.5,0.3666666666666666,robot
False,0.9666666666666667,48,0.0625,True,0.05,0.6666666666666666,0.4,0.3712121212121212,0.016666666666666666,0.020833333333333332,0.3333333333333333,1,60,True,0.5,1,8,0.0,57,0.05,6,0,0,all,val,0.5,0.03055555555555555,visual
False,0.9818181818181818,43,0.0,True,0.0,0.0,,0.4,0.0,0.0,,0,55,True,1.0,1,8,0.0,55,0.0,6,0,0,unheld,val,0.5,0.0,visual
False,0.8,5,0.6,True,0.6,1.0,0.4,0.08333333333333333,0.2,0.2,0.3333333333333333,1,5,True,0.0,0,8,0.0,2,0.6,2,0,0,held,val,0.5,0.3666666666666666,visual
False,0.8833333333333333,96,0.16666666666666666,True,0.13333333333333333,1.0,0.88,0.011363636363636364,0.11666666666666667,0.14583333333333334,0.875,14,120,True,0.0,0,8,0.0,104,0.13333333333333333,12,0,0,all,test,0.5,0.07916666666666666,real_Q_diagnostic
False,1.0,79,0.0,True,0.0,,,0.013574660633484163,0.0,0.0,,0,103,True,,0,8,,103,0.0,12,0,0,unheld,test,0.5,0.0,real_Q_diagnostic
False,0.17647058823529413,17,0.9411764705882353,True,0.9411764705882353,1.0,0.88,0.0,0.8235294117647058,0.8235294117647058,0.875,14,17,True,0.0,0,8,0.0,1,0.9411764705882353,8,0,0,held,test,0.5,0.5588235294117646,real_Q_diagnostic
False,0.925,96,0.16666666666666666,True,0.13333333333333333,1.0,0.68,0.22727272727272727,0.075,0.09375,0.5625,9,120,True,0.0,0,8,0.0,104,0.13333333333333333,12,0,0,all,test,0.5,0.07916666666666666,original
False,1.0,79,0.0,True,0.0,,,0.248868778280543,0.0,0.0,,0,103,True,,0,8,,103,0.0,12,0,0,unheld,test,0.5,0.0,original
False,0.47058823529411764,17,0.9411764705882353,True,0.9411764705882353,1.0,0.68,0.11627906976744186,0.5294117647058824,0.5294117647058824,0.5625,9,17,True,0.0,0,8,0.0,1,0.9411764705882353,8,0,0,held,test,0.5,0.5588235294117646,original
False,0.9333333333333333,96,0.16666666666666666,True,0.13333333333333333,0.8823529411764706,0.6,0.22727272727272727,0.06666666666666667,0.08333333333333333,0.5,8,120,True,0.0,0,8,0.0,104,0.13333333333333333,12,0,0,all,test,0.5,0.07916666666666666,unchanged_z_predicted_p
False,1.0,79,0.0,True,0.0,,,0.248868778280543,0.0,0.0,,0,103,True,,0,8,,103,0.0,12,0,0,unheld,test,0.5,0.0,unchanged_z_predicted_p
False,0.5294117647058824,17,0.9411764705882353,True,0.9411764705882353,0.8823529411764706,0.6,0.11627906976744186,0.47058823529411764,0.47058823529411764,0.5,8,17,True,0.0,0,8,0.0,1,0.9411764705882353,8,0,0,held,test,0.5,0.5588235294117646,unchanged_z_predicted_p
False,0.925,96,0.16666666666666666,True,0.13333333333333333,1.0,0.68,0.12878787878787878,0.075,0.09375,0.5625,9,120,True,0.0,0,8,0.0,104,0.13333333333333333,12,0,0,all,test,0.5,0.07916666666666666,robot
False,1.0,79,0.0,True,0.0,,,0.1493212669683258,0.0,0.0,,0,103,True,,0,8,,103,0.0,12,0,0,unheld,test,0.5,0.0,robot
False,0.47058823529411764,17,0.9411764705882353,True,0.9411764705882353,1.0,0.68,0.023255813953488372,0.5294117647058824,0.5294117647058824,0.5625,9,17,True,0.0,0,8,0.0,1,0.9411764705882353,8,0,0,held,test,0.5,0.5588235294117646,robot
False,0.925,96,0.16666666666666666,True,0.13333333333333333,1.0,0.68,0.32196969696969696,0.075,0.09375,0.5625,9,120,True,0.0,0,8,0.0,104,0.13333333333333333,12,0,0,all,test,0.5,0.07916666666666666,visual
False,1.0,79,0.0,True,0.0,,,0.36199095022624433,0.0,0.0,,0,103,True,,0,8,,103,0.0,12,0,0,unheld,test,0.5,0.0,visual
False,0.47058823529411764,17,0.9411764705882353,True,0.9411764705882353,1.0,0.68,0.11627906976744186,0.5294117647058824,0.5294117647058824,0.5625,9,17,True,0.0,0,8,0.0,1,0.9411764705882353,8,0,0,held,test,0.5,0.5588235294117646,visual
False,0.9583333333333334,36,0.08333333333333333,True,0.0625,1.0,0.6,0.023809523809523808,0.041666666666666664,0.05555555555555555,0.6666666666666666,2,48,True,0.0,0,16,0.0,45,0.0625,6,0,0,all,val,0.5,0.026041666666666668,real_Q_diagnostic
False,1.0,33,0.030303030303030304,True,0.022222222222222223,,0.0,0.02564102564102564,0.0,0.0,0.0,0,45,True,,0,16,,44,0.022222222222222223,6,0,0,unheld,val,0.5,0.005555555555555556,real_Q_diagnostic
False,0.3333333333333333,3,0.6666666666666666,True,0.6666666666666666,1.0,0.75,0.0,0.6666666666666666,0.6666666666666666,1.0,2,3,True,0.0,0,16,0.0,1,0.6666666666666666,2,0,0,held,val,0.5,0.3333333333333333,real_Q_diagnostic
False,0.9791666666666666,36,0.08333333333333333,True,0.0625,0.0,0.0,0.40476190476190477,0.0,0.0,0.0,0,48,True,1.0,1,16,0.0,45,0.0625,6,0,0,all,val,0.5,0.026041666666666668,original
False,0.9777777777777777,33,0.030303030303030304,True,0.022222222222222223,0.0,0.0,0.4230769230769231,0.0,0.0,0.0,0,45,True,1.0,1,16,0.0,44,0.022222222222222223,6,0,0,unheld,val,0.5,0.005555555555555556,original
False,1.0,3,0.6666666666666666,True,0.6666666666666666,,0.0,0.16666666666666666,0.0,0.0,0.0,0,3,True,,0,16,,1,0.6666666666666666,2,0,0,held,val,0.5,0.3333333333333333,original
False,1.0,36,0.08333333333333333,True,0.0625,,0.0,0.40476190476190477,0.0,0.0,0.0,0,48,True,,0,16,,45,0.0625,6,0,0,all,val,0.5,0.026041666666666668,unchanged_z_predicted_p
False,1.0,33,0.030303030303030304,True,0.022222222222222223,,0.0,0.4230769230769231,0.0,0.0,0.0,0,45,True,,0,16,,44,0.022222222222222223,6,0,0,unheld,val,0.5,0.005555555555555556,unchanged_z_predicted_p
False,1.0,3,0.6666666666666666,True,0.6666666666666666,,0.0,0.16666666666666666,0.0,0.0,0.0,0,3,True,,0,16,,1,0.6666666666666666,2,0,0,held,val,0.5,0.3333333333333333,unchanged_z_predicted_p
False,0.9791666666666666,36,0.08333333333333333,True,0.0625,0.0,0.0,0.26785714285714285,0.0,0.0,0.0,0,48,True,1.0,1,16,0.0,45,0.0625,6,0,0,all,val,0.5,0.026041666666666668,robot
False,0.9777777777777777,33,0.030303030303030304,True,0.022222222222222223,0.0,0.0,0.27564102564102566,0.0,0.0,0.0,0,45,True,1.0,1,16,0.0,44,0.022222222222222223,6,0,0,unheld,val,0.5,0.005555555555555556,robot
False,1.0,3,0.6666666666666666,True,0.6666666666666666,,0.0,0.16666666666666666,0.0,0.0,0.0,0,3,True,,0,16,,1,0.6666666666666666,2,0,0,held,val,0.5,0.3333333333333333,robot
False,0.9791666666666666,36,0.08333333333333333,True,0.0625,0.0,0.0,0.47619047619047616,0.0,0.0,0.0,0,48,True,1.0,1,16,0.0,45,0.0625,6,0,0,all,val,0.5,0.026041666666666668,visual
False,0.9777777777777777,33,0.030303030303030304,True,0.022222222222222223,0.0,0.0,0.5,0.0,0.0,0.0,0,45,True,1.0,1,16,0.0,44,0.022222222222222223,6,0,0,unheld,val,0.5,0.005555555555555556,visual
False,1.0,3,0.6666666666666666,True,0.6666666666666666,,0.0,0.16666666666666666,0.0,0.0,0.0,0,3,True,,0,16,,1,0.6666666666666666,2,0,0,held,val,0.5,0.3333333333333333,visual
False,0.8541666666666666,72,0.2222222222222222,True,0.16666666666666666,1.0,0.88,0.017857142857142856,0.14583333333333334,0.19444444444444445,0.875,14,96,True,0.0,0,16,0.0,80,0.16666666666666666,12,0,0,all,test,0.5,0.06510416666666667,real_Q_diagnostic
False,0.9318181818181818,64,0.125,True,0.09090909090909091,1.0,0.7777777777777778,0.019736842105263157,0.06818181818181818,0.09375,0.75,6,88,True,0.0,0,16,0.0,80,0.09090909090909091,12,0,0,unheld,test,0.5,0.02556818181818182,real_Q_diagnostic
False,0.0,8,1.0,True,1.0,1.0,0.9375,0.0,1.0,1.0,1.0,8,8,True,0.0,0,16,0.0,0,1.0,8,0,0,held,test,0.5,0.5,real_Q_diagnostic
False,0.9270833333333334,72,0.2222222222222222,True,0.16666666666666666,1.0,0.48,0.41964285714285715,0.07291666666666667,0.09722222222222222,0.4375,7,96,True,0.0,0,16,0.0,80,0.16666666666666666,12,0,0,all,test,0.5,0.06510416666666667,original
False,0.9886363636363636,64,0.125,True,0.09090909090909091,1.0,0.2222222222222222,0.4342105263157895,0.011363636363636364,0.015625,0.125,1,88,True,0.0,0,16,0.0,80,0.09090909090909091,12,0,0,unheld,test,0.5,0.02556818181818182,original
False,0.25,8,1.0,True,1.0,1.0,0.625,0.28125,0.75,0.75,0.75,6,8,True,0.0,0,16,0.0,0,1.0,8,0,0,held,test,0.5,0.5,original
False,1.0,72,0.2222222222222222,True,0.16666666666666666,,0.0,0.41964285714285715,0.0,0.0,0.0,0,96,True,,0,16,,80,0.16666666666666666,12,0,0,all,test,0.5,0.06510416666666667,unchanged_z_predicted_p
False,1.0,64,0.125,True,0.09090909090909091,,0.0,0.4342105263157895,0.0,0.0,0.0,0,88,True,,0,16,,80,0.09090909090909091,12,0,0,unheld,test,0.5,0.02556818181818182,unchanged_z_predicted_p
False,1.0,8,1.0,True,1.0,,0.0,0.28125,0.0,0.0,0.0,0,8,True,,0,16,,0,1.0,8,0,0,held,test,0.5,0.5,unchanged_z_predicted_p
False,0.9479166666666666,72,0.2222222222222222,True,0.16666666666666666,1.0,0.4,0.22023809523809523,0.052083333333333336,0.06944444444444445,0.3125,5,96,True,0.0,0,16,0.0,80,0.16666666666666666,12,0,0,all,test,0.5,0.06510416666666667,robot
False,0.9886363636363636,64,0.125,True,0.09090909090909091,1.0,0.2222222222222222,0.23684210526315788,0.011363636363636364,0.015625,0.125,1,88,True,0.0,0,16,0.0,80,0.09090909090909091,12,0,0,unheld,test,0.5,0.02556818181818182,robot
False,0.5,8,1.0,True,1.0,1.0,0.5,0.0625,0.5,0.5,0.5,4,8,True,0.0,0,16,0.0,0,1.0,8,0,0,held,test,0.5,0.5,robot
False,0.9375,72,0.2222222222222222,True,0.16666666666666666,1.0,0.44,0.4375,0.0625,0.08333333333333333,0.375,6,96,True,0.0,0,16,0.0,80,0.16666666666666666,12,0,0,all,test,0.5,0.06510416666666667,visual
False,0.9886363636363636,64,0.125,True,0.09090909090909091,1.0,0.2222222222222222,0.47368421052631576,0.011363636363636364,0.015625,0.125,1,88,True,0.0,0,16,0.0,80,0.09090909090909091,12,0,0,unheld,test,0.5,0.02556818181818182,visual
False,0.375,8,1.0,True,1.0,1.0,0.5625,0.09375,0.625,0.625,0.625,5,8,True,0.0,0,16,0.0,0,1.0,8,0,0,held,test,0.5,0.5,visual
False,0.8333333333333334,12,0.16666666666666666,True,0.16666666666666666,1.0,0.75,0.08333333333333333,0.16666666666666666,0.16666666666666666,1.0,2,12,True,0.0,0,30,0.0,10,0.16666666666666666,6,0,0,all,val,0.5,0.05555555555555555,real_Q_diagnostic
False,0.8333333333333334,12,0.16666666666666666,True,0.16666666666666666,1.0,0.75,0.08333333333333333,0.16666666666666666,0.16666666666666666,1.0,2,12,True,0.0,0,30,0.0,10,0.16666666666666666,6,0,0,unheld,val,0.5,0.05555555555555555,real_Q_diagnostic
False,,0,,True,,,,,,,,0,0,True,,0,30,,0,,0,0,0,held,val,0.5,,real_Q_diagnostic
False,1.0,12,0.16666666666666666,True,0.16666666666666666,,0.0,0.5833333333333334,0.0,0.0,0.0,0,12,True,,0,30,,10,0.16666666666666666,6,0,0,all,val,0.5,0.05555555555555555,original
False,1.0,12,0.16666666666666666,True,0.16666666666666666,,0.0,0.5833333333333334,0.0,0.0,0.0,0,12,True,,0,30,,10,0.16666666666666666,6,0,0,unheld,val,0.5,0.05555555555555555,original
False,,0,,True,,,,,,,,0,0,True,,0,30,,0,,0,0,0,held,val,0.5,,original
False,1.0,12,0.16666666666666666,True,0.16666666666666666,,0.0,0.5833333333333334,0.0,0.0,0.0,0,12,True,,0,30,,10,0.16666666666666666,6,0,0,all,val,0.5,0.05555555555555555,unchanged_z_predicted_p
False,1.0,12,0.16666666666666666,True,0.16666666666666666,,0.0,0.5833333333333334,0.0,0.0,0.0,0,12,True,,0,30,,10,0.16666666666666666,6,0,0,unheld,val,0.5,0.05555555555555555,unchanged_z_predicted_p
False,,0,,True,,,,,,,,0,0,True,,0,30,,0,,0,0,0,held,val,0.5,,unchanged_z_predicted_p
False,1.0,12,0.16666666666666666,True,0.16666666666666666,,0.0,0.3333333333333333,0.0,0.0,0.0,0,12,True,,0,30,,10,0.16666666666666666,6,0,0,all,val,0.5,0.05555555555555555,robot
False,1.0,12,0.16666666666666666,True,0.16666666666666666,,0.0,0.3333333333333333,0.0,0.0,0.0,0,12,True,,0,30,,10,0.16666666666666666,6,0,0,unheld,val,0.5,0.05555555555555555,robot
False,,0,,True,,,,,,,,0,0,True,,0,30,,0,,0,0,0,held,val,0.5,,robot
False,0.9166666666666666,12,0.16666666666666666,True,0.16666666666666666,0.0,0.0,0.7083333333333334,0.0,0.0,0.0,0,12,True,1.0,1,30,0.0,10,0.16666666666666666,6,0,0,all,val,0.5,0.05555555555555555,visual
False,0.9166666666666666,12,0.16666666666666666,True,0.16666666666666666,0.0,0.0,0.7083333333333334,0.0,0.0,0.0,0,12,True,1.0,1,30,0.0,10,0.16666666666666666,6,0,0,unheld,val,0.5,0.05555555555555555,visual
False,,0,,True,,,,,,,,0,0,True,,0,30,,0,,0,0,0,held,val,0.5,,visual
False,0.625,24,0.375,True,0.375,1.0,0.9444444444444444,0.041666666666666664,0.375,0.375,1.0,9,24,True,0.0,0,30,0.0,15,0.375,12,0,0,all,test,0.5,0.125,real_Q_diagnostic
False,0.625,24,0.375,True,0.375,1.0,0.9444444444444444,0.041666666666666664,0.375,0.375,1.0,9,24,True,0.0,0,30,0.0,15,0.375,12,0,0,unheld,test,0.5,0.125,real_Q_diagnostic
False,,0,,True,,,,,,,,0,0,True,,0,30,,0,,0,0,0,held,test,0.5,,real_Q_diagnostic
False,0.9166666666666666,24,0.375,True,0.375,0.5,0.1111111111111111,0.6666666666666666,0.041666666666666664,0.041666666666666664,0.1111111111111111,1,24,True,0.5,1,30,0.0,15,0.375,12,0,0,all,test,0.5,0.125,original
False,0.9166666666666666,24,0.375,True,0.375,0.5,0.1111111111111111,0.6666666666666666,0.041666666666666664,0.041666666666666664,0.1111111111111111,1,24,True,0.5,1,30,0.0,15,0.375,12,0,0,unheld,test,0.5,0.125,original
False,,0,,True,,,,,,,,0,0,True,,0,30,,0,,0,0,0,held,test,0.5,,original
False,1.0,24,0.375,True,0.375,,0.0,0.6666666666666666,0.0,0.0,0.0,0,24,True,,0,30,,15,0.375,12,0,0,all,test,0.5,0.125,unchanged_z_predicted_p
False,1.0,24,0.375,True,0.375,,0.0,0.6666666666666666,0.0,0.0,0.0,0,24,True,,0,30,,15,0.375,12,0,0,unheld,test,0.5,0.125,unchanged_z_predicted_p
False,,0,,True,,,,,,,,0,0,True,,0,30,,0,,0,0,0,held,test,0.5,,unchanged_z_predicted_p
False,1.0,24,0.375,True,0.375,,0.0,0.4444444444444444,0.0,0.0,0.0,0,24,True,,0,30,,15,0.375,12,0,0,all,test,0.5,0.125,robot
False,1.0,24,0.375,True,0.375,,0.0,0.4444444444444444,0.0,0.0,0.0,0,24,True,,0,30,,15,0.375,12,0,0,unheld,test,0.5,0.125,robot
False,,0,,True,,,,,,,,0,0,True,,0,30,,0,,0,0,0,held,test,0.5,,robot
False,0.8333333333333334,24,0.375,True,0.375,0.42857142857142855,0.16666666666666666,0.6527777777777778,0.08333333333333333,0.08333333333333333,0.2222222222222222,2,24,True,0.5,2,30,0.0,15,0.375,12,0,0,all,test,0.5,0.125,visual
False,0.8333333333333334,24,0.375,True,0.375,0.42857142857142855,0.16666666666666666,0.6527777777777778,0.08333333333333333,0.08333333333333333,0.2222222222222222,2,24,True,0.5,2,30,0.0,15,0.375,12,0,0,unheld,test,0.5,0.125,visual
False,,0,,True,,,,,,,,0,0,True,,0,30,,0,,0,0,0,held,test,0.5,,visual
False,1.0,36,0.05555555555555555,False,0.041666666666666664,,0.0,0.0,0.0,0.0,0.0,0,48,True,,0,4,,46,0.041666666666666664,6,1,0,all,val,1.01,0.027777777777777776,real_Q_diagnostic
False,1.0,31,0.0,False,0.0,,,0.0,0.0,0.0,,0,43,True,,0,4,,43,0.0,6,1,0,unheld,val,1.01,0.0,real_Q_diagnostic
False,1.0,5,0.4,False,0.4,,0.0,0.0,0.0,0.0,0.0,0,5,True,,0,4,,3,0.4,2,1,0,held,val,1.01,0.26666666666666666,real_Q_diagnostic
False,1.0,36,0.05555555555555555,False,0.041666666666666664,,0.0,0.2037037037037037,0.0,0.0,0.0,0,48,True,,0,4,,46,0.041666666666666664,6,1,0,all,val,1.01,0.027777777777777776,original
False,1.0,31,0.0,False,0.0,,,0.21875,0.0,0.0,,0,43,True,,0,4,,43,0.0,6,1,0,unheld,val,1.01,0.0,original
False,1.0,5,0.4,False,0.4,,0.0,0.08333333333333333,0.0,0.0,0.0,0,5,True,,0,4,,3,0.4,2,1,0,held,val,1.01,0.26666666666666666,original
False,1.0,36,0.05555555555555555,False,0.041666666666666664,,0.0,0.2037037037037037,0.0,0.0,0.0,0,48,True,,0,4,,46,0.041666666666666664,6,1,0,all,val,1.01,0.027777777777777776,unchanged_z_predicted_p
False,1.0,31,0.0,False,0.0,,,0.21875,0.0,0.0,,0,43,True,,0,4,,43,0.0,6,1,0,unheld,val,1.01,0.0,unchanged_z_predicted_p
False,1.0,5,0.4,False,0.4,,0.0,0.08333333333333333,0.0,0.0,0.0,0,5,True,,0,4,,3,0.4,2,1,0,held,val,1.01,0.26666666666666666,unchanged_z_predicted_p
False,1.0,36,0.05555555555555555,False,0.041666666666666664,,0.0,0.17592592592592593,0.0,0.0,0.0,0,48,True,,0,4,,46,0.041666666666666664,6,1,0,all,val,1.01,0.027777777777777776,robot
False,1.0,31,0.0,False,0.0,,,0.19791666666666666,0.0,0.0,,0,43,True,,0,4,,43,0.0,6,1,0,unheld,val,1.01,0.0,robot
False,1.0,5,0.4,False,0.4,,0.0,0.0,0.0,0.0,0.0,0,5,True,,0,4,,3,0.4,2,1,0,held,val,1.01,0.26666666666666666,robot
False,1.0,36,0.05555555555555555,False,0.041666666666666664,,0.0,0.21296296296296297,0.0,0.0,0.0,0,48,True,,0,4,,46,0.041666666666666664,6,1,0,all,val,1.01,0.027777777777777776,visual
False,1.0,31,0.0,False,0.0,,,0.22916666666666666,0.0,0.0,,0,43,True,,0,4,,43,0.0,6,1,0,unheld,val,1.01,0.0,visual
False,1.0,5,0.4,False,0.4,,0.0,0.08333333333333333,0.0,0.0,0.0,0,5,True,,0,4,,3,0.4,2,1,0,held,val,1.01,0.26666666666666666,visual
False,1.0,72,0.125,False,0.09375,,0.0,0.004629629629629629,0.0,0.0,0.0,0,96,True,,0,4,,87,0.09375,12,1,0,all,test,1.01,0.0625,real_Q_diagnostic
False,1.0,55,0.0,False,0.0,,,0.005780346820809248,0.0,0.0,,0,79,True,,0,4,,79,0.0,12,1,0,unheld,test,1.01,0.0,real_Q_diagnostic
False,1.0,17,0.5294117647058824,False,0.5294117647058824,,0.0,0.0,0.0,0.0,0.0,0,17,True,,0,4,,8,0.5294117647058824,8,1,0,held,test,1.01,0.35294117647058826,real_Q_diagnostic
False,1.0,72,0.125,False,0.09375,,0.0,0.17592592592592593,0.0,0.0,0.0,0,96,True,,0,4,,87,0.09375,12,1,0,all,test,1.01,0.0625,original
False,1.0,55,0.0,False,0.0,,,0.17341040462427745,0.0,0.0,,0,79,True,,0,4,,79,0.0,12,1,0,unheld,test,1.01,0.0,original
False,1.0,17,0.5294117647058824,False,0.5294117647058824,,0.0,0.18604651162790697,0.0,0.0,0.0,0,17,True,,0,4,,8,0.5294117647058824,8,1,0,held,test,1.01,0.35294117647058826,original
False,1.0,72,0.125,False,0.09375,,0.0,0.17592592592592593,0.0,0.0,0.0,0,96,True,,0,4,,87,0.09375,12,1,0,all,test,1.01,0.0625,unchanged_z_predicted_p
False,1.0,55,0.0,False,0.0,,,0.17341040462427745,0.0,0.0,,0,79,True,,0,4,,79,0.0,12,1,0,unheld,test,1.01,0.0,unchanged_z_predicted_p
False,1.0,17,0.5294117647058824,False,0.5294117647058824,,0.0,0.18604651162790697,0.0,0.0,0.0,0,17,True,,0,4,,8,0.5294117647058824,8,1,0,held,test,1.01,0.35294117647058826,unchanged_z_predicted_p
False,1.0,72,0.125,False,0.09375,,0.0,0.10648148148148148,0.0,0.0,0.0,0,96,True,,0,4,,87,0.09375,12,1,0,all,test,1.01,0.0625,robot
False,1.0,55,0.0,False,0.0,,,0.12138728323699421,0.0,0.0,,0,79,True,,0,4,,79,0.0,12,1,0,unheld,test,1.01,0.0,robot
False,1.0,17,0.5294117647058824,False,0.5294117647058824,,0.0,0.046511627906976744,0.0,0.0,0.0,0,17,True,,0,4,,8,0.5294117647058824,8,1,0,held,test,1.01,0.35294117647058826,robot
False,1.0,72,0.125,False,0.09375,,0.0,0.16666666666666666,0.0,0.0,0.0,0,96,True,,0,4,,87,0.09375,12,1,0,all,test,1.01,0.0625,visual
False,1.0,55,0.0,False,0.0,,,0.1791907514450867,0.0,0.0,,0,79,True,,0,4,,79,0.0,12,1,0,unheld,test,1.01,0.0,visual
False,1.0,17,0.5294117647058824,False,0.5294117647058824,,0.0,0.11627906976744186,0.0,0.0,0.0,0,17,True,,0,4,,8,0.5294117647058824,8,1,0,held,test,1.01,0.35294117647058826,visual
False,1.0,48,0.0625,False,0.05,,0.0,0.015151515151515152,0.0,0.0,0.0,0,60,True,,0,8,,57,0.05,6,1,0,all,val,1.01,0.03055555555555555,real_Q_diagnostic
False,1.0,43,0.0,False,0.0,,,0.016666666666666666,0.0,0.0,,0,55,True,,0,8,,55,0.0,6,1,0,unheld,val,1.01,0.0,real_Q_diagnostic
False,1.0,5,0.6,False,0.6,,0.0,0.0,0.0,0.0,0.0,0,5,True,,0,8,,2,0.6,2,1,0,held,val,1.01,0.3666666666666666,real_Q_diagnostic
False,1.0,48,0.0625,False,0.05,,0.0,0.29545454545454547,0.0,0.0,0.0,0,60,True,,0,8,,57,0.05,6,1,0,all,val,1.01,0.03055555555555555,original
False,1.0,43,0.0,False,0.0,,,0.31666666666666665,0.0,0.0,,0,55,True,,0,8,,55,0.0,6,1,0,unheld,val,1.01,0.0,original
False,1.0,5,0.6,False,0.6,,0.0,0.08333333333333333,0.0,0.0,0.0,0,5,True,,0,8,,2,0.6,2,1,0,held,val,1.01,0.3666666666666666,original
False,1.0,48,0.0625,False,0.05,,0.0,0.29545454545454547,0.0,0.0,0.0,0,60,True,,0,8,,57,0.05,6,1,0,all,val,1.01,0.03055555555555555,unchanged_z_predicted_p
False,1.0,43,0.0,False,0.0,,,0.31666666666666665,0.0,0.0,,0,55,True,,0,8,,55,0.0,6,1,0,unheld,val,1.01,0.0,unchanged_z_predicted_p
False,1.0,5,0.6,False,0.6,,0.0,0.08333333333333333,0.0,0.0,0.0,0,5,True,,0,8,,2,0.6,2,1,0,held,val,1.01,0.3666666666666666,unchanged_z_predicted_p
False,1.0,48,0.0625,False,0.05,,0.0,0.22727272727272727,0.0,0.0,0.0,0,60,True,,0,8,,57,0.05,6,1,0,all,val,1.01,0.03055555555555555,robot
False,1.0,43,0.0,False,0.0,,,0.24166666666666667,0.0,0.0,,0,55,True,,0,8,,55,0.0,6,1,0,unheld,val,1.01,0.0,robot
False,1.0,5,0.6,False,0.6,,0.0,0.08333333333333333,0.0,0.0,0.0,0,5,True,,0,8,,2,0.6,2,1,0,held,val,1.01,0.3666666666666666,robot
False,1.0,48,0.0625,False,0.05,,0.0,0.29545454545454547,0.0,0.0,0.0,0,60,True,,0,8,,57,0.05,6,1,0,all,val,1.01,0.03055555555555555,visual
False,1.0,43,0.0,False,0.0,,,0.31666666666666665,0.0,0.0,,0,55,True,,0,8,,55,0.0,6,1,0,unheld,val,1.01,0.0,visual
False,1.0,5,0.6,False,0.6,,0.0,0.08333333333333333,0.0,0.0,0.0,0,5,True,,0,8,,2,0.6,2,1,0,held,val,1.01,0.3666666666666666,visual
False,1.0,96,0.16666666666666666,False,0.13333333333333333,,0.0,0.011363636363636364,0.0,0.0,0.0,0,120,True,,0,8,,104,0.13333333333333333,12,1,0,all,test,1.01,0.07916666666666666,real_Q_diagnostic
False,1.0,79,0.0,False,0.0,,,0.013574660633484163,0.0,0.0,,0,103,True,,0,8,,103,0.0,12,1,0,unheld,test,1.01,0.0,real_Q_diagnostic
False,1.0,17,0.9411764705882353,False,0.9411764705882353,,0.0,0.0,0.0,0.0,0.0,0,17,True,,0,8,,1,0.9411764705882353,8,1,0,held,test,1.01,0.5588235294117646,real_Q_diagnostic
False,1.0,96,0.16666666666666666,False,0.13333333333333333,,0.0,0.2803030303030303,0.0,0.0,0.0,0,120,True,,0,8,,104,0.13333333333333333,12,1,0,all,test,1.01,0.07916666666666666,original
False,1.0,79,0.0,False,0.0,,,0.2986425339366516,0.0,0.0,,0,103,True,,0,8,,103,0.0,12,1,0,unheld,test,1.01,0.0,original
False,1.0,17,0.9411764705882353,False,0.9411764705882353,,0.0,0.18604651162790697,0.0,0.0,0.0,0,17,True,,0,8,,1,0.9411764705882353,8,1,0,held,test,1.01,0.5588235294117646,original
False,1.0,96,0.16666666666666666,False,0.13333333333333333,,0.0,0.2803030303030303,0.0,0.0,0.0,0,120,True,,0,8,,104,0.13333333333333333,12,1,0,all,test,1.01,0.07916666666666666,unchanged_z_predicted_p
False,1.0,79,0.0,False,0.0,,,0.2986425339366516,0.0,0.0,,0,103,True,,0,8,,103,0.0,12,1,0,unheld,test,1.01,0.0,unchanged_z_predicted_p
False,1.0,17,0.9411764705882353,False,0.9411764705882353,,0.0,0.18604651162790697,0.0,0.0,0.0,0,17,True,,0,8,,1,0.9411764705882353,8,1,0,held,test,1.01,0.5588235294117646,unchanged_z_predicted_p
False,1.0,96,0.16666666666666666,False,0.13333333333333333,,0.0,0.20454545454545456,0.0,0.0,0.0,0,120,True,,0,8,,104,0.13333333333333333,12,1,0,all,test,1.01,0.07916666666666666,robot
False,1.0,79,0.0,False,0.0,,,0.23529411764705882,0.0,0.0,,0,103,True,,0,8,,103,0.0,12,1,0,unheld,test,1.01,0.0,robot
False,1.0,17,0.9411764705882353,False,0.9411764705882353,,0.0,0.046511627906976744,0.0,0.0,0.0,0,17,True,,0,8,,1,0.9411764705882353,8,1,0,held,test,1.01,0.5588235294117646,robot
False,1.0,96,0.16666666666666666,False,0.13333333333333333,,0.0,0.2765151515151515,0.0,0.0,0.0,0,120,True,,0,8,,104,0.13333333333333333,12,1,0,all,test,1.01,0.07916666666666666,visual
False,1.0,79,0.0,False,0.0,,,0.2986425339366516,0.0,0.0,,0,103,True,,0,8,,103,0.0,12,1,0,unheld,test,1.01,0.0,visual
False,1.0,17,0.9411764705882353,False,0.9411764705882353,,0.0,0.16279069767441862,0.0,0.0,0.0,0,17,True,,0,8,,1,0.9411764705882353,8,1,0,held,test,1.01,0.5588235294117646,visual
False,1.0,36,0.08333333333333333,False,0.0625,,0.0,0.023809523809523808,0.0,0.0,0.0,0,48,True,,0,16,,45,0.0625,6,1,0,all,val,1.01,0.026041666666666668,real_Q_diagnostic
False,1.0,33,0.030303030303030304,False,0.022222222222222223,,0.0,0.02564102564102564,0.0,0.0,0.0,0,45,True,,0,16,,44,0.022222222222222223,6,1,0,unheld,val,1.01,0.005555555555555556,real_Q_diagnostic
False,1.0,3,0.6666666666666666,False,0.6666666666666666,,0.0,0.0,0.0,0.0,0.0,0,3,True,,0,16,,1,0.6666666666666666,2,1,0,held,val,1.01,0.3333333333333333,real_Q_diagnostic
False,1.0,36,0.08333333333333333,False,0.0625,,0.0,0.39880952380952384,0.0,0.0,0.0,0,48,True,,0,16,,45,0.0625,6,1,0,all,val,1.01,0.026041666666666668,original
False,1.0,33,0.030303030303030304,False,0.022222222222222223,,0.0,0.4166666666666667,0.0,0.0,0.0,0,45,True,,0,16,,44,0.022222222222222223,6,1,0,unheld,val,1.01,0.005555555555555556,original
False,1.0,3,0.6666666666666666,False,0.6666666666666666,,0.0,0.16666666666666666,0.0,0.0,0.0,0,3,True,,0,16,,1,0.6666666666666666,2,1,0,held,val,1.01,0.3333333333333333,original
False,1.0,36,0.08333333333333333,False,0.0625,,0.0,0.39880952380952384,0.0,0.0,0.0,0,48,True,,0,16,,45,0.0625,6,1,0,all,val,1.01,0.026041666666666668,unchanged_z_predicted_p
False,1.0,33,0.030303030303030304,False,0.022222222222222223,,0.0,0.4166666666666667,0.0,0.0,0.0,0,45,True,,0,16,,44,0.022222222222222223,6,1,0,unheld,val,1.01,0.005555555555555556,unchanged_z_predicted_p
False,1.0,3,0.6666666666666666,False,0.6666666666666666,,0.0,0.16666666666666666,0.0,0.0,0.0,0,3,True,,0,16,,1,0.6666666666666666,2,1,0,held,val,1.01,0.3333333333333333,unchanged_z_predicted_p
False,1.0,36,0.08333333333333333,False,0.0625,,0.0,0.3333333333333333,0.0,0.0,0.0,0,48,True,,0,16,,45,0.0625,6,1,0,all,val,1.01,0.026041666666666668,robot
False,1.0,33,0.030303030303030304,False,0.022222222222222223,,0.0,0.34615384615384615,0.0,0.0,0.0,0,45,True,,0,16,,44,0.022222222222222223,6,1,0,unheld,val,1.01,0.005555555555555556,robot
False,1.0,3,0.6666666666666666,False,0.6666666666666666,,0.0,0.16666666666666666,0.0,0.0,0.0,0,3,True,,0,16,,1,0.6666666666666666,2,1,0,held,val,1.01,0.3333333333333333,robot
False,1.0,36,0.08333333333333333,False,0.0625,,0.0,0.4583333333333333,0.0,0.0,0.0,0,48,True,,0,16,,45,0.0625,6,1,0,all,val,1.01,0.026041666666666668,visual
False,1.0,33,0.030303030303030304,False,0.022222222222222223,,0.0,0.4935897435897436,0.0,0.0,0.0,0,45,True,,0,16,,44,0.022222222222222223,6,1,0,unheld,val,1.01,0.005555555555555556,visual
False,1.0,3,0.6666666666666666,False,0.6666666666666666,,0.0,0.0,0.0,0.0,0.0,0,3,True,,0,16,,1,0.6666666666666666,2,1,0,held,val,1.01,0.3333333333333333,visual
False,1.0,72,0.2222222222222222,False,0.16666666666666666,,0.0,0.017857142857142856,0.0,0.0,0.0,0,96,True,,0,16,,80,0.16666666666666666,12,1,0,all,test,1.01,0.06510416666666667,real_Q_diagnostic
False,1.0,64,0.125,False,0.09090909090909091,,0.0,0.019736842105263157,0.0,0.0,0.0,0,88,True,,0,16,,80,0.09090909090909091,12,1,0,unheld,test,1.01,0.02556818181818182,real_Q_diagnostic
False,1.0,8,1.0,False,1.0,,0.0,0.0,0.0,0.0,0.0,0,8,True,,0,16,,0,1.0,8,1,0,held,test,1.01,0.5,real_Q_diagnostic
False,1.0,72,0.2222222222222222,False,0.16666666666666666,,0.0,0.3630952380952381,0.0,0.0,0.0,0,96,True,,0,16,,80,0.16666666666666666,12,1,0,all,test,1.01,0.06510416666666667,original
False,1.0,64,0.125,False,0.09090909090909091,,0.0,0.3782894736842105,0.0,0.0,0.0,0,88,True,,0,16,,80,0.09090909090909091,12,1,0,unheld,test,1.01,0.02556818181818182,original
False,1.0,8,1.0,False,1.0,,0.0,0.21875,0.0,0.0,0.0,0,8,True,,0,16,,0,1.0,8,1,0,held,test,1.01,0.5,original
False,1.0,72,0.2222222222222222,False,0.16666666666666666,,0.0,0.3630952380952381,0.0,0.0,0.0,0,96,True,,0,16,,80,0.16666666666666666,12,1,0,all,test,1.01,0.06510416666666667,unchanged_z_predicted_p
False,1.0,64,0.125,False,0.09090909090909091,,0.0,0.3782894736842105,0.0,0.0,0.0,0,88,True,,0,16,,80,0.09090909090909091,12,1,0,unheld,test,1.01,0.02556818181818182,unchanged_z_predicted_p
False,1.0,8,1.0,False,1.0,,0.0,0.21875,0.0,0.0,0.0,0,8,True,,0,16,,0,1.0,8,1,0,held,test,1.01,0.5,unchanged_z_predicted_p
False,1.0,72,0.2222222222222222,False,0.16666666666666666,,0.0,0.27976190476190477,0.0,0.0,0.0,0,96,True,,0,16,,80,0.16666666666666666,12,1,0,all,test,1.01,0.06510416666666667,robot
False,1.0,64,0.125,False,0.09090909090909091,,0.0,0.3026315789473684,0.0,0.0,0.0,0,88,True,,0,16,,80,0.09090909090909091,12,1,0,unheld,test,1.01,0.02556818181818182,robot
False,1.0,8,1.0,False,1.0,,0.0,0.0625,0.0,0.0,0.0,0,8,True,,0,16,,0,1.0,8,1,0,held,test,1.01,0.5,robot
False,1.0,72,0.2222222222222222,False,0.16666666666666666,,0.0,0.3482142857142857,0.0,0.0,0.0,0,96,True,,0,16,,80,0.16666666666666666,12,1,0,all,test,1.01,0.06510416666666667,visual
False,1.0,64,0.125,False,0.09090909090909091,,0.0,0.375,0.0,0.0,0.0,0,88,True,,0,16,,80,0.09090909090909091,12,1,0,unheld,test,1.01,0.02556818181818182,visual
False,1.0,8,1.0,False,1.0,,0.0,0.09375,0.0,0.0,0.0,0,8,True,,0,16,,0,1.0,8,1,0,held,test,1.01,0.5,visual
False,1.0,12,0.16666666666666666,False,0.16666666666666666,,0.0,0.08333333333333333,0.0,0.0,0.0,0,12,True,,0,30,,10,0.16666666666666666,6,1,0,all,val,1.01,0.05555555555555555,real_Q_diagnostic
False,1.0,12,0.16666666666666666,False,0.16666666666666666,,0.0,0.08333333333333333,0.0,0.0,0.0,0,12,True,,0,30,,10,0.16666666666666666,6,1,0,unheld,val,1.01,0.05555555555555555,real_Q_diagnostic
False,,0,,False,,,,,,,,0,0,True,,0,30,,0,,0,1,0,held,val,1.01,,real_Q_diagnostic
False,1.0,12,0.16666666666666666,False,0.16666666666666666,,0.0,0.5277777777777778,0.0,0.0,0.0,0,12,True,,0,30,,10,0.16666666666666666,6,1,0,all,val,1.01,0.05555555555555555,original
False,1.0,12,0.16666666666666666,False,0.16666666666666666,,0.0,0.5277777777777778,0.0,0.0,0.0,0,12,True,,0,30,,10,0.16666666666666666,6,1,0,unheld,val,1.01,0.05555555555555555,original
False,,0,,False,,,,,,,,0,0,True,,0,30,,0,,0,1,0,held,val,1.01,,original
False,1.0,12,0.16666666666666666,False,0.16666666666666666,,0.0,0.5277777777777778,0.0,0.0,0.0,0,12,True,,0,30,,10,0.16666666666666666,6,1,0,all,val,1.01,0.05555555555555555,unchanged_z_predicted_p
False,1.0,12,0.16666666666666666,False,0.16666666666666666,,0.0,0.5277777777777778,0.0,0.0,0.0,0,12,True,,0,30,,10,0.16666666666666666,6,1,0,unheld,val,1.01,0.05555555555555555,unchanged_z_predicted_p
False,,0,,False,,,,,,,,0,0,True,,0,30,,0,,0,1,0,held,val,1.01,,unchanged_z_predicted_p
False,1.0,12,0.16666666666666666,False,0.16666666666666666,,0.0,0.4722222222222222,0.0,0.0,0.0,0,12,True,,0,30,,10,0.16666666666666666,6,1,0,all,val,1.01,0.05555555555555555,robot
False,1.0,12,0.16666666666666666,False,0.16666666666666666,,0.0,0.4722222222222222,0.0,0.0,0.0,0,12,True,,0,30,,10,0.16666666666666666,6,1,0,unheld,val,1.01,0.05555555555555555,robot
False,,0,,False,,,,,,,,0,0,True,,0,30,,0,,0,1,0,held,val,1.01,,robot
False,1.0,12,0.16666666666666666,False,0.16666666666666666,,0.0,0.6805555555555556,0.0,0.0,0.0,0,12,True,,0,30,,10,0.16666666666666666,6,1,0,all,val,1.01,0.05555555555555555,visual
False,1.0,12,0.16666666666666666,False,0.16666666666666666,,0.0,0.6805555555555556,0.0,0.0,0.0,0,12,True,,0,30,,10,0.16666666666666666,6,1,0,unheld,val,1.01,0.05555555555555555,visual
False,,0,,False,,,,,,,,0,0,True,,0,30,,0,,0,1,0,held,val,1.01,,visual
False,1.0,24,0.375,False,0.375,,0.0,0.041666666666666664,0.0,0.0,0.0,0,24,True,,0,30,,15,0.375,12,1,0,all,test,1.01,0.125,real_Q_diagnostic
False,1.0,24,0.375,False,0.375,,0.0,0.041666666666666664,0.0,0.0,0.0,0,24,True,,0,30,,15,0.375,12,1,0,unheld,test,1.01,0.125,real_Q_diagnostic
False,,0,,False,,,,,,,,0,0,True,,0,30,,0,,0,1,0,held,test,1.01,,real_Q_diagnostic
False,1.0,24,0.375,False,0.375,,0.0,0.6527777777777778,0.0,0.0,0.0,0,24,True,,0,30,,15,0.375,12,1,0,all,test,1.01,0.125,original
False,1.0,24,0.375,False,0.375,,0.0,0.6527777777777778,0.0,0.0,0.0,0,24,True,,0,30,,15,0.375,12,1,0,unheld,test,1.01,0.125,original
False,,0,,False,,,,,,,,0,0,True,,0,30,,0,,0,1,0,held,test,1.01,,original
False,1.0,24,0.375,False,0.375,,0.0,0.6527777777777778,0.0,0.0,0.0,0,24,True,,0,30,,15,0.375,12,1,0,all,test,1.01,0.125,unchanged_z_predicted_p
False,1.0,24,0.375,False,0.375,,0.0,0.6527777777777778,0.0,0.0,0.0,0,24,True,,0,30,,15,0.375,12,1,0,unheld,test,1.01,0.125,unchanged_z_predicted_p
False,,0,,False,,,,,,,,0,0,True,,0,30,,0,,0,1,0,held,test,1.01,,unchanged_z_predicted_p
False,1.0,24,0.375,False,0.375,,0.0,0.6666666666666666,0.0,0.0,0.0,0,24,True,,0,30,,15,0.375,12,1,0,all,test,1.01,0.125,robot
False,1.0,24,0.375,False,0.375,,0.0,0.6666666666666666,0.0,0.0,0.0,0,24,True,,0,30,,15,0.375,12,1,0,unheld,test,1.01,0.125,robot
False,,0,,False,,,,,,,,0,0,True,,0,30,,0,,0,1,0,held,test,1.01,,robot
False,1.0,24,0.375,False,0.375,,0.0,0.6805555555555556,0.0,0.0,0.0,0,24,True,,0,30,,15,0.375,12,1,0,all,test,1.01,0.125,visual
False,1.0,24,0.375,False,0.375,,0.0,0.6805555555555556,0.0,0.0,0.0,0,24,True,,0,30,,15,0.375,12,1,0,unheld,test,1.01,0.125,visual
False,,0,,False,,,,,,,,0,0,True,,0,30,,0,,0,1,0,held,test,1.01,,visual
False,1.0,36,0.05555555555555555,False,0.041666666666666664,,0.0,0.0,0.0,0.0,0.0,0,48,True,,0,4,,46,0.041666666666666664,6,2,0,all,val,1.01,0.027777777777777776,real_Q_diagnostic
False,1.0,31,0.0,False,0.0,,,0.0,0.0,0.0,,0,43,True,,0,4,,43,0.0,6,2,0,unheld,val,1.01,0.0,real_Q_diagnostic
False,1.0,5,0.4,False,0.4,,0.0,0.0,0.0,0.0,0.0,0,5,True,,0,4,,3,0.4,2,2,0,held,val,1.01,0.26666666666666666,real_Q_diagnostic
False,1.0,36,0.05555555555555555,False,0.041666666666666664,,0.0,0.2222222222222222,0.0,0.0,0.0,0,48,True,,0,4,,46,0.041666666666666664,6,2,0,all,val,1.01,0.027777777777777776,original
False,1.0,31,0.0,False,0.0,,,0.22916666666666666,0.0,0.0,,0,43,True,,0,4,,43,0.0,6,2,0,unheld,val,1.01,0.0,original
False,1.0,5,0.4,False,0.4,,0.0,0.16666666666666666,0.0,0.0,0.0,0,5,True,,0,4,,3,0.4,2,2,0,held,val,1.01,0.26666666666666666,original
False,1.0,36,0.05555555555555555,False,0.041666666666666664,,0.0,0.2222222222222222,0.0,0.0,0.0,0,48,True,,0,4,,46,0.041666666666666664,6,2,0,all,val,1.01,0.027777777777777776,unchanged_z_predicted_p
False,1.0,31,0.0,False,0.0,,,0.22916666666666666,0.0,0.0,,0,43,True,,0,4,,43,0.0,6,2,0,unheld,val,1.01,0.0,unchanged_z_predicted_p
False,1.0,5,0.4,False,0.4,,0.0,0.16666666666666666,0.0,0.0,0.0,0,5,True,,0,4,,3,0.4,2,2,0,held,val,1.01,0.26666666666666666,unchanged_z_predicted_p
False,1.0,36,0.05555555555555555,False,0.041666666666666664,,0.0,0.027777777777777776,0.0,0.0,0.0,0,48,True,,0,4,,46,0.041666666666666664,6,2,0,all,val,1.01,0.027777777777777776,robot
False,1.0,31,0.0,False,0.0,,,0.03125,0.0,0.0,,0,43,True,,0,4,,43,0.0,6,2,0,unheld,val,1.01,0.0,robot
False,1.0,5,0.4,False,0.4,,0.0,0.0,0.0,0.0,0.0,0,5,True,,0,4,,3,0.4,2,2,0,held,val,1.01,0.26666666666666666,robot
False,1.0,36,0.05555555555555555,False,0.041666666666666664,,0.0,0.24074074074074073,0.0,0.0,0.0,0,48,True,,0,4,,46,0.041666666666666664,6,2,0,all,val,1.01,0.027777777777777776,visual
False,1.0,31,0.0,False,0.0,,,0.2604166666666667,0.0,0.0,,0,43,True,,0,4,,43,0.0,6,2,0,unheld,val,1.01,0.0,visual
False,1.0,5,0.4,False,0.4,,0.0,0.08333333333333333,0.0,0.0,0.0,0,5,True,,0,4,,3,0.4,2,2,0,held,val,1.01,0.26666666666666666,visual
False,1.0,72,0.125,False,0.09375,,0.0,0.004629629629629629,0.0,0.0,0.0,0,96,True,,0,4,,87,0.09375,12,2,0,all,test,1.01,0.0625,real_Q_diagnostic
False,1.0,55,0.0,False,0.0,,,0.005780346820809248,0.0,0.0,,0,79,True,,0,4,,79,0.0,12,2,0,unheld,test,1.01,0.0,real_Q_diagnostic
False,1.0,17,0.5294117647058824,False,0.5294117647058824,,0.0,0.0,0.0,0.0,0.0,0,17,True,,0,4,,8,0.5294117647058824,8,2,0,held,test,1.01,0.35294117647058826,real_Q_diagnostic
False,1.0,72,0.125,False,0.09375,,0.0,0.2361111111111111,0.0,0.0,0.0,0,96,True,,0,4,,87,0.09375,12,2,0,all,test,1.01,0.0625,original
False,1.0,55,0.0,False,0.0,,,0.24855491329479767,0.0,0.0,,0,79,True,,0,4,,79,0.0,12,2,0,unheld,test,1.01,0.0,original
False,1.0,17,0.5294117647058824,False,0.5294117647058824,,0.0,0.18604651162790697,0.0,0.0,0.0,0,17,True,,0,4,,8,0.5294117647058824,8,2,0,held,test,1.01,0.35294117647058826,original
False,1.0,72,0.125,False,0.09375,,0.0,0.2361111111111111,0.0,0.0,0.0,0,96,True,,0,4,,87,0.09375,12,2,0,all,test,1.01,0.0625,unchanged_z_predicted_p
False,1.0,55,0.0,False,0.0,,,0.24855491329479767,0.0,0.0,,0,79,True,,0,4,,79,0.0,12,2,0,unheld,test,1.01,0.0,unchanged_z_predicted_p
False,1.0,17,0.5294117647058824,False,0.5294117647058824,,0.0,0.18604651162790697,0.0,0.0,0.0,0,17,True,,0,4,,8,0.5294117647058824,8,2,0,held,test,1.01,0.35294117647058826,unchanged_z_predicted_p
False,1.0,72,0.125,False,0.09375,,0.0,0.046296296296296294,0.0,0.0,0.0,0,96,True,,0,4,,87,0.09375,12,2,0,all,test,1.01,0.0625,robot
False,1.0,55,0.0,False,0.0,,,0.04046242774566474,0.0,0.0,,0,79,True,,0,4,,79,0.0,12,2,0,unheld,test,1.01,0.0,robot
False,1.0,17,0.5294117647058824,False,0.5294117647058824,,0.0,0.06976744186046512,0.0,0.0,0.0,0,17,True,,0,4,,8,0.5294117647058824,8,2,0,held,test,1.01,0.35294117647058826,robot
False,1.0,72,0.125,False,0.09375,,0.0,0.19907407407407407,0.0,0.0,0.0,0,96,True,,0,4,,87,0.09375,12,2,0,all,test,1.01,0.0625,visual
False,1.0,55,0.0,False,0.0,,,0.2254335260115607,0.0,0.0,,0,79,True,,0,4,,79,0.0,12,2,0,unheld,test,1.01,0.0,visual
False,1.0,17,0.5294117647058824,False,0.5294117647058824,,0.0,0.09302325581395349,0.0,0.0,0.0,0,17,True,,0,4,,8,0.5294117647058824,8,2,0,held,test,1.01,0.35294117647058826,visual
False,1.0,48,0.0625,False,0.05,,0.0,0.015151515151515152,0.0,0.0,0.0,0,60,True,,0,8,,57,0.05,6,2,0,all,val,1.01,0.03055555555555555,real_Q_diagnostic
False,1.0,43,0.0,False,0.0,,,0.016666666666666666,0.0,0.0,,0,55,True,,0,8,,55,0.0,6,2,0,unheld,val,1.01,0.0,real_Q_diagnostic
False,1.0,5,0.6,False,0.6,,0.0,0.0,0.0,0.0,0.0,0,5,True,,0,8,,2,0.6,2,2,0,held,val,1.01,0.3666666666666666,real_Q_diagnostic
False,1.0,48,0.0625,False,0.05,,0.0,0.36363636363636365,0.0,0.0,0.0,0,60,True,,0,8,,57,0.05,6,2,0,all,val,1.01,0.03055555555555555,original
False,1.0,43,0.0,False,0.0,,,0.38333333333333336,0.0,0.0,,0,55,True,,0,8,,55,0.0,6,2,0,unheld,val,1.01,0.0,original
False,1.0,5,0.6,False,0.6,,0.0,0.16666666666666666,0.0,0.0,0.0,0,5,True,,0,8,,2,0.6,2,2,0,held,val,1.01,0.3666666666666666,original
False,1.0,48,0.0625,False,0.05,,0.0,0.36363636363636365,0.0,0.0,0.0,0,60,True,,0,8,,57,0.05,6,2,0,all,val,1.01,0.03055555555555555,unchanged_z_predicted_p
False,1.0,43,0.0,False,0.0,,,0.38333333333333336,0.0,0.0,,0,55,True,,0,8,,55,0.0,6,2,0,unheld,val,1.01,0.0,unchanged_z_predicted_p
False,1.0,5,0.6,False,0.6,,0.0,0.16666666666666666,0.0,0.0,0.0,0,5,True,,0,8,,2,0.6,2,2,0,held,val,1.01,0.3666666666666666,unchanged_z_predicted_p
False,1.0,48,0.0625,False,0.05,,0.0,0.09090909090909091,0.0,0.0,0.0,0,60,True,,0,8,,57,0.05,6,2,0,all,val,1.01,0.03055555555555555,robot
False,1.0,43,0.0,False,0.0,,,0.1,0.0,0.0,,0,55,True,,0,8,,55,0.0,6,2,0,unheld,val,1.01,0.0,robot
False,1.0,5,0.6,False,0.6,,0.0,0.0,0.0,0.0,0.0,0,5,True,,0,8,,2,0.6,2,2,0,held,val,1.01,0.3666666666666666,robot
False,1.0,48,0.0625,False,0.05,,0.0,0.3560606060606061,0.0,0.0,0.0,0,60,True,,0,8,,57,0.05,6,2,0,all,val,1.01,0.03055555555555555,visual
False,1.0,43,0.0,False,0.0,,,0.38333333333333336,0.0,0.0,,0,55,True,,0,8,,55,0.0,6,2,0,unheld,val,1.01,0.0,visual
False,1.0,5,0.6,False,0.6,,0.0,0.08333333333333333,0.0,0.0,0.0,0,5,True,,0,8,,2,0.6,2,2,0,held,val,1.01,0.3666666666666666,visual
False,1.0,96,0.16666666666666666,False,0.13333333333333333,,0.0,0.011363636363636364,0.0,0.0,0.0,0,120,True,,0,8,,104,0.13333333333333333,12,2,0,all,test,1.01,0.07916666666666666,real_Q_diagnostic
False,1.0,79,0.0,False,0.0,,,0.013574660633484163,0.0,0.0,,0,103,True,,0,8,,103,0.0,12,2,0,unheld,test,1.01,0.0,real_Q_diagnostic
False,1.0,17,0.9411764705882353,False,0.9411764705882353,,0.0,0.0,0.0,0.0,0.0,0,17,True,,0,8,,1,0.9411764705882353,8,2,0,held,test,1.01,0.5588235294117646,real_Q_diagnostic
False,1.0,96,0.16666666666666666,False,0.13333333333333333,,0.0,0.35984848484848486,0.0,0.0,0.0,0,120,True,,0,8,,104,0.13333333333333333,12,2,0,all,test,1.01,0.07916666666666666,original
False,1.0,79,0.0,False,0.0,,,0.3936651583710407,0.0,0.0,,0,103,True,,0,8,,103,0.0,12,2,0,unheld,test,1.01,0.0,original
False,1.0,17,0.9411764705882353,False,0.9411764705882353,,0.0,0.18604651162790697,0.0,0.0,0.0,0,17,True,,0,8,,1,0.9411764705882353,8,2,0,held,test,1.01,0.5588235294117646,original
False,1.0,96,0.16666666666666666,False,0.13333333333333333,,0.0,0.35984848484848486,0.0,0.0,0.0,0,120,True,,0,8,,104,0.13333333333333333,12,2,0,all,test,1.01,0.07916666666666666,unchanged_z_predicted_p
False,1.0,79,0.0,False,0.0,,,0.3936651583710407,0.0,0.0,,0,103,True,,0,8,,103,0.0,12,2,0,unheld,test,1.01,0.0,unchanged_z_predicted_p
False,1.0,17,0.9411764705882353,False,0.9411764705882353,,0.0,0.18604651162790697,0.0,0.0,0.0,0,17,True,,0,8,,1,0.9411764705882353,8,2,0,held,test,1.01,0.5588235294117646,unchanged_z_predicted_p
False,1.0,96,0.16666666666666666,False,0.13333333333333333,,0.0,0.12878787878787878,0.0,0.0,0.0,0,120,True,,0,8,,104,0.13333333333333333,12,2,0,all,test,1.01,0.07916666666666666,robot
False,1.0,79,0.0,False,0.0,,,0.14027149321266968,0.0,0.0,,0,103,True,,0,8,,103,0.0,12,2,0,unheld,test,1.01,0.0,robot
False,1.0,17,0.9411764705882353,False,0.9411764705882353,,0.0,0.06976744186046512,0.0,0.0,0.0,0,17,True,,0,8,,1,0.9411764705882353,8,2,0,held,test,1.01,0.5588235294117646,robot
False,1.0,96,0.16666666666666666,False,0.13333333333333333,,0.0,0.2803030303030303,0.0,0.0,0.0,0,120,True,,0,8,,104,0.13333333333333333,12,2,0,all,test,1.01,0.07916666666666666,visual
False,1.0,79,0.0,False,0.0,,,0.31221719457013575,0.0,0.0,,0,103,True,,0,8,,103,0.0,12,2,0,unheld,test,1.01,0.0,visual
False,1.0,17,0.9411764705882353,False,0.9411764705882353,,0.0,0.11627906976744186,0.0,0.0,0.0,0,17,True,,0,8,,1,0.9411764705882353,8,2,0,held,test,1.01,0.5588235294117646,visual
False,1.0,36,0.08333333333333333,False,0.0625,,0.0,0.023809523809523808,0.0,0.0,0.0,0,48,True,,0,16,,45,0.0625,6,2,0,all,val,1.01,0.026041666666666668,real_Q_diagnostic
False,1.0,33,0.030303030303030304,False,0.022222222222222223,,0.0,0.02564102564102564,0.0,0.0,0.0,0,45,True,,0,16,,44,0.022222222222222223,6,2,0,unheld,val,1.01,0.005555555555555556,real_Q_diagnostic
False,1.0,3,0.6666666666666666,False,0.6666666666666666,,0.0,0.0,0.0,0.0,0.0,0,3,True,,0,16,,1,0.6666666666666666,2,2,0,held,val,1.01,0.3333333333333333,real_Q_diagnostic
False,1.0,36,0.08333333333333333,False,0.0625,,0.0,0.4523809523809524,0.0,0.0,0.0,0,48,True,,0,16,,45,0.0625,6,2,0,all,val,1.01,0.026041666666666668,original
False,1.0,33,0.030303030303030304,False,0.022222222222222223,,0.0,0.4807692307692308,0.0,0.0,0.0,0,45,True,,0,16,,44,0.022222222222222223,6,2,0,unheld,val,1.01,0.005555555555555556,original
False,1.0,3,0.6666666666666666,False,0.6666666666666666,,0.0,0.08333333333333333,0.0,0.0,0.0,0,3,True,,0,16,,1,0.6666666666666666,2,2,0,held,val,1.01,0.3333333333333333,original
False,1.0,36,0.08333333333333333,False,0.0625,,0.0,0.4523809523809524,0.0,0.0,0.0,0,48,True,,0,16,,45,0.0625,6,2,0,all,val,1.01,0.026041666666666668,unchanged_z_predicted_p
False,1.0,33,0.030303030303030304,False,0.022222222222222223,,0.0,0.4807692307692308,0.0,0.0,0.0,0,45,True,,0,16,,44,0.022222222222222223,6,2,0,unheld,val,1.01,0.005555555555555556,unchanged_z_predicted_p
False,1.0,3,0.6666666666666666,False,0.6666666666666666,,0.0,0.08333333333333333,0.0,0.0,0.0,0,3,True,,0,16,,1,0.6666666666666666,2,2,0,held,val,1.01,0.3333333333333333,unchanged_z_predicted_p
False,1.0,36,0.08333333333333333,False,0.0625,,0.0,0.1488095238095238,0.0,0.0,0.0,0,48,True,,0,16,,45,0.0625,6,2,0,all,val,1.01,0.026041666666666668,robot
False,1.0,33,0.030303030303030304,False,0.022222222222222223,,0.0,0.16025641025641027,0.0,0.0,0.0,0,45,True,,0,16,,44,0.022222222222222223,6,2,0,unheld,val,1.01,0.005555555555555556,robot
False,1.0,3,0.6666666666666666,False,0.6666666666666666,,0.0,0.0,0.0,0.0,0.0,0,3,True,,0,16,,1,0.6666666666666666,2,2,0,held,val,1.01,0.3333333333333333,robot
False,1.0,36,0.08333333333333333,False,0.0625,,0.0,0.5059523809523809,0.0,0.0,0.0,0,48,True,,0,16,,45,0.0625,6,2,0,all,val,1.01,0.026041666666666668,visual
False,1.0,33,0.030303030303030304,False,0.022222222222222223,,0.0,0.5448717948717948,0.0,0.0,0.0,0,45,True,,0,16,,44,0.022222222222222223,6,2,0,unheld,val,1.01,0.005555555555555556,visual
False,1.0,3,0.6666666666666666,False,0.6666666666666666,,0.0,0.0,0.0,0.0,0.0,0,3,True,,0,16,,1,0.6666666666666666,2,2,0,held,val,1.01,0.3333333333333333,visual
False,1.0,72,0.2222222222222222,False,0.16666666666666666,,0.0,0.017857142857142856,0.0,0.0,0.0,0,96,True,,0,16,,80,0.16666666666666666,12,2,0,all,test,1.01,0.06510416666666667,real_Q_diagnostic
False,1.0,64,0.125,False,0.09090909090909091,,0.0,0.019736842105263157,0.0,0.0,0.0,0,88,True,,0,16,,80,0.09090909090909091,12,2,0,unheld,test,1.01,0.02556818181818182,real_Q_diagnostic
False,1.0,8,1.0,False,1.0,,0.0,0.0,0.0,0.0,0.0,0,8,True,,0,16,,0,1.0,8,2,0,held,test,1.01,0.5,real_Q_diagnostic
False,1.0,72,0.2222222222222222,False,0.16666666666666666,,0.0,0.48214285714285715,0.0,0.0,0.0,0,96,True,,0,16,,80,0.16666666666666666,12,2,0,all,test,1.01,0.06510416666666667,original
False,1.0,64,0.125,False,0.09090909090909091,,0.0,0.506578947368421,0.0,0.0,0.0,0,88,True,,0,16,,80,0.09090909090909091,12,2,0,unheld,test,1.01,0.02556818181818182,original
False,1.0,8,1.0,False,1.0,,0.0,0.25,0.0,0.0,0.0,0,8,True,,0,16,,0,1.0,8,2,0,held,test,1.01,0.5,original
False,1.0,72,0.2222222222222222,False,0.16666666666666666,,0.0,0.48214285714285715,0.0,0.0,0.0,0,96,True,,0,16,,80,0.16666666666666666,12,2,0,all,test,1.01,0.06510416666666667,unchanged_z_predicted_p
False,1.0,64,0.125,False,0.09090909090909091,,0.0,0.506578947368421,0.0,0.0,0.0,0,88,True,,0,16,,80,0.09090909090909091,12,2,0,unheld,test,1.01,0.02556818181818182,unchanged_z_predicted_p
False,1.0,8,1.0,False,1.0,,0.0,0.25,0.0,0.0,0.0,0,8,True,,0,16,,0,1.0,8,2,0,held,test,1.01,0.5,unchanged_z_predicted_p
False,1.0,72,0.2222222222222222,False,0.16666666666666666,,0.0,0.22321428571428573,0.0,0.0,0.0,0,96,True,,0,16,,80,0.16666666666666666,12,2,0,all,test,1.01,0.06510416666666667,robot
False,1.0,64,0.125,False,0.09090909090909091,,0.0,0.23684210526315788,0.0,0.0,0.0,0,88,True,,0,16,,80,0.09090909090909091,12,2,0,unheld,test,1.01,0.02556818181818182,robot
False,1.0,8,1.0,False,1.0,,0.0,0.09375,0.0,0.0,0.0,0,8,True,,0,16,,0,1.0,8,2,0,held,test,1.01,0.5,robot
False,1.0,72,0.2222222222222222,False,0.16666666666666666,,0.0,0.4107142857142857,0.0,0.0,0.0,0,96,True,,0,16,,80,0.16666666666666666,12,2,0,all,test,1.01,0.06510416666666667,visual
False,1.0,64,0.125,False,0.09090909090909091,,0.0,0.4375,0.0,0.0,0.0,0,88,True,,0,16,,80,0.09090909090909091,12,2,0,unheld,test,1.01,0.02556818181818182,visual
False,1.0,8,1.0,False,1.0,,0.0,0.15625,0.0,0.0,0.0,0,8,True,,0,16,,0,1.0,8,2,0,held,test,1.01,0.5,visual
False,1.0,12,0.16666666666666666,False,0.16666666666666666,,0.0,0.08333333333333333,0.0,0.0,0.0,0,12,True,,0,30,,10,0.16666666666666666,6,2,0,all,val,1.01,0.05555555555555555,real_Q_diagnostic
False,1.0,12,0.16666666666666666,False,0.16666666666666666,,0.0,0.08333333333333333,0.0,0.0,0.0,0,12,True,,0,30,,10,0.16666666666666666,6,2,0,unheld,val,1.01,0.05555555555555555,real_Q_diagnostic
False,,0,,False,,,,,,,,0,0,True,,0,30,,0,,0,2,0,held,val,1.01,,real_Q_diagnostic
False,1.0,12,0.16666666666666666,False,0.16666666666666666,,0.0,0.7777777777777778,0.0,0.0,0.0,0,12,True,,0,30,,10,0.16666666666666666,6,2,0,all,val,1.01,0.05555555555555555,original
False,1.0,12,0.16666666666666666,False,0.16666666666666666,,0.0,0.7777777777777778,0.0,0.0,0.0,0,12,True,,0,30,,10,0.16666666666666666,6,2,0,unheld,val,1.01,0.05555555555555555,original
False,,0,,False,,,,,,,,0,0,True,,0,30,,0,,0,2,0,held,val,1.01,,original
False,1.0,12,0.16666666666666666,False,0.16666666666666666,,0.0,0.7777777777777778,0.0,0.0,0.0,0,12,True,,0,30,,10,0.16666666666666666,6,2,0,all,val,1.01,0.05555555555555555,unchanged_z_predicted_p
False,1.0,12,0.16666666666666666,False,0.16666666666666666,,0.0,0.7777777777777778,0.0,0.0,0.0,0,12,True,,0,30,,10,0.16666666666666666,6,2,0,unheld,val,1.01,0.05555555555555555,unchanged_z_predicted_p
False,,0,,False,,,,,,,,0,0,True,,0,30,,0,,0,2,0,held,val,1.01,,unchanged_z_predicted_p
False,1.0,12,0.16666666666666666,False,0.16666666666666666,,0.0,0.2777777777777778,0.0,0.0,0.0,0,12,True,,0,30,,10,0.16666666666666666,6,2,0,all,val,1.01,0.05555555555555555,robot
False,1.0,12,0.16666666666666666,False,0.16666666666666666,,0.0,0.2777777777777778,0.0,0.0,0.0,0,12,True,,0,30,,10,0.16666666666666666,6,2,0,unheld,val,1.01,0.05555555555555555,robot
False,,0,,False,,,,,,,,0,0,True,,0,30,,0,,0,2,0,held,val,1.01,,robot
False,1.0,12,0.16666666666666666,False,0.16666666666666666,,0.0,0.6666666666666666,0.0,0.0,0.0,0,12,True,,0,30,,10,0.16666666666666666,6,2,0,all,val,1.01,0.05555555555555555,visual
False,1.0,12,0.16666666666666666,False,0.16666666666666666,,0.0,0.6666666666666666,0.0,0.0,0.0,0,12,True,,0,30,,10,0.16666666666666666,6,2,0,unheld,val,1.01,0.05555555555555555,visual
False,,0,,False,,,,,,,,0,0,True,,0,30,,0,,0,2,0,held,val,1.01,,visual
False,1.0,24,0.375,False,0.375,,0.0,0.041666666666666664,0.0,0.0,0.0,0,24,True,,0,30,,15,0.375,12,2,0,all,test,1.01,0.125,real_Q_diagnostic
False,1.0,24,0.375,False,0.375,,0.0,0.041666666666666664,0.0,0.0,0.0,0,24,True,,0,30,,15,0.375,12,2,0,unheld,test,1.01,0.125,real_Q_diagnostic
False,,0,,False,,,,,,,,0,0,True,,0,30,,0,,0,2,0,held,test,1.01,,real_Q_diagnostic
False,1.0,24,0.375,False,0.375,,0.0,0.8055555555555556,0.0,0.0,0.0,0,24,True,,0,30,,15,0.375,12,2,0,all,test,1.01,0.125,original
False,1.0,24,0.375,False,0.375,,0.0,0.8055555555555556,0.0,0.0,0.0,0,24,True,,0,30,,15,0.375,12,2,0,unheld,test,1.01,0.125,original
False,,0,,False,,,,,,,,0,0,True,,0,30,,0,,0,2,0,held,test,1.01,,original
False,1.0,24,0.375,False,0.375,,0.0,0.8055555555555556,0.0,0.0,0.0,0,24,True,,0,30,,15,0.375,12,2,0,all,test,1.01,0.125,unchanged_z_predicted_p
False,1.0,24,0.375,False,0.375,,0.0,0.8055555555555556,0.0,0.0,0.0,0,24,True,,0,30,,15,0.375,12,2,0,unheld,test,1.01,0.125,unchanged_z_predicted_p
False,,0,,False,,,,,,,,0,0,True,,0,30,,0,,0,2,0,held,test,1.01,,unchanged_z_predicted_p
False,1.0,24,0.375,False,0.375,,0.0,0.5,0.0,0.0,0.0,0,24,True,,0,30,,15,0.375,12,2,0,all,test,1.01,0.125,robot
False,1.0,24,0.375,False,0.375,,0.0,0.5,0.0,0.0,0.0,0,24,True,,0,30,,15,0.375,12,2,0,unheld,test,1.01,0.125,robot
False,,0,,False,,,,,,,,0,0,True,,0,30,,0,,0,2,0,held,test,1.01,,robot
False,1.0,24,0.375,False,0.375,,0.0,0.5625,0.0,0.0,0.0,0,24,True,,0,30,,15,0.375,12,2,0,all,test,1.01,0.125,visual
False,1.0,24,0.375,False,0.375,,0.0,0.5625,0.0,0.0,0.0,0,24,True,,0,30,,15,0.375,12,2,0,unheld,test,1.01,0.125,visual
False,,0,,False,,,,,,,,0,0,True,,0,30,,0,,0,2,0,held,test,1.01,,visual
