action_dx,action_dy,action_dyaw,action_dz,action_gripper,actual_goal_distance_cm,actual_held,actual_lift_cm,actual_object_x,actual_object_y,actual_object_z,control_component_goal,control_component_penalties,control_component_progress,control_component_time,control_reward,decision_seconds,obstacle_contact,step,table_contact,task_success,time_s,true_component_action,true_component_collision,true_component_drop,true_component_fail,true_component_grasp,true_component_lift,true_component_place,true_component_proximity,true_component_reach,true_component_success,true_component_table_hit,true_component_transport,true_original_reward
0.9982824325561523,-0.9915763139724731,0.005390644073486328,-0.990113377571106,1.0,51.62181091308594,False,0.0,0.1883087009191513,-0.23860855400562286,0.7724708914756775,0.0,-0.007400362491607666,0.015038429796695708,-0.01,-0.0023619326949119576,0.0042324879996158415,False,1,False,False,0.6000000000000004,-0.7400362491607666,-0.0,0.0,0.0,0.0,0.0,0.0,-0.0,0.030380636767860292,0.0,-0.0,0.0,0.00778995589232248
0.9995009899139404,-0.9951891303062439,0.0053784847259521484,-0.9922748804092407,1.0,51.62181091308594,False,0.0,0.1883087009191513,-0.23860855400562286,0.7724708914756775,0.0,-0.007435104846954346,0.002767075002193451,-0.01,-0.014668029844760896,0.001989062000575359,False,2,False,False,0.7000000000000005,-0.7435104846954346,-0.0,0.0,0.0,0.0,0.0,0.0,-0.0,0.03627755409192224,0.0,-0.0,0.0,0.010703672199006774
0.9994843006134033,-0.9947249889373779,0.0001558065414428711,-0.9923522472381592,1.0,51.62181091308594,False,0.0,0.1883087009191513,-0.23860855400562286,0.7724708914756775,0.0,-0.007433024048805237,0.003368716835975647,-0.01,-0.014064307212829589,0.0020990440007153666,False,3,False,False,0.8000000000000006,-0.7433024048805237,-0.0,0.0,0.0,0.0,0.0,0.0,-0.0,0.043449500351945614,0.0,-0.0,0.0,0.01429172612716757
0.9994423389434814,-0.9940319061279297,-0.006497085094451904,-0.9921189546585083,1.0,51.62181091308594,False,0.0,0.1883087009191513,-0.23860855400562286,0.7724708914756775,0.0,-0.0074283164739608765,0.003991658687591552,-0.01,-0.013436657786369325,0.0021895120007684454,False,4,False,False,0.9000000000000007,-0.7428316473960876,-0.0,0.0,0.0,0.0,0.0,0.0,-0.0,0.05195233604244143,0.0,-0.0,0.0,0.01854785154725984
0.9993845224380493,-0.9935200810432434,-0.0072212815284729,-0.9923175573348999,1.0,51.62181091308594,False,0.0,0.1883087009191513,-0.23860855400562286,0.7724708914756775,0.0,-0.007426494956016541,0.004662941992282867,-0.01,-0.012763552963733674,0.0024651029998494778,False,5,False,False,1.0000000000000007,-0.742649495601654,-0.0,0.0,0.0,0.0,0.0,0.0,-0.0,0.06189718523374377,0.0,-0.0,0.0,0.02352209766085534
0.999286413192749,-0.9934375286102295,0.001831650733947754,-0.9947146773338318,1.0,51.62181091308594,False,0.0,0.1883087009191513,-0.23860855400562286,0.7724708914756775,0.0,-0.007437380552291871,0.005320524275302885,-0.01,-0.012116856276988986,0.002412114999970072,False,6,False,False,1.1000000000000008,-0.743738055229187,-0.0,0.0,0.0,0.0,0.0,0.0,-0.0,0.07327094586922978,0.0,-0.0,0.0,0.029198092382323015
0.9990745782852173,-0.9935410618782043,-0.0052318572998046875,-0.9957349896430969,1.0,51.62181091308594,False,0.0,0.1883087009191513,-0.23860855400562286,0.7724708914756775,0.0,-0.007441973686218262,0.005823056995868679,-0.01,-0.011618916690349583,0.002214932999777375,False,7,False,False,1.2000000000000008,-0.7441973686218262,-0.0,0.0,0.0,0.0,0.0,0.0,-0.0,0.08577483817034737,0.0,-0.0,0.0,0.03544544539895542
0.9987696409225464,-0.9937087297439575,-0.007944583892822266,-0.9962716698646545,1.0,51.62181091308594,False,0.0,0.1883087009191513,-0.23860855400562286,0.7724708914756775,0.0,-0.007444045543670654,0.006306485235691071,-0.01,-0.011137560307979584,0.002487230000042473,False,8,False,False,1.300000000000001,-0.7444045543670654,-0.0,0.0,0.0,0.0,0.0,0.0,-0.0,0.09938166119044878,0.0,-0.0,0.0,0.042246785051553735
0.9984734058380127,-0.9936294555664062,-0.005860090255737305,-0.9967354536056519,1.0,51.62181091308594,False,0.0,0.1883087009191513,-0.23860855400562286,0.7724708914756775,0.0,-0.007444411516189575,0.006963932514190675,-0.01,-0.0104804790019989,0.0024015639992285287,False,9,False,False,1.400000000000001,-0.7444411516189575,-0.0,0.0,0.0,0.0,0.0,0.0,-0.0,0.11445406052221452,0.0,-0.0,0.0,0.049782618744917684
0.9981734752655029,-0.9928587079048157,-0.0038480162620544434,-0.9968792200088501,1.0,51.62181091308594,False,0.0,0.1883087009191513,-0.23860855400562286,0.7724708914756775,0.0,-0.007439754009246826,0.007897381484508512,-0.01,-0.009542372524738316,0.0022532749990205048,False,10,False,False,1.500000000000001,-0.7439754009246826,-0.0,0.0,0.0,0.0,0.0,0.0,-0.0,0.13156444831175473,0.0,-0.0,0.0,0.05834247014663054
0.9978234767913818,-0.9911629557609558,-0.002187371253967285,-0.9969918727874756,1.0,51.62181091308594,False,0.0,0.1883087009191513,-0.23860855400562286,0.7724708914756775,0.0,-0.00743013322353363,0.009124387204647061,-0.01,-0.008305746018886569,0.0024025460006669164,False,11,False,False,1.6000000000000012,-0.743013322353363,-0.0,0.0,0.0,0.0,0.0,0.0,-0.0,0.1513265688867046,0.0,-0.0,0.0,0.06823315121981867
0.9973434209823608,-0.9881201386451721,-0.003290891647338867,-0.9969006776809692,1.0,51.62181091308594,False,0.0,0.1883087009191513,-0.23860855400562286,0.7724708914756775,0.0,-0.00741224229335785,0.010600605010986322,-0.01,-0.006811637282371528,0.0025631120006437413,False,12,False,False,1.7000000000000013,-0.7412242293357849,-0.0,0.0,0.0,0.0,0.0,0.0,-0.0,0.17427037304025683,0.0,-0.0,0.0,0.07972294422677056
0.9965077638626099,-0.9825330376625061,-0.007592737674713135,-0.9960834383964539,1.0,51.62181091308594,False,0.0,0.1883087009191513,-0.23860855400562286,0.7724708914756775,0.0,-0.007376596927642823,0.012269361317157751,-0.01,-0.005107235610485072,0.002212899998994544,False,13,False,False,1.8000000000000014,-0.7376596927642822,-0.0,0.0,0.0,0.0,0.0,0.0,-0.0,0.2008172878032748,0.0,-0.0,0.0,0.09303204697399457
0.9953463077545166,-0.9728853702545166,-0.015259206295013428,-0.9943060278892517,1.0,51.62181091308594,False,0.0,0.1883087009191513,-0.23860855400562286,0.7724708914756775,0.0,-0.00731524407863617,0.01411108404397965,-0.01,-0.003204160034656521,0.0023279489996639313,False,14,False,False,1.9000000000000015,-0.7315244078636169,-0.0,0.0,0.0,0.0,0.0,0.0,-0.0,0.23135300252596125,0.0,-0.0,0.0,0.10836125718434446
0.9944922924041748,-0.952532172203064,-0.023462355136871338,-0.9908849000930786,1.0,51.62181091308594,False,0.0,0.1883087009191513,-0.23860855400562286,0.7724708914756775,0.0,-0.007196839451789856,0.016133787035942065,-0.01,-0.0010630524158477912,0.0024629690014990047,False,15,False,False,2.0000000000000013,-0.7196839451789856,-0.0,0.0,0.0,0.0,0.0,0.0,-0.0,0.26628336266359265,0.0,-0.0,0.0,0.12594484188000646
0.9918026924133301,-0.8947269320487976,-0.03850364685058594,-0.9788253903388977,1.0,51.62181091308594,False,0.0,0.1883087009191513,-0.23860855400562286,0.7724708914756775,0.0,-0.00685947597026825,0.01831148326396942,-0.01,0.0014520072937011692,0.0022939749997021863,False,16,False,False,2.0999999999999903,-0.685947597026825,-0.0,0.0,0.0,0.0,0.0,0.0,-0.0,0.3059661205521498,0.0,-0.0,0.0,0.14612358430580663
0.9859453439712524,-0.7549283504486084,-0.03548985719680786,-0.9215713739395142,1.0,51.62181091308594,False,0.0,0.1883087009191513,-0.23860855400562286,0.7724708914756775,0.0,-0.005981395840644836,0.020499849915504464,-0.01,0.004518454074859628,0.0017519160010124324,False,17,False,False,2.1999999999999793,-0.5981395840644836,-0.0,0.0,0.0,0.0,0.0,0.0,-0.0,0.350470542126591,0.0,-0.0,0.0,0.16925387522265067
0.9743893146514893,-0.5512343049049377,-0.03573042154312134,-0.67965167760849,1.0,51.62181091308594,False,0.0,0.1883087009191513,-0.23860855400562286,0.7724708914756775,0.0,-0.004291242063045502,0.021844920814037327,-0.01,0.0075536787509918255,0.0014663700003438862,False,18,False,False,2.2999999999999683,-0.42912420630455017,-0.0,0.0,0.0,0.0,0.0,0.0,-0.0,0.3981417629215316,0.0,-0.0,0.0,0.19477963939772028
0.9599981307983398,-0.4268839359283447,-0.04910212755203247,-0.4260648488998413,1.0,51.62181091308594,False,0.0,0.1883087009191513,-0.23860855400562286,0.7724708914756775,0.0,-0.003219421207904816,0.022119231224060065,-0.01,0.008899810016155248,0.001618784999664058,False,19,False,False,2.3999999999999573,-0.32194212079048157,-0.0,0.0,0.0,0.0,0.0,0.0,-0.0,0.44684873725679863,0.0,-0.0,0.0,0.2202049474204945
0.9404997825622559,-0.33732008934020996,-0.051336824893951416,-0.12418663501739502,1.0,51.62181091308594,False,0.0,0.1883087009191513,-0.23860855400562286,0.7724708914756775,0.0,-0.002540956139564514,0.019387038350105273,-0.01,0.006846082210540759,0.0014948379994166316,False,20,False,False,2.4999999999999463,-0.2540956139564514,-0.0,0.0,0.0,0.0,0.0,0.0,-0.0,0.49052798484789906,0.0,-0.0,0.0,0.24272303628438502
0.9074008464813232,-0.277765154838562,-0.05271446704864502,0.09967446327209473,1.0,51.62181091308594,False,0.0,0.1883087009191513,-0.23860855400562286,0.7724708914756775,0.0,-0.0022831091284751894,0.012566730082035071,-0.01,0.0002836209535598817,0.0015714560013293521,False,21,False,False,2.5999999999999353,-0.22831091284751892,-0.0,0.0,0.0,0.0,0.0,0.0,-0.0,0.5208702266640196,0.0,-0.0,0.0,0.2581520042035346
0.8452236652374268,-0.2293190360069275,-0.06214940547943115,0.21543443202972412,1.0,51.62181091308594,False,0.0,0.1883087009191513,-0.23860855400562286,0.7724708914756775,0.0,-0.002043161988258362,0.005267470031976695,-0.01,-0.006775691956281667,0.0014567270009138156,False,22,False,False,2.6999999999999242,-0.20431619882583618,-0.0,0.0,0.0,0.0,0.0,0.0,-0.0,0.5367728514377027,0.0,-0.0,0.0,0.26634326373059297
0.721473217010498,-0.18501710891723633,-0.06258082389831543,0.263995885848999,1.0,51.62181091308594,False,0.0,0.1883087009191513,-0.23860855400562286,0.7724708914756775,0.0,-0.0015709127485752105,-0.0014210800826549574,-0.01,-0.012991992831230169,0.0016078999997262144,False,23,False,False,2.7999999999999132,-0.15709127485752106,-0.0,0.0,0.0,0.0,0.0,0.0,-0.0,0.5393239010231239,0.0,-0.0,0.0,0.2680910377629867
0.5563628673553467,-0.11304569244384766,-0.04719221591949463,0.29349327087402344,1.0,51.62181091308594,False,0.0,0.1883087009191513,-0.23860855400562286,0.7724708914756775,0.0,-0.0010267109423875809,-0.006527428179979311,-0.01,-0.01755413912236689,0.001439401999959955,False,24,False,False,2.899999999999902,-0.10267109423875809,-0.0,0.0,0.0,0.0,0.0,0.0,-0.0,0.5315850118886624,0.0,-0.0,0.0,0.2647657950019436
0.36925530433654785,-0.08210146427154541,-0.19220256805419922,0.19502460956573486,1.0,51.62181091308594,False,0.0,0.1883087009191513,-0.23860855400562286,0.7724708914756775,0.0,-0.0005451663956046104,-0.008317601382732409,-0.01,-0.01886276777833702,0.0020358830006443895,False,25,False,False,2.999999999999891,-0.054516639560461044,-0.0,0.0,0.0,0.0,0.0,0.0,-0.0,0.5201512640271538,0.0,-0.0,0.0,0.25953046561797233
0.19175052642822266,-0.08299028873443604,-0.334098219871521,0.09564661979675293,1.0,51.62181091308594,False,0.0,0.1883087009191513,-0.23860855400562286,0.7724708914756775,0.0,-0.00041106387972831724,-0.006750447154045103,-0.01,-0.01716151103377342,0.0019996629998786375,False,26,False,False,3.09999999999988,-0.041106387972831726,-0.0,0.0,0.0,0.0,0.0,0.0,-0.0,0.5117681011976436,0.0,-0.0,0.0,0.25547298671909346
0.1089024543762207,-0.0789451003074646,-0.37441372871398926,-0.06865924596786499,1.0,51.62181091308594,False,0.0,0.1883087009191513,-0.23860855400562286,0.7724708914756775,0.0,-0.00040747951716184615,-0.0038528837263583915,-0.01,-0.014260363243520239,0.0015322770013881382,False,27,False,False,3.199999999999869,-0.040747951716184616,-0.0,0.0,0.0,0.0,0.0,0.0,-0.0,0.5091537524750149,0.0,-0.0,0.0,0.2541693967203456
0.07481515407562256,-0.04360020160675049,-0.4428938627243042,-0.16159582138061523,1.0,51.62181091308594,False,0.0,0.1883087009191513,-0.23860855400562286,0.7724708914756775,0.0,-0.0005744161456823349,-0.00031884327530862233,-0.01,-0.010893259420990958,0.0014913009999872884,False,28,False,False,3.299999999999858,-0.05744161456823349,-0.0,0.0,0.0,0.0,0.0,0.0,-0.0,0.5136526182820692,0.0,-0.0,0.0,0.2562518929953523
0.05109250545501709,-0.027616798877716064,-0.45701682567596436,-0.35417288541793823,1.0,51.62181091308594,False,0.0,0.1883087009191513,-0.23860855400562286,0.7724708914756775,0.0,-0.0008441898226737976,0.0030716460943222,-0.01,-0.007772543728351598,0.0014836810005363077,False,29,False,False,3.399999999999847,-0.08441898226737976,-0.0,0.0,0.0,0.0,0.0,0.0,-0.0,0.5250465296651157,0.0,-0.0,0.0,0.261679075009884
0.030705928802490234,-0.0028619766235351562,-0.33284515142440796,-0.6781946420669556,1.0,51.62181091308594,False,0.0,0.1883087009191513,-0.23860855400562286,0.7724708914756775,0.0,-0.0014292122423648834,0.009397563636302952,-0.01,-0.002031648606061931,0.001444984000045224,False,30,False,False,3.499999999999836,-0.14292122423648834,-0.0,0.0,0.0,0.0,0.0,0.0,-0.0,0.5493348918533543,0.0,-0.0,0.0,0.27323823368431227
0.01462101936340332,0.03300070762634277,-0.1098165512084961,-0.9183721542358398,1.0,51.62181091308594,False,0.0,0.1883087009191513,-0.23860855400562286,0.7724708914756775,0.0,-0.002141924798488617,0.017884295582771326,-0.01,0.005742370784282708,0.001537660999019863,False,31,False,False,3.599999999999825,-0.2141924798488617,-0.0,0.0,0.0,0.0,0.0,0.0,-0.0,0.5910137462047063,0.0,-0.0,0.0,0.2933649483038645
-0.01971435546875,0.03743612766265869,0.16636300086975098,-0.9712996482849121,1.0,51.62181091308594,False,0.0,0.1883087009191513,-0.23860855400562286,0.7724708914756775,0.0,-0.002432224452495575,0.02401711344718932,-0.01,0.011584888994693746,0.0019001950004167156,False,32,False,False,3.699999999999814,-0.2432224452495575,-0.0,0.0,0.0,0.0,0.0,0.0,-0.0,0.6455028205534773,0.0,-0.0,0.0,0.32031918582424307
-0.03544449806213379,0.012323975563049316,0.4462321996688843,-0.9659316539764404,1.0,51.62181091308594,False,0.0,0.1883087009191513,-0.23860855400562286,0.7724708914756775,0.0,-0.0028338885307312013,0.026259289085865,-0.01,0.013425400555133799,0.0014770389989280375,False,33,False,False,3.799999999999803,-0.2833888530731201,-0.0,0.0,0.0,0.0,0.0,0.0,-0.0,0.7050723182937944,0.0,-0.0,0.0,0.349702270616166
-0.011719226837158203,-0.020335733890533447,0.3043649196624756,-0.9292880296707153,1.0,51.62181091308594,False,0.0,0.1883087009191513,-0.23860855400562286,0.7724708914756775,0.0,-0.002391912788152695,0.02661510296165942,-0.01,0.014223190173506725,0.001617316000192659,False,34,False,False,3.899999999999792,-0.23919127881526947,-0.0,0.0,0.0,0.0,0.0,0.0,-0.0,0.7659619610783878,0.0,-0.0,0.0,0.3805890677510412
0.011411786079406738,-0.02681189775466919,0.20869243144989014,-0.8345044851303101,1.0,51.62181091308594,False,0.0,0.1883087009191513,-0.23860855400562286,0.7724708914756775,0.0,-0.001851998418569565,0.025359575375914545,-0.01,0.01350757695734498,0.0023366639998130267,False,35,False,False,3.999999999999781,-0.18519984185695648,-0.0,0.0,0.0,0.0,0.0,0.0,-0.0,0.8249305408050187,0.0,-0.0,0.0,0.41061327198393976
0.019660115242004395,-0.034961044788360596,0.12726497650146484,-0.628044605255127,1.0,51.62181091308594,False,0.0,0.1883087009191513,-0.23860855400562286,0.7724708914756775,0.0,-0.0010306129604578018,0.02127005241811275,-0.01,0.010239439457654948,0.0018516119998821523,False,36,False,False,4.0999999999997705,-0.10306129604578018,-0.0,0.0,0.0,0.0,0.0,0.0,-0.0,0.87623289180136,0.0,-0.0,0.0,0.4370858329402222
0.029093027114868164,-0.04482710361480713,0.047376275062561035,-0.3748010993003845,1.0,51.62181091308594,False,0.0,0.1883087009191513,-0.23860855400562286,0.7724708914756775,0.0,-0.0003639406338334084,0.013912581987678974,-0.01,0.0035486413538455648,0.0018619070015120087,False,37,False,False,4.1999999999997595,-0.036394063383340836,-0.0,0.0,0.0,0.0,0.0,0.0,-0.0,0.9131901146312305,0.0,-0.0,0.0,0.45623111668178185
0.062489986419677734,-0.04250657558441162,0.060163140296936035,-0.2735676169395447,1.0,51.62181091308594,False,0.0,0.1883087009191513,-0.23860855400562286,0.7724708914756775,0.0,-0.00021042663604021073,0.007085032798349877,-0.01,-0.0031253938376903335,0.0019881610005541006,False,38,False,False,4.2999999999997485,-0.021042663604021072,-0.0,0.0,0.0,0.0,0.0,0.0,-0.0,0.9367273020717131,0.0,-0.0,0.0,0.4681532243998163
0.09031450748443604,-0.027283191680908203,0.07739567756652832,-0.16257089376449585,0.9999997615814209,51.62181091308594,False,0.0,0.1883087009191513,-0.23860855400562286,0.7724708914756775,0.0,-0.0001033011730760336,0.003323716372251484,-0.01,-0.00677958480082455,0.0019025259989575716,False,39,False,False,4.3999999999997375,-0.01033011730760336,-0.0,0.0,0.0,0.0,0.0,0.0,-0.0,0.9529039128992375,0.0,-0.0,0.0,0.4763486552765427
0.061153531074523926,-0.025084972381591797,0.11506831645965576,-0.09444040060043335,0.9997968673706055,51.62181091308594,False,0.0,0.1883087009191513,-0.23860855400562286,0.7724708914756775,0.0,-6.632179021835327e-05,-8.10649991035417e-05,-0.01,-0.010147386789321896,0.001858581001215498,False,40,False,False,4.499999999999726,-0.006632179021835327,-0.0,0.0,0.0,0.0,0.0,0.0,-0.0,0.9623652455742353,0.0,-0.0,0.0,0.4811163009968993
0.010591506958007812,-0.004228174686431885,0.08299636840820312,0.009574651718139648,-0.9760003089904785,51.61796951293945,True,0.001436471939086914,0.18819543719291687,-0.23858928680419922,0.7724852561950684,0.0,-1.7775321612134577e-05,0.3776637657515194,-0.01,0.36764599042990725,0.0019811279998975806,False,41,False,False,4.599999999999715,-0.0017775321612134576,-0.0,0.0,0.0,1.0,0.5621310988594586,0.0,-0.0,0.0,0.0,-0.0,0.08645586816080197,0.8675036422689191
0.002800464630126953,-0.04704785346984863,0.041893959045410156,0.1110677719116211,-0.9989610314369202,51.61572265625,True,0.05879402160644531,0.18791510164737701,-0.2386149764060974,0.7730588316917419,0.0,-4.078124184161425e-05,-0.0015661773508305332,-0.01,-0.011606958592672148,0.0020095770014449954,False,42,False,False,4.699999999999704,-0.004078124184161425,-0.0,0.0,0.0,1.0,0.576470241996993,0.0,-0.0,0.0,0.0,-0.0,0.0864670409677224,0.8746613807243773
0.002322077751159668,-0.0361211895942688,0.030283331871032715,0.3036046028137207,-0.999918520450592,51.64691925048828,True,0.3159821033477783,0.18754763901233673,-0.23899489641189575,0.7756307125091553,0.0,-0.00023600740358233454,0.02292682661648393,-0.01,0.012690819212901596,0.001984894999623066,False,43,False,False,4.799999999999693,-0.023600740358233452,-0.0,0.0,0.0,1.0,0.6407674025068671,0.0,-0.0,0.0,0.0,-0.0,0.08631232748906348,0.9064600213389147
-0.0075106024742126465,-0.02525109052658081,0.04823648929595947,0.6325491666793823,-0.9999977946281433,51.65863037109375,True,0.9042203426361084,0.1870758831501007,-0.2391946017742157,0.7815130949020386,0.0,-0.001007848083972931,0.0636700813305241,-0.01,0.052662233246551164,0.002021246998992865,False,44,False,False,4.899999999999682,-0.10078480839729309,-0.0,0.0,0.0,1.0,0.7878272568608458,0.0,-0.0,0.0,0.0,-0.0,0.08625432796311983,0.9791601083095698
-0.018102407455444336,-0.01588308811187744,0.03201150894165039,0.9608641862869263,-1.0,51.653133392333984,True,1.941758394241333,0.1864747852087021,-0.2392413318157196,0.7918884754180908,0.0,-0.0023121616244316102,0.09525071697206322,-0.01,0.08293855534763162,0.0021653130006598076,False,45,False,False,4.999999999999671,-0.231216162443161,-0.0,0.0,0.0,1.0,1.0,0.0,-0.0,0.0,0.0,-0.0,0.0862815210379857,1.083969359413554
-0.028239190578460693,-0.043766796588897705,0.026198506355285645,0.9952172040939331,-1.0,51.657230377197266,True,3.2957732677459717,0.18584401905536652,-0.2393895536661148,0.8054286241531372,0.0,-0.002484641522169113,-0.01088289407822951,-0.01,-0.023367535600398625,0.002070344999083318,False,46,False,False,5.09999999999966,-0.24846415221691132,-0.0,0.0,0.0,1.0,1.0,0.0,-0.0,0.0,0.0,-0.0,0.08626124690057602,1.0837766053784068
-0.02630072832107544,-0.056506335735321045,0.03830432891845703,0.9947974681854248,-1.0,51.68315887451172,True,4.6972808837890625,0.18497033417224884,-0.23979884386062622,0.8194437026977539,0.0,-0.0024874347448349,-0.010989645026531214,-0.01,-0.023477079771366115,0.002301979999174364,False,47,False,False,5.199999999999649,-0.24874347448349,-0.0,0.0,0.0,1.0,1.0,0.0,-0.0,0.0,0.0,-0.0,0.08613294858372322,1.0836455138388883
-0.015289366245269775,-0.04445326328277588,0.021149635314941406,0.9249622821807861,-1.0,51.71849822998047,True,6.067025661468506,0.1841442883014679,-0.24029409885406494,0.8331411480903625,0.0,-0.00214553102850914,-0.01103418269222911,-0.01,-0.02317971372073825,0.0019075110012636287,False,48,False,False,5.299999999999638,-0.214553102850914,-0.0,0.0,0.0,1.0,1.0,0.0,-0.0,0.0,0.0,-0.0,0.08595830645519509,1.083812775426686
-0.027360498905181885,-0.05505931377410889,0.028604865074157715,0.5809483528137207,-1.0,51.7598762512207,True,7.214599609375,0.18352246284484863,-0.24081550538539886,0.8446168899536133,0.0,-0.0008552484214305878,-0.011061544302661375,-0.01,-0.021916792724091964,0.0018968599997606361,False,49,False,False,5.399999999999627,-0.08552484214305878,-0.0,0.0,0.0,1.0,1.0,0.0,-0.0,0.0,0.0,-0.0,0.08575431007549272,1.0848990616540621
-0.032877564430236816,-0.06970500946044922,-0.006113588809967041,0.34561479091644287,-1.0,51.81084442138672,True,7.949418067932129,0.18270553648471832,-0.24146467447280884,0.851965069770813,0.0,-0.0003135666996240616,-0.011105685079254801,-0.01,-0.021419251778878864,0.0019325260000186972,False,50,False,False,5.499999999999616,-0.03135666996240616,-0.0,0.0,0.0,1.0,1.0,0.0,-0.0,0.0,0.0,-0.0,0.08550368024546395,1.08519011354584
-0.703032374382019,0.6846935749053955,0.014775633811950684,0.19950628280639648,-1.0,51.45658874511719,True,8.395910263061523,0.17815393209457397,-0.2385961264371872,0.8564299941062927,0.0,-0.002507702112197876,-0.009115891606419346,-0.01,-0.02162359371861722,0.0019324959994264646,False,51,False,False,5.599999999999605,-0.2507702112197876,-0.0,0.0,0.0,1.0,1.0,0.0,-0.0,0.0,0.0,-0.0,0.087260380044059,1.084752677931861
-0.6902346611022949,0.9046881198883057,-0.03870368003845215,0.11056876182556152,-1.0,50.360755920410156,True,8.716249465942383,0.1695045530796051,-0.22878819704055786,0.8596333861351013,0.0,-0.0032715198397636415,-0.005274474031388365,-0.01,-0.01854599387115201,0.002079378999042092,False,52,False,False,5.699999999999594,-0.32715198397636414,-0.0,0.0,0.0,1.0,1.0,0.0,-0.0,0.0,0.0,-0.0,0.09291507882405503,1.0896435589842914
-0.9646130800247192,0.9953792095184326,-0.008423388004302979,0.07939708232879639,-1.0,49.12518310546875,True,9.146100044250488,0.16212233901023865,-0.21730808913707733,0.8639318943023682,0.0,-0.004819082617759705,-0.004203578429871735,-0.01,-0.01902266104763144,0.002004470001338632,False,53,False,False,5.799999999999583,-0.48190826177597046,-0.0,0.0,0.0,1.0,1.0,0.0,-0.0,0.0,0.0,-0.0,0.09970856324202881,1.094889480624269
-0.9903316497802734,0.999537467956543,-0.003942012786865234,-0.021806776523590088,-1.0,47.89863967895508,True,9.559000015258789,0.15495054423809052,-0.20582394301891327,0.8680608868598938,0.0,-0.0049508073925971985,-0.0038616679267409193,-0.01,-0.018812475319338117,0.0019210869995731628,False,54,False,False,5.899999999999572,-0.49508073925971985,-0.0,0.0,0.0,1.0,1.0,0.0,-0.0,0.0,0.0,-0.0,0.10691605611898936,1.1019652487263922
-0.9849411845207214,0.9996092319488525,-0.006449997425079346,-0.09986484050750732,-1.0,46.63654708862305,True,9.890186309814453,0.14700078964233398,-0.1939910501241684,0.8713727593421936,0.0,-0.004948355853557586,-0.003220666059976507,-0.01,-0.018169021913534093,0.0018014119996223599,False,55,False,False,5.999999999999561,-0.49483558535575867,-0.0,0.0,0.0,1.0,1.0,0.0,-0.0,0.0,0.0,-0.0,0.11484380481235812,1.1098954489588004
-0.9380760788917542,0.9988868236541748,0.009134650230407715,-0.15266448259353638,-1.0,45.32582473754883,True,10.116952896118164,0.13803164660930634,-0.18165984749794006,0.8736404180526733,0.0,-0.004752878844738006,-0.0024212330240453994,-0.01,-0.017174111868783405,0.0015089499993337085,False,56,False,False,6.09999999999955,-0.47528788447380066,-0.0,0.0,0.0,1.0,1.0,0.0,-0.0,0.0,0.0,-0.0,0.12365919813088422,1.1189063192861461
-0.7728953957557678,0.9968770742416382,0.0252072811126709,-0.20243310928344727,-1.0,43.96571350097656,True,10.155189514160156,0.12840062379837036,-0.16873885691165924,0.8740227818489075,0.0,-0.004081864356994629,-0.0015218261070730765,-0.01,-0.015603690464067706,0.0015335669995693024,False,57,False,False,6.199999999999539,-0.4081864356994629,-0.0,0.0,0.0,1.0,1.0,0.0,-0.0,0.0,0.0,-0.0,0.13347210831207157,1.129390243955077
-0.5122978687286377,0.9944577217102051,0.02144455909729004,-0.22899723052978516,-1.0,42.541725158691406,True,9.897822380065918,0.11857801675796509,-0.1550114005804062,0.8714491128921509,0.0,-0.0032607370615005495,-0.0004002928905604275,-0.01,-0.013661029952060977,0.0015446820016222773,False,58,False,False,6.299999999999528,-0.32607370615005493,-0.0,0.0,0.0,1.0,1.0,0.0,-0.0,0.0,0.0,-0.0,0.1445169629102394,1.1412562258487389
-0.313640832901001,0.9940629005432129,-0.026642560958862305,-0.1380850076675415,-1.0,41.137550354003906,True,9.644645690917969,0.11162315309047699,-0.14121127128601074,0.8689173460006714,0.0,-0.0027657723426818847,0.0001486622229678325,-0.01,-0.012617110119714052,0.0014655329996458022,False,59,False,False,6.399999999999517,-0.2765772342681885,-0.0,0.0,0.0,1.0,1.0,0.0,-0.0,0.0,0.0,-0.0,0.15622788921938613,1.1534621168767043
-0.16811209917068481,0.9938355684280396,-0.030171513557434082,-0.06116825342178345,-1.0,39.746829986572266,True,9.502130508422852,0.10728882998228073,-0.1274014264345169,0.8674921989440918,0.0,-0.0025515565276145935,0.0007620990357910529,-0.01,-0.01178945749182354,0.0014835020010650624,False,60,False,False,6.499999999999506,-0.25515565276145935,-0.0,0.0,0.0,1.0,1.0,0.0,-0.0,0.0,0.0,-0.0,0.1686768050085372,1.1661252484809226
-0.09183400869369507,0.9942519664764404,-0.02639591693878174,-0.018297553062438965,-1.0,38.35934829711914,True,9.449118614196777,0.10474253445863724,-0.11356417834758759,0.8669620752334595,0.0,-0.0024950048327445984,0.0014909103939044765,-0.01,-0.011004094438840123,0.0016967129995464347,False,61,False,False,6.599999999999495,-0.24950048327445984,-0.0,0.0,0.0,1.0,1.0,0.0,-0.0,0.0,0.0,-0.0,0.18198752934496853,1.1794925245122239
-0.0669979453086853,0.9950723648071289,-0.02187323570251465,-0.01335829496383667,-1.0,36.971351623535156,True,9.438586235046387,0.10310246795415878,-0.09970048815011978,0.8668567538261414,0.0,-0.0024882864952087405,0.0022916514178958902,-0.01,-0.01019663507731285,0.0017119820004154462,False,62,False,False,6.699999999999484,-0.24882864952087402,-0.0,0.0,0.0,1.0,1.0,0.0,-0.0,0.0,0.0,-0.0,0.19624163058641986,1.1937533440912111
-0.05198812484741211,0.9958771467208862,-0.02253878116607666,-0.02157115936279297,-1.0,35.58232879638672,True,9.43051528930664,0.10182178020477295,-0.0858185812830925,0.8667760491371155,0.0,-0.0024886184930801394,0.0031373657801352373,-0.01,-0.009351252712944902,0.001588531999004772,False,63,False,False,6.799999999999473,-0.24886184930801392,-0.0,0.0,0.0,1.0,1.0,0.0,-0.0,0.0,0.0,-0.0,0.21149396592398972,1.2090053474309095
-0.037788987159729004,0.9963754415512085,-0.024210214614868164,-0.026827752590179443,-1.0,34.192501068115234,True,9.413165092468262,0.10075821727514267,-0.07192414253950119,0.8666025400161743,0.0,-0.0024887447059154513,0.004019873875443114,-0.01,-0.008468870830472337,0.0015869209983065957,False,64,False,False,6.899999999999462,-0.2488744705915451,-0.0,0.0,0.0,1.0,1.0,0.0,-0.0,0.0,0.0,-0.0,0.22779173117573936,1.225302986469824
-0.02792942523956299,0.9964301586151123,-0.02311420440673828,-0.03017038106918335,-1.0,32.80231475830078,True,9.389162063598633,0.09987255185842514,-0.0580231249332428,0.8663625121116638,0.0,-0.002487744092941284,0.004934339336070348,-0.01,-0.007553404756870936,0.0021022780001658248,False,65,False,False,6.999999999999451,-0.24877440929412842,-0.0,0.0,0.0,1.0,1.0,0.0,-0.0,0.0,0.0,-0.0,0.24517785611258947,1.242690112019648
-0.018834352493286133,0.9964141845703125,-0.02242302894592285,-0.030583858489990234,-1.0,31.41221046447754,True,9.36166000366211,0.09912420064210892,-0.044120874255895615,0.8660874962806702,0.0,-0.0024865852296352387,0.005877670363544363,-0.01,-0.0066089148660908766,0.0015248609997797757,False,66,False,False,7.09999999999944,-0.24865852296352386,-0.0,0.0,0.0,1.0,1.0,0.0,-0.0,0.0,0.0,-0.0,0.26369245061797786,1.2612058653883427
-0.011029541492462158,0.996380090713501,-0.022466719150543213,-0.02933526039123535,-1.0,30.022281646728516,True,9.33404541015625,0.09849712252616882,-0.03021903708577156,0.8658113479614258,0.0,-0.0024856506288051606,0.006850611046278043,-0.01,-0.005635039582527117,0.00178497500019148,False,67,False,False,7.199999999999429,-0.24856506288051605,-0.0,0.0,0.0,1.0,1.0,0.0,-0.0,0.0,0.0,-0.0,0.2833768319248804,1.2808911812960753
-0.004998207092285156,0.9963564872741699,-0.0230562686920166,-0.027958452701568604,-1.0,28.63253402709961,True,9.307938575744629,0.09797129034996033,-0.01631813682615757,0.8655502796173096,0.0,-0.0024851612746715547,0.00785077846725657,-0.01,-0.004634382807414985,0.0018755970013444312,False,68,False,False,7.299999999999418,-0.24851612746715546,-0.0,0.0,0.0,1.0,1.0,0.0,-0.0,0.0,0.0,-0.0,0.304270308911223,1.3017851476365514
-0.0007929205894470215,0.9963464736938477,-0.022923529148101807,-0.03103095293045044,-1.0,27.242908477783203,True,9.281360626220703,0.09752446413040161,-0.0024178288877010345,0.8652845025062561,0.0,-0.0024854883551597598,0.008874950957466154,-0.01,-0.0036105373976936055,0.002373125000303844,False,69,False,False,7.399999999999407,-0.24854883551597595,-0.0,0.0,0.0,1.0,1.0,0.0,-0.0,0.0,0.0,-0.0,0.32640933869424005,1.3239238503390802
0.003217458724975586,0.9963581562042236,-0.020490646362304688,-0.03780496120452881,-1.0,25.85335350036621,True,9.248751640319824,0.09713763743638992,0.011482330970466137,0.8649584054946899,0.0,-0.0024864725768566132,0.009918091524219408,-0.01,-0.0025683810526372056,0.0022340020004776306,False,70,False,False,7.499999999999396,-0.24864725768566132,-0.0,0.0,0.0,1.0,1.0,0.0,-0.0,0.0,0.0,-0.0,0.34982572251798927,1.3473392499411327
0.0077877044677734375,0.9963762760162354,-0.01886117458343506,-0.04449450969696045,-1.0,24.463891983032227,True,9.206753730773926,0.09680766612291336,0.025381915271282196,0.8645384311676025,0.0,-0.002487904578447342,0.0109731373815114,-0.01,-0.0015147671969359426,0.0025499490002403036,False,71,False,False,7.599999999999385,-0.2487904578447342,-0.0,0.0,0.0,1.0,1.0,0.0,-0.0,0.0,0.0,-0.0,0.37454427457438844,1.3720563699959412
0.01211082935333252,0.9963667392730713,-0.018316686153411865,-0.05027395486831665,-1.0,23.0745792388916,True,9.15558910369873,0.09653722494840622,0.03928020969033241,0.8640267848968506,0.0,-0.0024893908202648163,0.012032502577907778,-0.01,-0.00045688824235703886,0.002291691000209539,False,72,False,False,7.699999999999374,-0.24893908202648163,-0.0,0.0,0.0,1.0,1.0,0.0,-0.0,0.0,0.0,-0.0,0.40058262827102376,1.3980932374507589
0.0162353515625,0.9963209629058838,-0.01839280128479004,-0.05265378952026367,-1.0,21.685596466064453,True,9.09765338897705,0.0963226929306984,0.053175244480371475,0.8634474277496338,0.0,-0.00249007448554039,0.013085798028372952,-0.01,0.0005957235428325621,0.002070190999802435,False,73,False,False,7.799999999999363,-0.249007448554039,-0.0,0.0,0.0,1.0,1.0,0.0,-0.0,0.0,0.0,-0.0,0.427947910312239,1.4254578358266987
0.021784663200378418,0.9961545467376709,-0.01954817771911621,-0.048574745655059814,-1.0,20.297183990478516,True,9.038961410522461,0.09616842120885849,0.06706434488296509,0.8628605008125305,0.0,-0.0024888502061367035,0.014122527641462268,-0.01,0.0016336774353255643,0.0020770779992744792,False,74,False,False,7.899999999999352,-0.24888502061367035,-0.0,0.0,0.0,1.0,1.0,0.0,-0.0,0.0,0.0,-0.0,0.4566367748381188,1.4541479246319822
0.02645564079284668,0.9958915710449219,-0.021318495273590088,-0.03375178575515747,-1.0,18.909767150878906,True,8.99045467376709,0.09607810527086258,0.08094301074743271,0.8623754382133484,0.0,-0.0024852338433265686,0.01512843577557188,-0.01,0.0026432019322453113,0.002226747001259355,False,75,False,False,7.999999999999341,-0.24852338433265686,-0.0,0.0,0.0,1.0,1.0,0.0,-0.0,0.0,0.0,-0.0,0.4866315324121837,1.4841462985688572
0.0303117036819458,0.995409369468689,-0.02360755205154419,-0.009832561016082764,-1.0,17.52367401123047,True,8.966064453125,0.09604500979185104,0.09480790048837662,0.8621315360069275,0.0,-0.0024810315668582915,0.01609428252455447,-0.01,0.003613250957696179,0.002746247000686708,False,76,False,False,8.099999999999374,-0.24810315668582916,-0.0,0.0,0.0,1.0,1.0,0.0,-0.0,0.0,0.0,-0.0,0.5179048688973322,1.515423837330474
0.035991668701171875,0.994762659072876,-0.026334941387176514,0.02093207836151123,-1.0,16.139101028442383,True,8.977532386779785,0.09607243537902832,0.10865680873394012,0.8622462153434753,0.0,-0.0024799494445323944,0.017011540791208368,-0.01,0.004531591346675974,0.002823343000272871,False,77,False,False,8.199999999999408,-0.24799494445323944,-0.0,0.0,0.0,1.0,1.0,0.0,-0.0,0.0,0.0,-0.0,0.5504206269265084,1.547940677481976
0.04134249687194824,0.9940800666809082,-0.026268959045410156,0.0564723014831543,-1.0,14.756157875061035,True,9.033716201782227,0.09617187082767487,0.1224880963563919,0.8628080487251282,0.0,-0.0024844589829444885,0.017870736317157743,-0.01,0.005386277334213254,0.00235921000057715,False,78,False,False,8.299999999999441,-0.24844589829444885,-0.0,0.0,0.0,1.0,1.0,0.0,-0.0,0.0,0.0,-0.0,0.5841326879102844,1.58164822892734
0.04652512073516846,0.993408203125,-0.02473396062850952,0.09602367877960205,-1.0,13.374853134155273,True,9.141164779663086,0.0963398814201355,0.13630156219005585,0.8638825416564941,0.0,-0.0024971419572830202,0.018663250716735913,-0.01,0.006166108759452893,0.0025021740002557635,False,79,False,False,8.399999999999475,-0.249714195728302,-0.0,0.0,0.0,1.0,1.0,0.0,-0.0,0.0,0.0,-0.0,0.6189857618934731,1.61648861993619
0.05271577835083008,0.9927816390991211,-0.024046480655670166,0.14371895790100098,-1.0,11.995445251464844,True,9.307670593261719,0.09657599031925201,0.1500944346189499,0.8655475974082947,0.0,-0.0025240692496299746,0.019371504312744703,-0.01,0.006847435063114728,0.0026266799995937617,False,80,False,False,8.499999999999508,-0.25240692496299744,-0.0,0.0,0.0,1.0,1.0,0.0,-0.0,0.0,0.0,-0.0,0.6549063638985273,1.6523822946488973
0.05871844291687012,0.9922347068786621,-0.022759675979614258,0.19217133522033691,-1.0,10.61756420135498,True,9.540838241577148,0.09689143300056458,0.16386988759040833,0.8678792715072632,0.0,-0.0025635632872581483,0.020001067726676203,-0.01,0.007437504439418054,0.00242213400088076,False,81,False,False,8.599999999999541,-0.2563563287258148,-0.0,0.0,0.0,1.0,1.0,0.0,-0.0,0.0,0.0,-0.0,0.6918256658592774,1.6892621025720194
0.0660930871963501,0.9918701648712158,-0.0200234055519104,0.2298644781112671,-1.0,9.240372657775879,True,9.836662292480469,0.09729678183794022,0.17763583362102509,0.8708375096321106,0.0,-0.0026035332679748536,0.02055556463053665,-0.01,0.007952031362561795,0.0027971930012427038,False,82,False,False,8.699999999999575,-0.26035332679748535,-0.0,0.0,0.0,1.0,1.0,0.0,-0.0,0.0,0.0,-0.0,0.7296780325427055,1.7270744992747307
0.07778739929199219,0.9916880130767822,-0.014311790466308594,0.22298908233642578,-1.0,7.8612871170043945,True,10.16427230834961,0.09784390777349472,0.19141671061515808,0.8741136193275452,0.0,-0.002598562240600586,0.021076298596848453,-0.01,0.008477736356247868,0.0027839499998663086,False,83,False,False,8.799999999999608,-0.2598562240600586,-0.0,0.0,0.0,1.0,1.0,0.0,-0.0,0.0,0.0,-0.0,0.7684387275387206,1.76584016529812
0.08028137683868408,0.9924449920654297,-0.008025884628295898,0.17961573600769043,-1.0,6.480736255645752,True,10.467272758483887,0.098506860435009,0.2052098512649536,0.8771436214447021,0.0,-0.002559295892715454,0.02147254758937356,-0.01,0.008913251696658103,0.0023918579991004663,False,84,False,False,8.899999999999642,-0.2559295892715454,-0.0,0.0,0.0,1.0,1.0,0.0,-0.0,0.0,0.0,-0.0,0.8079911712799419,1.8054318753872265
0.07368719577789307,0.9933023452758789,0.0038995742797851562,0.08359849452972412,-1.0,5.097249984741211,True,10.685539245605469,0.09918774664402008,0.21903398633003235,0.8793262839317322,0.0,-0.0024977082014083865,0.021789608875969257,-0.01,0.009291900674560871,0.002732213999479427,False,85,False,False,8.999999999999675,-0.24977082014083862,-0.0,0.0,0.0,1.0,1.0,0.0,-0.0,0.0,0.0,-0.0,0.8482634237067715,1.845765715505363
0.05891835689544678,0.9321033954620361,0.03093409538269043,-0.09626853466033936,-1.0,3.7389018535614014,True,10.730767250061035,0.09977211058139801,0.23261168599128723,0.8797785639762878,0.0,-0.002206281572580338,0.021154601995075906,-0.01,0.008948320422495567,0.0028949469997314736,False,86,False,False,9.099999999999708,-0.22062815725803375,-0.0,0.0,0.0,1.0,1.0,0.0,-0.0,0.0,0.0,-0.0,0.8883010314801604,1.88609474990758
0.059597134590148926,0.540644645690918,0.04027080535888672,-0.32414621114730835,-1.0,2.6207289695739746,True,10.505521774291992,0.10019832849502563,0.24379347264766693,0.8775261044502258,0.0,-0.0010063523054122925,0.014023334950851396,-0.01,0.0030169826454391033,0.002297125000040978,False,87,False,False,9.199999999999742,-0.10063523054122925,-0.0,0.0,0.0,1.0,1.0,0.0,-0.0,0.0,0.0,-0.0,0.9215397720920322,1.92053341978662
0.03812110424041748,0.2597312927246094,0.007623791694641113,-0.5387086868286133,-1.0,1.97984778881073,True,9.9705810546875,0.10066750645637512,0.25021278858184814,0.8721767067909241,0.0,-0.0008979468047618866,-0.0002721624091335251,-0.01,-0.011170109213895413,0.0026294420003978303,False,88,False,False,9.299999999999775,-0.08979468047618866,-0.0,0.0,0.0,1.0,1.0,0.0,-0.0,0.0,0.0,-0.0,0.9406743739197257,1.9397764271149638
-0.016842007637023926,0.2753868103027344,-0.01804971694946289,-0.8484552502632141,-1.0,1.593773603439331,True,9.090005874633789,0.10088956356048584,0.2540871202945709,0.863370954990387,0.0,-0.001990809142589569,-0.007973351352542402,-0.01,-0.019964160495131972,0.0023108839995984454,False,89,False,False,9.399999999999809,-0.1990809142589569,-0.0,0.0,0.0,1.0,1.0,0.0,-0.0,0.0,0.0,-0.0,0.9522232207012837,1.9502324115586942
-0.0029657483100891113,0.26633334159851074,-0.0005080103874206543,-0.8647480607032776,-1.0,1.237034559249878,True,7.9253315925598145,0.10040900856256485,0.2576364278793335,0.8517242074012756,0.0,-0.002046829164028168,-0.008946264056374886,-0.01,-0.020993093220403054,0.0022627990001637954,False,90,False,False,9.499999999999842,-0.20468291640281677,-0.0,0.0,0.0,1.0,1.0,0.0,-0.0,0.0,0.0,-0.0,0.9629059850648418,1.9608591559008137
0.015472054481506348,0.21230340003967285,0.005531668663024902,-0.7893797159194946,-1.0,0.9237203001976013,True,6.763064861297607,0.10006676614284515,0.2607630491256714,0.8401015400886536,0.0,-0.0016711574792861938,-0.01033346097874377,-0.01,-0.022004618458029965,0.0014226370003598277,False,91,False,False,9.599999999999875,-0.16711574792861938,-0.0,0.0,0.0,1.0,1.0,0.0,-0.0,0.0,0.0,-0.0,0.972295541972209,1.9706243844929228
0.020406246185302734,0.16085422039031982,0.000800013542175293,-0.6492792963981628,-1.0,0.6870464086532593,True,5.732011795043945,0.09994830936193466,0.26312974095344543,0.8297910094261169,0.0,-0.001119636818766594,-0.012697871782572312,-0.01,-0.023817508601338907,0.0012985960001969943,False,92,False,False,9.699999999999909,-0.1119636818766594,-0.0,0.0,0.0,1.0,1.0,0.0,-0.0,0.0,0.0,-0.0,0.9793915784618439,1.9782719416430772
0.011111140251159668,0.14594995975494385,-0.008563637733459473,-0.47048723697662354,-1.0,0.5062271356582642,True,4.913222789764404,0.09990543872117996,0.264938622713089,0.8216031193733215,0.0,-0.0006071410328149795,-0.014425316618986272,-0.01,-0.025032457651801253,0.0012928189989906969,False,93,False,False,9.799999999999942,-0.060714103281497955,-0.0,0.0,0.0,1.0,1.0,0.0,-0.0,0.0,0.0,-0.0,0.9848143679821184,1.9842072269493034
-0.006720125675201416,0.13386964797973633,-0.003971517086029053,-0.38708263635635376,-1.0,0.3372400403022766,True,4.298037528991699,0.09982642531394958,0.266632080078125,0.8154512643814087,0.0,-0.0004195374622941017,-0.014830041184247467,-0.01,-0.02524957864654157,0.001289530000576633,False,94,False,False,9.899999999999975,-0.04195374622941017,-0.0,0.0,0.0,1.0,1.0,0.0,-0.0,0.0,0.0,-0.0,0.9898831394921346,1.9894636020298404
0.014692306518554688,0.10708987712860107,0.010097026824951172,-0.27800822257995605,-0.9999932646751404,0.1917886883020401,True,3.8193583488464355,0.09967955946922302,0.2681090831756592,0.8106644749641418,0.0,-0.0002226865664124489,-0.015579204805937774,-0.01,-0.025801891372350224,0.0012732420000247657,False,95,False,False,10.000000000000009,-0.02226865664124489,-0.0,0.0,0.0,1.0,1.0,0.0,-0.0,0.0,0.0,-0.0,0.9942464669987834,1.9940237804323708
0.02851581573486328,0.08460724353790283,0.010048866271972656,-0.20180225372314453,-0.9974321126937866,0.07539239525794983,True,3.476661443710327,0.09979528188705444,0.26927441358566284,0.8072375059127808,0.0,-0.00012199167162179947,-0.01648555314078859,-0.01,-0.02660754481241039,0.001272467001399491,False,96,False,False,10.100000000000042,-0.012199167162179947,-0.0,0.0,0.0,1.0,1.0,0.0,-0.0,0.0,0.0,-0.0,0.9977382754553991,1.9976162837837772
0.04871499538421631,0.036099910736083984,-0.012814700603485107,-0.18352055549621582,-0.5204454064369202,0.017550332471728325,True,3.2152116298675537,0.1001671627163887,0.2700534760951996,0.804623007774353,0.0,-9.380091913044453e-05,-0.018259476819885156,-0.01,-0.028353277739015602,0.0012671889999182895,False,97,False,False,10.200000000000076,-0.009380091913044453,-0.0,0.0,0.0,1.0,1.0,0.0,-0.0,0.0,0.0,-0.0,0.999473468209459,1.9993796672903286
0.038466811180114746,-0.017421364784240723,-0.023441851139068604,-0.07970273494720459,0.976963996887207,0.07292762398719788,False,-0.2773702144622803,0.10042227059602737,0.27059459686279297,0.7696971893310547,0.0,-2.1713115274906157e-05,-1.6055443171554846,-0.01,-1.6155660302707595,0.0012547909991553752,False,98,False,False,10.300000000000109,-0.002171311527490616,-0.0,0.0,0.0,0.0,0.0,1.0,-0.0,0.0,1.0,-0.0,0.0,14.999978286884724
0.00891423225402832,-0.022230446338653564,0.004428744316101074,-0.08436352014541626,0.9910764694213867,0.07579225301742554,False,-0.0011861324310302734,0.10039819777011871,0.2706449031829834,0.7724590301513672,0.0,-1.9276184029877186e-05,0.00493216730654239,-0.01,-0.005087108877487487,0.0012713090000033844,False,99,False,False,10.400000000000142,-0.0019276184029877186,-0.0,0.0,0.0,0.0,0.0,0.0,-0.0,0.0,0.0,-0.0,0.0,-1.9276184029877186e-05
0.016281604766845703,-0.01613330841064453,0.0013239383697509766,-0.07371330261230469,0.9948320388793945,0.07580237835645676,False,-5.9604644775390625e-06,0.10039810091257095,0.2706450819969177,0.7724708318710327,0.0,-1.490194583311677e-05,-0.0018812481313943974,-0.01,-0.011896150077227514,0.001276605000384734,False,100,False,False,10.500000000000176,-0.001490194583311677,-0.0,0.0,0.0,0.0,0.0,0.0,-0.0,0.0,0.0,-0.0,0.0,-1.490194583311677e-05
0.012589097023010254,-0.016095221042633057,-0.001432180404663086,-0.07229852676391602,0.9987038373947144,0.07580237835645676,False,0.0,0.10039810091257095,0.2706450819969177,0.7724708914756775,0.0,-1.4116674428805709e-05,-0.0021760779619217074,-0.01,-0.012190194636350514,0.0013301220005814685,False,101,False,False,10.60000000000021,-0.0014116674428805709,-0.0,0.0,0.0,0.0,0.0,0.0,-0.0,0.0,0.0,-0.0,0.0,-1.4116674428805709e-05
0.012529611587524414,-0.01781165599822998,0.006768703460693359,-0.08346855640411377,0.9996827840805054,0.07580237835645676,False,0.0,0.10039810091257095,0.2706450819969177,0.7724708914756775,0.0,-1.871765358373523e-05,-0.0021253719925880543,-0.01,-0.01214408964617179,0.0015574600001855288,False,102,False,False,10.700000000000243,-0.0018717653583735228,-0.0,0.0,0.0,0.0,0.0,0.0,-0.0,0.0,0.0,-0.0,0.0,-1.871765358373523e-05
0.012592554092407227,-0.013641119003295898,0.011628866195678711,-0.08810627460479736,0.9999226331710815,0.07580237835645676,False,0.0,0.10039810091257095,0.2706450819969177,0.7724708914756775,0.0,-2.0606496836990117e-05,-0.0018800698965787954,-0.01,-0.011900676393415785,0.0014733309999428457,False,103,False,False,10.800000000000276,-0.002060649683699012,-0.0,0.0,0.0,0.0,0.0,0.0,-0.0,0.0,0.0,-0.0,0.0,-2.0606496836990117e-05
0.008252501487731934,-0.006982862949371338,0.008950114250183105,-0.08118921518325806,0.9999830722808838,0.07580237835645676,False,0.0,0.10039810091257095,0.2706450819969177,0.7724708914756775,0.0,-1.6971643781289458e-05,-0.0018677955865860074,-0.01,-0.011884767230367297,0.0014281080002547242,False,104,False,False,10.90000000000031,-0.0016971643781289458,-0.0,0.0,0.0,0.0,0.0,0.0,-0.0,0.0,0.0,-0.0,0.0,-1.6971643781289458e-05
0.0052193403244018555,0.004428863525390625,0.010474205017089844,-0.06621819734573364,0.9999951124191284,0.07580237835645676,False,0.0,0.10039810091257095,0.2706450819969177,0.7724708914756775,0.0,-1.13535369746387e-05,-0.0021727215498685837,-0.01,-0.012184075086843223,0.001416519000486005,False,105,False,False,11.000000000000343,-0.00113535369746387,-0.0,0.0,0.0,0.0,0.0,0.0,-0.0,0.0,0.0,-0.0,0.0,-1.13535369746387e-05
-0.0005356669425964355,0.021465182304382324,-0.004097163677215576,0.903572678565979,0.9999961853027344,0.07580237835645676,False,0.0,0.10039810091257095,0.2706450819969177,0.7724708914756775,0.0,-0.0020423035323619844,-0.013466819077730174,-0.01,-0.02550912261009216,0.0015182440001808573,False,106,False,False,11.100000000000376,-0.20423035323619843,-0.0,0.0,0.0,0.0,0.0,0.0,-0.0,0.0,0.0,-0.0,0.0,-0.0020423035323619844
-0.004524886608123779,0.005508303642272949,0.042351722717285156,0.9861710071563721,0.9999997615814209,0.07580237835645676,False,0.0,0.10039810091257095,0.2706450819969177,0.7724708914756775,0.0,-0.002435944378376007,-0.0335815827548504,-0.01,-0.04601752713322641,0.0015093829988472862,False,107,False,False,11.20000000000041,-0.2435944378376007,-0.0,0.0,0.0,0.0,0.0,0.0,-0.0,0.0,0.0,-0.0,0.0,-0.002435944378376007
-0.017558038234710693,-0.005391180515289307,0.014682173728942871,0.9993298053741455,0.9999986886978149,0.07580237835645676,False,0.0,0.10039810091257095,0.2706450819969177,0.7724708914756775,0.0,-0.0024980325996875764,-0.03567919969558714,-0.01,-0.048177232295274715,0.0016773010011092992,False,108,False,False,11.300000000000443,-0.24980325996875763,-0.0,0.0,0.0,0.0,0.0,0.0,-0.0,0.0,0.0,-0.0,0.0,-0.0024980325996875764
-0.03188961744308472,-0.003244757652282715,0.033670663833618164,0.9999947547912598,0.9999781847000122,0.07580237835645676,False,0.0,0.10039810091257095,0.2706450819969177,0.7724708914756775,0.0,-0.0025053766369819643,-0.03447093144059182,-0.01,-0.04697630807757379,0.0017253280002478277,False,109,False,False,11.400000000000476,-0.2505376636981964,-0.0,0.0,0.0,0.0,0.0,0.0,-0.0,0.0,0.0,-0.0,0.0,-0.0025053766369819643
-0.03768712282180786,-0.011383473873138428,0.05239737033843994,0.9999916553497314,0.9999165534973145,0.07580237835645676,False,0.0,0.10039810091257095,0.2706450819969177,0.7724708914756775,0.0,-0.0025106969475746153,-0.03264345452189443,-0.01,-0.04515415146946905,0.0017895490000228165,False,110,False,False,11.50000000000051,-0.25106969475746155,-0.0,0.0,0.0,0.0,0.0,0.0,-0.0,0.0,0.0,-0.0,0.0,-0.0025106969475746153
-0.022366821765899658,-0.010356605052947998,0.09175288677215576,0.9997003078460693,0.9999655485153198,0.07580237835645676,False,0.0,0.10039810091257095,0.2706450819969177,0.7724708914756775,0.0,-0.002521066963672638,-0.03063426032662392,-0.01,-0.04315532729029656,0.0022460290001617977,False,111,False,False,11.600000000000543,-0.2521066963672638,-0.0,0.0,0.0,0.0,0.0,0.0,-0.0,0.0,0.0,-0.0,0.0,-0.002521066963672638
-0.026239454746246338,0.003018975257873535,0.1380692720413208,0.9919512271881104,0.9999955892562866,0.07580237835645676,False,0.0,0.10039810091257095,0.2706450819969177,0.7724708914756775,15.0,-0.002509320080280304,-0.25921525061130524,-0.01,14.728275429308415,0.0025175680002575973,False,112,False,True,11.700000000000577,-0.2509320080280304,-0.0,0.0,0.0,0.0,0.0,0.0,-0.0,0.0,0.0,-0.0,0.0,-0.002509320080280304
