action_dx,action_dy,action_dyaw,action_dz,action_gripper,actual_goal_distance_cm,actual_held,actual_lift_cm,actual_object_x,actual_object_y,actual_object_z,control_component_goal,control_component_penalties,control_component_progress,control_component_time,control_reward,decision_seconds,forced_release,obstacle_contact,phase,proposed_gripper,step,table_contact,task_success,time_s,true_component_action,true_component_collision,true_component_drop,true_component_fail,true_component_grasp,true_component_lift,true_component_place,true_component_proximity,true_component_reach,true_component_success,true_component_table_hit,true_component_transport,true_original_reward
1.0,-1.0,0.0,-1.0,1.0,50.46946334838867,False,0.0,0.17134681344032288,-0.2296261340379715,0.7724708914756775,0.0,-0.0075,0.017444092333316803,-0.01,-5.590766668319737e-05,0.0001930450089275837,False,False,approach,1.0,1,False,False,0.6000000000000004,-0.75,-0.0,0.0,0.0,0.0,0.0,0.0,-0.0,0.0352405997703632,0.0,-0.0,0.0,0.010120299885181601
1.0,-1.0,0.0,-1.0,1.0,50.46946334838867,False,0.0,0.17134681344032288,-0.2296261340379715,0.7724708914756775,0.0,-0.0075,0.00320307195186615,-0.01,-0.01429692804813385,0.00014414219185709953,False,False,approach,1.0,2,False,False,0.7000000000000005,-0.75,-0.0,0.0,0.0,0.0,0.0,0.0,-0.0,0.04206740399587039,0.0,-0.0,0.0,0.013533701997935195
1.0,-1.0,0.0,-1.0,1.0,50.46946334838867,False,0.0,0.17134681344032288,-0.2296261340379715,0.7724708914756775,0.0,-0.0075,0.0038695469498634325,-0.01,-0.013630453050136567,0.00013829907402396202,False,False,approach,1.0,3,False,False,0.8000000000000006,-0.75,-0.0,0.0,0.0,0.0,0.0,0.0,-0.0,0.05030957972710548,0.0,-0.0,0.0,0.01765478986355274
1.0,-1.0,0.0,-1.0,1.0,50.46946334838867,False,0.0,0.17134681344032288,-0.2296261340379715,0.7724708914756775,0.0,-0.0075,0.004546618163585661,-0.01,-0.012953381836414339,0.0001385086216032505,False,False,approach,1.0,4,False,False,0.9000000000000007,-0.75,-0.0,0.0,0.0,0.0,0.0,0.0,-0.0,0.06000283521293048,0.0,-0.0,0.0,0.022501417606465242
1.0,-1.0,0.0,-1.0,1.0,50.46946334838867,False,0.0,0.17134681344032288,-0.2296261340379715,0.7724708914756775,0.0,-0.0075,0.005250924527645112,-0.01,-0.012249075472354888,0.00014039967209100723,False,False,approach,1.0,5,False,False,1.0000000000000007,-0.75,-0.0,0.0,0.0,0.0,0.0,0.0,-0.0,0.07121684310876697,0.0,-0.0,0.0,0.028108421554383485
1.0,-1.0,0.0,-1.0,1.0,50.46946334838867,False,0.0,0.17134681344032288,-0.2296261340379715,0.7724708914756775,0.0,-0.0075,0.005897056758403775,-0.01,-0.011602943241596225,0.0001436038874089718,False,False,approach,1.0,6,False,False,1.1000000000000008,-0.75,-0.0,0.0,0.0,0.0,0.0,0.0,-0.0,0.08384946535727023,0.0,-0.0,0.0,0.03442473267863511
1.0,-1.0,0.0,-1.0,1.0,50.46946334838867,False,0.0,0.17134681344032288,-0.2296261340379715,0.7724708914756775,0.0,-0.0075,0.006382290124893185,-0.01,-0.011117709875106815,0.0001432080753147602,False,False,approach,1.0,7,False,False,1.2000000000000008,-0.75,-0.0,0.0,0.0,0.0,0.0,0.0,-0.0,0.09758998967069421,0.0,-0.0,0.0,0.041294994835347106
1.0,-1.0,0.0,-1.0,1.0,50.46946334838867,False,0.0,0.17134681344032288,-0.2296261340379715,0.7724708914756775,0.0,-0.0075,0.0068970057368278465,-0.01,-0.010602994263172153,0.00013319775462150574,False,False,approach,1.0,8,False,False,1.300000000000001,-0.75,-0.0,0.0,0.0,0.0,0.0,0.0,-0.0,0.11250912821985626,0.0,-0.0,0.0,0.04875456410992813
1.0,-1.0,0.0,-1.0,1.0,50.46946334838867,False,0.0,0.17134681344032288,-0.2296261340379715,0.7724708914756775,0.0,-0.0075,0.00760949641466141,-0.01,-0.00989050358533859,0.00013233069330453873,False,False,approach,1.0,9,False,False,1.400000000000001,-0.75,-0.0,0.0,0.0,0.0,0.0,0.0,-0.0,0.12901826205485467,0.0,-0.0,0.0,0.057009131027427336
1.0,-1.0,0.0,-1.0,1.0,50.46946334838867,False,0.0,0.17134681344032288,-0.2296261340379715,0.7724708914756775,0.0,-0.0075,0.008596510887145997,-0.01,-0.008903489112854003,0.00012805219739675522,False,False,approach,1.0,10,False,False,1.500000000000001,-0.75,-0.0,0.0,0.0,0.0,0.0,0.0,-0.0,0.1476882464667586,0.0,-0.0,0.0,0.06634412323337929
1.0,-1.0,0.0,-1.0,1.0,50.46946334838867,False,0.0,0.17134681344032288,-0.2296261340379715,0.7724708914756775,0.0,-0.0075,0.009862453937530519,-0.01,-0.007637546062469481,0.000129802618175745,False,False,approach,1.0,11,False,False,1.6000000000000012,-0.75,-0.0,0.0,0.0,0.0,0.0,0.0,-0.0,0.16910411079790244,0.0,-0.0,0.0,0.07705205539895121
1.0,-1.0,0.0,-1.0,1.0,50.46946334838867,False,0.0,0.17134681344032288,-0.2296261340379715,0.7724708914756775,0.0,-0.0075,0.011358962357044214,-0.01,-0.006141037642955786,0.00012753810733556747,False,False,approach,1.0,12,False,False,1.7000000000000013,-0.75,-0.0,0.0,0.0,0.0,0.0,0.0,-0.0,0.19375965254788452,0.0,-0.0,0.0,0.08937982627394225
1.0,-1.0,0.0,-1.0,1.0,50.46946334838867,False,0.0,0.17134681344032288,-0.2296261340379715,0.7724708914756775,0.0,-0.0075,0.013032290041446681,-0.01,-0.004467709958553319,0.0001301509328186512,False,False,approach,1.0,13,False,False,1.8000000000000014,-0.75,-0.0,0.0,0.0,0.0,0.0,0.0,-0.0,0.22204464952203729,0.0,-0.0,0.0,0.10352232476101864
1.0,-0.9888485670089722,0.0,-1.0,1.0,50.46946334838867,False,0.0,0.17134681344032288,-0.2296261340379715,0.7724708914756775,0.0,-0.007444553375244141,0.014861899614334095,-0.01,-0.0025826537609100458,0.00012604612857103348,False,False,approach,1.0,14,False,False,1.9000000000000015,-0.7444553375244141,-0.0,0.0,0.0,0.0,0.0,0.0,-0.0,0.2543114946785098,0.0,-0.0,0.0,0.11971119396401075
1.0,-0.8051325678825378,0.0,-1.0,1.0,50.46946334838867,False,0.0,0.17134681344032288,-0.2296261340379715,0.7724708914756775,0.0,-0.006620596051216125,0.016765010356903087,-0.01,0.00014441430568696255,0.00012593809515237808,False,False,approach,1.0,15,False,False,2.0000000000000013,-0.6620596051216125,-0.0,0.0,0.0,0.0,0.0,0.0,-0.0,0.29074907323209864,0.0,-0.0,0.0,0.1387539405648332
1.0,-0.6377013325691223,0.0,-0.856046736240387,1.0,50.46946334838867,False,0.0,0.17134681344032288,-0.2296261340379715,0.7724708914756775,0.0,-0.005348697304725647,0.018535299301147473,-0.01,0.003186601996421826,0.0001338869333267212,False,False,approach,1.0,16,False,False,2.0999999999999903,-0.5348697304725647,-0.0,0.0,0.0,0.0,0.0,0.0,-0.0,0.3311311475125621,0.0,-0.0,0.0,0.1602168764515554
1.0,-0.5063566565513611,0.0,-0.6831916570663452,1.0,50.46946334838867,False,0.0,0.17134681344032288,-0.2296261340379715,0.7724708914756775,0.0,-0.004307869672775268,0.020113413631916044,-0.01,0.005805543959140775,0.00012794462963938713,False,False,approach,1.0,17,False,False,2.1999999999999793,-0.43078696727752686,-0.0,0.0,0.0,0.0,0.0,0.0,-0.0,0.37510892812606467,0.0,-0.0,0.0,0.18324659439025706
0.9129012227058411,-0.4097785949707031,0.0,-0.5010023713111877,1.0,50.46946334838867,False,0.0,0.17134681344032288,-0.2296261340379715,0.7724708914756775,0.0,-0.003130776286125183,0.020602364838123333,-0.01,0.007471588551998148,0.00012961402535438538,False,False,approach,1.0,18,False,False,2.2999999999999683,-0.3130776286125183,-0.0,0.0,0.0,0.0,0.0,0.0,-0.0,0.42051881371095357,0.0,-0.0,0.0,0.2071286305693516
0.7821317911148071,-0.33838844299316406,0.0,-0.3236602544784546,1.0,50.46946334838867,False,0.0,0.17134681344032288,-0.2296261340379715,0.7724708914756775,0.0,-0.0020774820446968077,0.019091052114963536,-0.01,0.007013570070266728,0.00013020914047956467,False,False,approach,1.0,19,False,False,2.3999999999999573,-0.2077482044696808,-0.0,0.0,0.0,0.0,0.0,0.0,-0.0,0.4633343583038755,0.0,-0.0,0.0,0.22958969710724092
0.6555196642875671,-0.2785566747188568,0.0,-0.17155955731868744,1.0,50.46946334838867,False,0.0,0.17134681344032288,-0.2296261340379715,0.7724708914756775,0.0,-0.001341831237077713,0.012561609148979191,-0.01,0.001219777911901478,0.0001457231119275093,False,False,approach,1.0,20,False,False,2.4999999999999463,-0.1341831237077713,-0.0,0.0,0.0,0.0,0.0,0.0,-0.0,0.4933914949742255,0.0,-0.0,0.0,0.24535391625003505
0.5182571411132812,-0.21950696408748627,0.0,-0.08930417895317078,1.0,50.46946334838867,False,0.0,0.17134681344032288,-0.2296261340379715,0.7724708914756775,0.0,-0.0008118725568056107,0.006345932930707954,-0.01,-0.004465939626097657,0.00014348002150654793,False,False,approach,1.0,21,False,False,2.5999999999999353,-0.08118725568056107,-0.0,0.0,0.0,0.0,0.0,0.0,-0.0,0.5111952389272719,0.0,-0.0,0.0,0.25478574690683037
0.3903998136520386,-0.1662449687719345,0.0,-0.053487882018089294,1.0,50.46946334838867,False,0.0,0.17134681344032288,-0.2296261340379715,0.7724708914756775,0.0,-0.0004572758823633194,0.0024553439021110512,-0.01,-0.008001931980252269,0.00013320287689566612,False,False,approach,1.0,22,False,False,2.6999999999999242,-0.04572758823633194,-0.0,0.0,0.0,0.0,0.0,0.0,-0.0,0.5213191327225533,0.0,-0.0,0.0,0.2602022904789133
0.2893569767475128,-0.12422053515911102,0.0,-0.03605030104517937,1.0,50.46946334838867,False,0.0,0.17134681344032288,-0.2296261340379715,0.7724708914756775,0.0,-0.0002511445619165897,0.0002366895973682226,-0.01,-0.010014454964548367,0.00013137096539139748,False,False,approach,1.0,23,False,False,2.7999999999999132,-0.025114456191658974,-0.0,0.0,0.0,0.0,0.0,0.0,-0.0,0.5270631088923173,0.0,-0.0,0.0,0.26328040988424206
0.21401388943195343,-0.092762790620327,-1.0,-0.026426196098327637,1.0,50.46946334838867,False,0.0,0.17134681344032288,-0.2296261340379715,0.7724708914756775,0.0,-0.002637763023376465,-0.000990509837865805,-0.01,-0.01362827286124227,0.00020004203543066978,False,False,approach,1.0,24,False,False,2.899999999999902,-0.2637763023376465,-0.0,0.0,0.0,0.0,0.0,0.0,-0.0,0.5303859638047251,0.0,-0.0,0.0,0.2625552188789861
0.15928931534290314,-0.06937099993228912,-1.0,0.2929282486438751,1.0,50.46946334838867,False,0.0,0.17134681344032288,-0.2296261340379715,0.7724708914756775,0.0,-0.0027899810671806334,-0.0045216466486454054,-0.01,-0.01731162771582604,0.0001841527409851551,False,False,approach,1.0,25,False,False,2.999999999999891,-0.27899810671806335,-0.0,0.0,0.0,0.0,0.0,0.0,-0.0,0.5266088431883275,0.0,-0.0,0.0,0.2605144405269831
0.12152647227048874,-0.053126636892557144,-1.0,0.27369043231010437,1.0,50.46946334838867,False,0.0,0.17134681344032288,-0.2296261340379715,0.7724708914756775,0.0,-0.0027312439680099486,-0.009865019470453262,-0.01,-0.02259626343846321,0.00017687585204839706,False,False,approach,1.0,26,False,False,3.09999999999988,-0.2731243968009949,-0.0,0.0,0.0,0.0,0.0,0.0,-0.0,0.511998865816927,0.0,-0.0,0.0,0.25326818894045355
0.09155482798814774,-0.04122142493724823,-1.0,0.21168135106563568,1.0,50.46946334838867,False,0.0,0.17134681344032288,-0.2296261340379715,0.7724708914756775,0.0,-0.0026372262835502626,-0.009424124360084524,-0.01,-0.022061350643634785,0.00018097134307026863,False,False,approach,1.0,27,False,False,3.199999999999869,-0.26372262835502625,-0.0,0.0,0.0,0.0,0.0,0.0,-0.0,0.4981316998044506,0.0,-0.0,0.0,0.24642862361867504
0.06979331374168396,-0.03335906192660332,-0.948719322681427,0.15282024443149567,1.0,50.46946334838867,False,0.0,0.17134681344032288,-0.2296261340379715,0.7724708914756775,0.0,-0.0023235157132148743,-0.007820079326629648,-0.01,-0.020143595039844524,0.00017921393737196922,False,False,approach,1.0,28,False,False,3.299999999999858,-0.23235157132148743,-0.0,0.0,0.0,0.0,0.0,0.0,-0.0,0.48736531789951276,0.0,-0.0,0.0,0.2413591432365415
0.054541315883398056,-0.027606068179011345,-0.7520376443862915,0.10669992864131927,1.0,50.46946334838867,False,0.0,0.17134681344032288,-0.2296261340379715,0.7724708914756775,0.0,-0.0014517058432102204,-0.006314310729503642,-0.01,-0.01776601657271386,0.00019469298422336578,False,False,approach,1.0,29,False,False,3.399999999999847,-0.14517058432102203,-0.0,0.0,0.0,0.0,0.0,0.0,-0.0,0.4795319154902732,0.0,-0.0,0.0,0.23831425190192637
0.0439959354698658,-0.022934475913643837,-0.5589885115623474,0.07283573597669601,1.0,50.46946334838867,False,0.0,0.17134681344032288,-0.2296261340379715,0.7724708914756775,0.0,-0.0008005870133638382,-0.005145247578620921,-0.01,-0.01594583459198476,0.00018796930089592934,False,False,approach,1.0,30,False,False,3.499999999999836,-0.08005870133638382,-0.0,0.0,0.0,0.0,0.0,0.0,-0.0,0.473981312622354,0.0,-0.0,0.0,0.23619006929781317
0.036770936101675034,-0.019002681598067284,-0.36996278166770935,0.04866357892751694,1.0,50.46946334838867,False,0.0,0.17134681344032288,-0.2296261340379715,0.7724708914756775,0.0,-0.0003523845225572586,-0.004294147193431852,-0.01,-0.01464653171598911,0.00019929278641939163,False,False,approach,1.0,31,False,False,3.599999999999825,-0.03523845225572586,-0.0,0.0,0.0,0.0,0.0,0.0,-0.0,0.4700939547053893,0.0,-0.0,0.0,0.23469459283013738
0.03185391053557396,-0.01570791006088257,-0.18446561694145203,-1.0,1.0,50.46946334838867,False,0.0,0.17134681344032288,-0.2296261340379715,0.7724708914756775,0.0,-0.002588222324848175,0.004941222965717307,-0.01,-0.007646999359130869,0.0001929071731865406,False,False,approach,1.0,32,False,False,3.699999999999814,-0.2588222324848175,-0.0,0.0,0.0,0.0,0.0,0.0,-0.0,0.4848245977386201,0.0,-0.0,0.0,0.23982407654446186
0.023196473717689514,-0.010545882396399975,0.005973099730908871,-1.0,1.0,50.46946334838867,False,0.0,0.17134681344032288,-0.2296261340379715,0.7724708914756775,0.0,-0.002501712441444397,0.022217056304216387,-0.01,0.009715343862771989,0.00019205501303076744,False,False,approach,1.0,33,False,False,3.799999999999803,-0.2501712441444397,-0.0,0.0,0.0,0.0,0.0,0.0,-0.0,0.5346049419157826,0.0,-0.0,0.0,0.2648007585164469
0.027186334133148193,-0.008664618246257305,0.20619413256645203,-1.0,1.0,50.46946334838867,False,0.0,0.17134681344032288,-0.2296261340379715,0.7724708914756775,0.0,-0.002608325481414795,0.02494086116552352,-0.01,0.012332535684108725,0.00019342219457030296,False,False,approach,1.0,34,False,False,3.899999999999792,-0.2608325481414795,-0.0,0.0,0.0,0.0,0.0,0.0,-0.0,0.5903905259740967,0.0,-0.0,0.0,0.2925869375056335
0.030912620946764946,-0.006244128569960594,0.40953531861305237,-1.0,1.0,50.46946334838867,False,0.0,0.17134681344032288,-0.2296261340379715,0.7724708914756775,0.0,-0.002921784222126007,0.026298152953386278,-0.01,0.013376368731260269,0.00018749479204416275,False,False,approach,1.0,35,False,False,3.999999999999781,-0.2921784222126007,-0.0,0.0,0.0,0.0,0.0,0.0,-0.0,0.6494816109732797,0.0,-0.0,0.0,0.32181902126451384
0.03328116238117218,-0.004122280515730381,0.614188015460968,-1.0,1.0,50.46946334838867,False,0.0,0.17134681344032288,-0.2296261340379715,0.7724708914756775,0.0,-0.003445878922939301,0.02748784050345421,-0.01,0.014041961580514907,0.0001887739636003971,False,False,approach,1.0,36,False,False,4.0999999999997705,-0.34458789229393005,-0.0,0.0,0.0,0.0,0.0,0.0,-0.0,0.7115729797255741,0.0,-0.0,0.0,0.35234061093984775
0.034627411514520645,-0.003641921328380704,0.8069584965705872,-0.9372521042823792,1.0,50.46946334838867,False,0.0,0.17134681344032288,-0.2296261340379715,0.7724708914756775,0.0,-0.0038270896673202517,0.02774048037827015,-0.01,0.013913390710949896,0.00017987936735153198,False,False,approach,1.0,37,False,False,4.1999999999997595,-0.38270896673202515,-0.0,0.0,0.0,0.0,0.0,0.0,-0.0,0.7748018863319981,0.0,-0.0,0.0,0.3835738534986788
0.03531783074140549,-0.005379962734878063,0.9057810306549072,-0.7247214913368225,1.0,50.46946334838867,False,0.0,0.17134681344032288,-0.2296261340379715,0.7724708914756775,0.0,-0.0033673420548439026,0.02449174828827383,-0.01,0.011124406233429926,0.00018283678218722343,False,False,approach,1.0,38,False,False,4.2999999999997485,-0.33673420548439026,-0.0,0.0,0.0,0.0,0.0,0.0,-0.0,0.8321066458181784,0.0,-0.0,0.0,0.4126859808542453
0.03463185206055641,-0.009201250970363617,0.7954602241516113,-0.5374900698661804,1.0,50.46946334838867,False,0.0,0.17134681344032288,-0.2296261340379715,0.7724708914756775,0.0,-0.0023073413968086242,0.017707150690257523,-0.01,0.005399809293448897,0.00018099602311849594,False,False,approach,1.0,39,False,False,4.3999999999997375,-0.23073413968086243,-0.0,0.0,0.0,0.0,0.0,0.0,-0.0,0.8762837409966677,0.0,-0.0,0.0,0.43583452910152526
0.030360693112015724,-0.012904933653771877,0.5720927119255066,-0.39578762650489807,1.0,50.46946334838867,False,0.0,0.17134681344032288,-0.2296261340379715,0.7724708914756775,0.0,-0.0012125655263662339,0.011532765813171864,-0.01,0.00032020028680562924,0.00017815176397562027,False,False,approach,1.0,40,False,False,4.499999999999726,-0.12125655263662338,-0.0,0.0,0.0,0.0,0.0,0.0,-0.0,0.9084333900763346,0.0,-0.0,0.0,0.4530041295118011
0.024459537118673325,-0.014959759078919888,0.33320334553718567,-0.29378563165664673,1.0,50.46946334838867,False,0.0,0.17134681344032288,-0.2296261340379715,0.7724708914756775,0.0,-0.0004953913390636444,0.006942381151020527,-0.01,-0.003553010188043118,0.0001919143833220005,False,False,approach,1.0,41,False,False,4.599999999999715,-0.04953913390636444,-0.0,0.0,0.0,0.0,0.0,0.0,-0.0,0.9316346321335656,0.0,-0.0,0.0,0.46532192472771916
0.019252076745033264,-0.015387496910989285,0.093643419444561,-0.220598042011261,1.0,50.46946334838867,False,0.0,0.17134681344032288,-0.2296261340379715,0.7724708914756775,0.0,-0.00014510001055896283,0.003763185795396584,-0.01,-0.006381914215162379,0.00018024304881691933,False,False,approach,1.0,42,False,False,4.699999999999704,-0.014510001055896282,-0.0,0.0,0.0,0.0,0.0,0.0,-0.0,0.9486474141667246,0.0,-0.0,0.0,0.47417860707280335
0.016005968675017357,-0.01474335603415966,-0.13328467309474945,-0.16701894998550415,1.0,50.46946334838867,False,0.0,0.17134681344032288,-0.2296261340379715,0.7724708914756775,0.0,-0.00011533422395586968,0.0015500723570585073,-0.01,-0.008565261866897362,0.00021936092525720596,False,False,approach,1.0,43,False,False,4.799999999999693,-0.011533422395586967,-0.0,0.0,0.0,0.0,0.0,0.0,-0.0,0.9613613127702805,0.0,-0.0,0.0,0.48056532216118436
0.014797965995967388,-0.013685555197298527,0.0,-0.12687210738658905,1.0,50.46946334838867,False,0.0,0.17134681344032288,-0.2296261340379715,0.7724708914756775,0.0,-4.125701729208231e-05,-0.00010475824587047322,-0.01,-0.010146015263162556,0.00014385022222995758,False,False,approach,1.0,44,False,False,4.899999999999682,-0.004125701729208231,-0.0,0.0,0.0,0.0,0.0,0.0,-0.0,0.9708602716437329,0.0,-0.0,0.0,0.4853888788045744
0.0,0.0,0.0,0.0,-1.0,50.41901397705078,True,0.0016868114471435547,0.17001083493232727,-0.2293056845664978,0.7724877595901489,0.0,0.0,0.3795356949569155,-0.01,0.3695356949569155,9.750900790095329e-05,False,False,grasp_lift,-1.0,45,False,False,4.999999999999671,-0.0,-0.0,0.0,0.0,1.0,0.5621936450600107,0.0,-0.0,0.0,0.0,-0.0,0.09260586987407071,0.873702692404076
0.0,0.0,0.0,0.0,-1.0,50.40824508666992,True,0.005161762237548828,0.16978995501995087,-0.22922787070274353,0.772522509098053,0.0,0.0,-0.008250483511697548,-0.01,-0.01825048351169755,0.00010760966688394547,False,False,grasp_lift,-1.0,46,False,False,5.09999999999966,-0.0,-0.0,0.0,0.0,1.0,0.5630620289323401,0.0,-0.0,0.0,0.0,-0.0,0.09266294669704678,0.8741939611632168
0.0,0.0,0.0,0.0,-1.0,50.38508605957031,True,0.019437074661254883,0.1694953292608261,-0.2290351539850235,0.77266526222229,0.0,0.0,-0.00685374482601675,-0.01,-0.016853744826016752,9.921006858348846e-05,False,False,grasp_lift,-1.0,47,False,False,5.199999999999649,-0.0,-0.0,0.0,0.0,1.0,0.5666316436396063,0.0,-0.0,0.0,0.0,-0.0,0.09278581573428535,0.8761016375540884
0.0,0.0,0.0,0.0,-1.0,50.3646125793457,True,0.041747093200683594,0.16925747692584991,-0.2288615107536316,0.7728883624076843,0.0,0.0,-0.005892483106967772,-0.01,-0.015892483106967774,9.877700358629227e-05,False,False,grasp_lift,-1.0,48,False,False,5.299999999999638,-0.0,-0.0,0.0,0.0,1.0,0.5722092055558597,0.0,-0.0,0.0,0.0,-0.0,0.09289456885162417,0.8789991716295541
0.0,0.0,0.0,0.0,-1.0,50.344539642333984,True,0.06427168846130371,0.16902180016040802,-0.22869153320789337,0.7731136083602905,0.0,0.0,-0.005896887833699349,-0.01,-0.01589688783369935,9.474391117691994e-05,False,False,grasp_lift,-1.0,49,False,False,5.399999999999627,-0.0,-0.0,0.0,0.0,1.0,0.5778395919417811,0.0,-0.0,0.0,0.0,-0.0,0.09300131644909082,0.8819211124199814
0.0,0.0,0.0,0.0,-1.0,50.32518005371094,True,0.08663535118103027,0.1687837392091751,-0.22852899134159088,0.7733372449874878,0.0,0.0,-0.005949682557923386,-0.01,-0.015949682557923388,9.298697113990784e-05,False,False,grasp_lift,-1.0,50,False,False,5.499999999999616,-0.0,-0.0,0.0,0.0,1.0,0.5834304057108303,0.0,-0.0,0.0,0.0,-0.0,0.09310437262828941,0.8848195754837045
0.0,0.0,0.0,0.0,-1.0,50.30656433105469,True,0.10892152786254883,0.16854281723499298,-0.22837428748607635,0.773560106754303,0.0,0.0,-0.00599208179952504,-0.01,-0.01599208179952504,9.6071045845747e-05,False,False,grasp_lift,-1.0,51,False,False,5.599999999999605,-0.0,-0.0,0.0,0.0,1.0,0.5890033498566621,0.0,-0.0,0.0,0.0,-0.0,0.09320356314269929,0.8877052380710304
0.0,0.0,0.0,0.0,-1.0,50.288536071777344,True,0.13118982315063477,0.16829952597618103,-0.22822566330432892,0.7737827897071838,0.0,0.0,-0.006026131045107186,-0.01,-0.016026131045107188,9.774882346391678e-05,False,False,grasp_lift,-1.0,52,False,False,5.699999999999594,-0.0,-0.0,0.0,0.0,1.0,0.5945703294799043,0.0,-0.0,0.0,0.0,-0.0,0.09329975714433725,0.8905849218842894
0.0,0.0,0.0,1.0,-1.0,50.2432746887207,True,0.6261229515075684,0.16731175780296326,-0.22790342569351196,0.7787321209907532,0.0,-0.0025,0.05258154137454196,-0.01,0.04008154137454196,0.00010207202285528183,False,False,grasp_lift,-1.0,53,False,False,5.799999999999583,-0.25,-0.0,0.0,0.0,1.0,0.718302854069941,0.0,-0.0,0.0,0.0,-0.0,0.09354156495606136,0.9501929919910319
0.0,0.0,0.0,1.0,-1.0,50.239200592041016,True,1.979506015777588,0.16725683212280273,-0.2278696596622467,0.7922659516334534,0.0,-0.0025,0.12993466784021357,-0.01,0.11743466784021357,9.674299508333206e-05,False,False,grasp_lift,-1.0,54,False,False,5.899999999999572,-0.25,-0.0,0.0,0.0,1.0,1.0,0.0,-0.0,0.0,0.0,-0.0,0.09356340590217571,1.0910634059021758
0.0,0.0,0.0,1.0,-1.0,50.214107513427734,True,3.391718864440918,0.16682913899421692,-0.22767406702041626,0.8063880801200867,0.0,-0.0025,-0.010802605808744925,-0.01,-0.023302605808744926,9.974604472517967e-05,False,False,grasp_lift,-1.0,55,False,False,5.999999999999561,-0.25,-0.0,0.0,0.0,1.0,1.0,0.0,-0.0,0.0,0.0,-0.0,0.09369777838790938,1.0911977783879094
0.0,0.0,0.0,0.9607114791870117,-1.0,50.1844596862793,True,4.78486442565918,0.16632527112960815,-0.2274424135684967,0.8203195333480835,0.0,-0.0023074163496494293,-0.010779574463365194,-0.01,-0.023086990813014623,0.00010389881208539009,False,False,carry,-1.0,56,False,False,6.09999999999955,-0.23074163496494293,-0.0,0.0,0.0,1.0,1.0,0.0,-0.0,0.0,0.0,-0.0,0.09385674529734989,1.0915493289477003
0.0,0.0,0.0,0.7421239018440247,-1.0,50.158416748046875,True,6.039899826049805,0.16595123708248138,-0.22722946107387543,0.8328698873519897,0.0,-0.0013768696784973145,-0.010800100271631363,-0.01,-0.02217696995012868,0.00010420801118016243,False,False,carry,-1.0,57,False,False,6.199999999999539,-0.13768696784973145,-0.0,0.0,0.0,1.0,1.0,0.0,-0.0,0.0,0.0,-0.0,0.09399660787560948,1.0926197381971123
0.0,0.0,0.0,0.5448771119117737,-1.0,50.13058853149414,True,7.011556625366211,0.1655595600605011,-0.22700051963329315,0.8425864577293396,0.0,-0.0007422276586294174,-0.010791774166478918,-0.01,-0.021534001825108336,0.00010649021714925766,False,False,carry,-1.0,58,False,False,6.299999999999528,-0.07422276586294174,-0.0,0.0,0.0,1.0,1.0,0.0,-0.0,0.0,0.0,-0.0,0.09414631388674866,1.0934040862281191
0.0,0.0,0.0,0.39204177260398865,-1.0,50.10451126098633,True,7.727861404418945,0.16520142555236816,-0.22678464651107788,0.8497495055198669,0.0,-0.00038424186408519745,-0.010802398917427958,-0.01,-0.021186640781513156,0.00010590720921754837,False,False,carry,-1.0,59,False,False,6.399999999999517,-0.038424186408519745,-0.0,0.0,0.0,1.0,1.0,0.0,-0.0,0.0,0.0,-0.0,0.09428677305667721,1.093902531192592
0.0,0.0,0.0,0.2793373465538025,-1.0,50.080787658691406,True,8.246814727783203,0.16488222777843475,-0.22658714652061462,0.8549390435218811,0.0,-0.00019507339224219321,-0.010816187816995892,-0.01,-0.02101126120923809,0.0001305360347032547,False,False,carry,-1.0,60,False,False,6.499999999999506,-0.019507339224219322,-0.0,0.0,0.0,1.0,1.0,0.0,-0.0,0.0,0.0,-0.0,0.09441475985925285,1.0942196864670106
-1.0,1.0,0.0,0.19766046106815338,-1.0,49.561248779296875,True,8.647001266479492,0.15979304909706116,-0.2219923883676529,0.8589408993721008,0.0,-0.0050976741313934325,-0.008128490260999044,-0.01,-0.023226164392392477,0.00018117716535925865,False,False,carry,-1.0,61,False,False,6.599999999999495,-0.5097674131393433,-0.0,0.0,0.0,1.0,1.0,0.0,-0.0,0.0,0.0,-0.0,0.09725885585096228,1.0921611817195687
-0.9418412446975708,1.0,0.0,0.13596178591251373,-1.0,48.34331130981445,True,9.085857391357422,0.1521221548318863,-0.21061506867408752,0.8633294701576233,0.0,-0.004763876497745514,-0.004053370957509239,-0.01,-0.018817247455254753,0.00015623867511749268,False,False,carry,-1.0,62,False,False,6.699999999999484,-0.4763876497745514,-0.0,0.0,0.0,1.0,1.0,0.0,-0.0,0.0,0.0,-0.0,0.1042479576320533,1.0994840811343076
-0.8204753398895264,1.0,0.0,0.06789885461330414,-1.0,47.058738708496094,True,9.464478492736816,0.14449910819530487,-0.19847874343395233,0.8671156764030457,0.0,-0.004194475412368774,-0.003237026587032954,-0.01,-0.01743150199940173,0.00014809099957346916,False,False,carry,-1.0,63,False,False,6.799999999999473,-0.41944754123687744,-0.0,0.0,0.0,1.0,1.0,0.0,-0.0,0.0,0.0,-0.0,0.11213223474110523,1.1079377593287363
-0.701815128326416,1.0,0.0,0.008171428926289082,-1.0,45.70358657836914,True,9.740293502807617,0.13635726273059845,-0.18558742105960846,0.8698738217353821,0.0,-0.0037315279245376588,-0.002287167744509988,-0.01,-0.016018695669047647,0.0001424918882548809,False,False,carry,-1.0,64,False,False,6.899999999999462,-0.37315279245376587,-0.0,0.0,0.0,1.0,1.0,0.0,-0.0,0.0,0.0,-0.0,0.12105565488078118,1.1173241269562437
-0.5746502876281738,1.0,0.0,-0.036098215728998184,-1.0,44.27811050415039,True,9.801733016967773,0.12745749950408936,-0.17192894220352173,0.8704882264137268,0.0,-0.0033288151025772095,-0.0012110476026483408,-0.01,-0.01453986270522555,0.00014160899445414543,False,False,carry,-1.0,65,False,False,6.999999999999451,-0.33288151025772095,-0.0,0.0,0.0,1.0,1.0,0.0,-0.0,0.0,0.0,-0.0,0.13115615011268167,1.1278273350101045
-0.4345943033695221,1.0,0.0,-0.046416640281677246,-1.0,42.849769592285156,True,9.76831340789795,0.1196221113204956,-0.15804819762706757,0.8701540231704712,0.0,-0.0029775667190551757,-0.0005183214619313148,-0.01,-0.01349588818098649,0.00014001177623867989,False,False,carry,-1.0,66,False,False,7.09999999999944,-0.2977566719055176,-0.0,0.0,0.0,1.0,1.0,0.0,-0.0,0.0,0.0,-0.0,0.14205840186815943,1.1390808351491042
-0.3115064203739166,1.0,0.0,-0.041532132774591446,-1.0,41.43623733520508,True,9.723502159118652,0.11358659714460373,-0.14413954317569733,0.8697059154510498,0.0,-0.0027469030022621156,7.117250888111215e-05,-0.01,-0.012675730493381004,0.00014824606478214264,False,False,carry,-1.0,67,False,False,7.199999999999429,-0.27469030022621155,-0.0,0.0,0.0,1.0,1.0,0.0,-0.0,0.0,0.0,-0.0,0.15366625744631524,1.150919354444053
-0.21669207513332367,1.0,0.0,-0.03463474288582802,-1.0,40.0327262878418,True,9.68583869934082,0.10916082561016083,-0.1302223950624466,0.8693292737007141,0.0,-0.0026203876733779906,0.000719469377714832,-0.01,-0.011900918295663159,0.0001409389078617096,False,False,carry,-1.0,68,False,False,7.299999999999418,-0.2620387673377991,-0.0,0.0,0.0,1.0,1.0,0.0,-0.0,0.0,0.0,-0.0,0.16604620608872223,1.1634258184153443
-0.1470736861228943,1.0,0.0,-0.028835603967308998,-1.0,38.63461685180664,True,9.656959533691406,0.1059766486287117,-0.11629993468523026,0.8690404891967773,0.0,-0.0025561553239822387,0.0014348101120931211,-0.01,-0.011121345211889119,0.0001508728601038456,False,False,carry,-1.0,69,False,False,7.399999999999407,-0.2556155323982239,-0.0,0.0,0.0,1.0,1.0,0.0,-0.0,0.0,0.0,-0.0,0.17927371678210602,1.1767175614581236
-0.0968821793794632,1.0,0.0,-0.02447342872619629,-1.0,37.23916244506836,True,9.635269165039062,0.10370364785194397,-0.10237318277359009,0.8688235878944397,0.0,-0.0025249627232551575,0.0022081033383125614,-0.01,-0.010316859384942596,0.00014687096700072289,False,False,carry,-1.0,70,False,False,7.499999999999396,-0.25249627232551575,-0.0,0.0,0.0,1.0,1.0,0.0,-0.0,0.0,0.0,-0.0,0.19341602580169204,1.1908910630784368
-0.060963600873947144,1.0,0.0,-0.021296797320246696,-1.0,35.84482192993164,True,9.618913650512695,0.10208654403686523,-0.08844215422868729,0.868660032749176,0.0,-0.002510425448417664,0.0030323160016521022,-0.01,-0.009478109446765562,0.00016100285574793816,False,False,carry,-1.0,71,False,False,7.599999999999385,-0.25104254484176636,-0.0,0.0,0.0,1.0,1.0,0.0,-0.0,0.0,0.0,-0.0,0.20853364710870448,1.2060232216602869
-0.03533729910850525,1.0,0.0,-0.01898915320634842,-1.0,34.4508056640625,True,9.606420516967773,0.10093774646520615,-0.07450675964355469,0.8685351014137268,0.0,-0.002504023313522339,0.0039016374815716848,-0.01,-0.008602385831950655,0.0001435568556189537,False,False,carry,-1.0,72,False,False,7.699999999999374,-0.2504023313522339,-0.0,0.0,0.0,1.0,1.0,0.0,-0.0,0.0,0.0,-0.0,0.22468210999245108,1.222178086678929
-0.017072701826691628,1.0,0.0,-0.017292996868491173,-1.0,33.056739807128906,True,9.596717834472656,0.1001221314072609,-0.06056736409664154,0.8684380650520325,0.0,-0.0025014764070510863,0.004811582250050961,-0.01,-0.007689894157000126,0.00016234908252954483,False,False,carry,-1.0,73,False,False,7.799999999999363,-0.25014764070510864,-0.0,0.0,0.0,1.0,1.0,0.0,-0.0,0.0,0.0,-0.0,0.24191280518062486,1.239411328773574
-0.00405385484918952,1.0,0.0,-0.016024626791477203,-1.0,31.66251564025879,True,9.589046478271484,0.0995432436466217,-0.046624805778265,0.8683613538742065,0.0,-0.002500683069229126,0.005757807444491947,-0.01,-0.006742875624737179,0.00016092602163553238,False,False,carry,-1.0,74,False,False,7.899999999999352,-0.2500683069229126,-0.0,0.0,0.0,1.0,1.0,0.0,-0.0,0.0,0.0,-0.0,0.26027335943395,1.2577726763647208
0.005232559517025948,1.0,0.0,-0.015058711171150208,-1.0,30.268144607543945,True,9.582841873168945,0.09913250058889389,-0.03268018737435341,0.8682993054389954,0.0,-0.002500635385513306,0.006736305747893745,-0.01,-0.005764329637619562,0.00015825079753994942,False,False,carry,-1.0,75,False,False,7.999999999999341,-0.25006353855133057,-0.0,0.0,0.0,1.0,1.0,0.0,-0.0,0.0,0.0,-0.0,0.2798077498893684,1.277307114503855
0.01186385191977024,1.0,0.0,-0.014309694059193134,-1.0,28.873693466186523,True,9.577709197998047,0.09884116798639297,-0.018734615296125412,0.8682479858398438,0.0,-0.0025008639693260195,0.007742888093798417,-0.01,-0.004757975875527603,0.00015470804646611214,False,False,carry,-1.0,76,False,False,8.099999999999374,-0.25008639693260193,-0.0,0.0,0.0,1.0,1.0,0.0,-0.0,0.0,0.0,-0.0,0.30055617460678885,1.2980553106374628
0.016605939716100693,1.0,0.0,-0.013717805966734886,-1.0,27.479244232177734,True,9.573346138000488,0.09863456338644028,-0.004789058119058609,0.8682043552398682,0.0,-0.002501159906387329,0.008772958239920525,-0.01,-0.003728201666466804,0.00016001658514142036,False,False,carry,-1.0,77,False,False,8.199999999999408,-0.2501159906387329,-0.0,0.0,0.0,1.0,1.0,0.0,-0.0,0.0,0.0,-0.0,0.3225546523088251,1.3200534924024376
0.02000384032726288,1.0,0.0,-0.013240080326795578,-1.0,26.084869384765625,True,9.569538116455078,0.098487988114357,0.009155700914561749,0.8681662678718567,0.0,-0.002501438856124878,0.009821300856139192,-0.01,-0.0026801379999856854,0.00015768501907587051,False,False,carry,-1.0,78,False,False,8.299999999999441,-0.2501438856124878,-0.0,0.0,0.0,1.0,1.0,0.0,-0.0,0.0,0.0,-0.0,0.3458343582968394,1.3433329194407144
0.022446097806096077,1.0,0.0,-0.012844902463257313,-1.0,24.690628051757812,True,9.566122055053711,0.0983838215470314,0.0230990219861269,0.8681321144104004,0.0,-0.00250167191028595,0.010882195654502436,-0.01,-0.001619476255783514,0.00015466799959540367,False,False,carry,-1.0,79,False,False,8.399999999999475,-0.25016719102859497,-0.0,0.0,0.0,1.0,1.0,0.0,-0.0,0.0,0.0,-0.0,0.37042075116109596,1.36791907925081
0.024210136383771896,1.0,0.0,-0.012508658692240715,-1.0,23.296579360961914,True,9.562987327575684,0.0983094796538353,0.0370403416454792,0.8681007623672485,0.0,-0.0025018566846847536,0.01194850502198852,-0.01,-0.0005533516626962335,0.0001577800139784813,False,False,carry,-1.0,80,False,False,8.499999999999508,-0.25018566846847534,-0.0,0.0,0.0,1.0,1.0,0.0,-0.0,0.0,0.0,-0.0,0.3963325716421766,1.3938307149574918
0.025494150817394257,1.0,0.0,-0.012213580310344696,-1.0,21.902782440185547,True,9.560049057006836,0.09825603663921356,0.050979118794202805,0.8680713772773743,0.0,-0.0025019976496696472,0.013012415324833437,-0.01,0.0005104176751637903,0.00020104087889194489,False,False,carry,-1.0,81,False,False,8.599999999999541,-0.2501997649669647,-0.0,0.0,0.0,1.0,1.0,0.0,-0.0,0.0,0.0,-0.0,0.42358079500384005,1.4210787973541703
0.026439614593982697,1.0,0.0,-0.011946234852075577,-1.0,20.509300231933594,True,9.557235717773438,0.09821712225675583,0.064914770424366,0.8680432438850403,0.0,-0.0025021043419837952,0.014065105559322388,-0.01,0.001563001217338593,0.00015908293426036835,False,False,carry,-1.0,82,False,False,8.699999999999575,-0.2502104341983795,-0.0,0.0,0.0,1.0,1.0,0.0,-0.0,0.0,0.0,-0.0,0.4521676027689586,1.4496654984269748
0.02714727260172367,1.0,0.0,-0.01169639453291893,-1.0,19.11618995666504,True,9.554505348205566,0.09818827360868454,0.07884669303894043,0.8680159449577332,0.0,-0.002502184510231018,0.015096989238447822,-0.01,0.0025948047282168037,0.00016045570373535156,False,False,carry,-1.0,83,False,False,8.799999999999608,-0.2502184510231018,-0.0,0.0,0.0,1.0,1.0,0.0,-0.0,0.0,0.0,-0.0,0.4820854220729315,1.4795832375627003
0.027688609436154366,1.0,0.0,-0.011456183157861233,-1.0,17.723529815673828,True,9.551811218261719,0.0981663390994072,0.09277421981096268,0.8679890036582947,0.0,-0.0025022447109222415,0.01609744634930599,-0.01,0.003595201638383746,0.00015671225264668465,False,False,carry,-1.0,84,False,False,8.899999999999642,-0.2502244710922241,-0.0,0.0,0.0,1.0,1.0,0.0,-0.0,0.0,0.0,-0.0,0.5133160685835212,1.510813823872599
0.028114095330238342,1.0,0.0,-0.011219433508813381,-1.0,16.331382751464844,True,9.549135208129883,0.0981491357088089,0.10669666528701782,0.8679622411727905,0.0,-0.0025022906064987183,0.017055680694200825,-0.01,0.004553390087702107,0.0001577259972691536,False,False,carry,-1.0,85,False,False,8.999999999999675,-0.2502290606498718,-0.0,0.0,0.0,1.0,1.0,0.0,-0.0,0.0,0.0,-0.0,0.5458300227157573,1.5433277321092587
0.028459185734391212,1.0,0.0,-0.010981222614645958,-1.0,14.93983268737793,True,9.546441078186035,0.09813517332077026,0.12061332166194916,0.867935299873352,0.0,-0.0025023263692855835,0.017960000285774935,-0.01,0.005457673916489351,0.00015496183186769485,False,False,carry,-1.0,86,False,False,9.099999999999708,-0.25023263692855835,-0.0,0.0,0.0,1.0,1.0,0.0,-0.0,0.0,0.0,-0.0,0.5795858664337028,1.5770835400644172
0.02874865010380745,1.0,0.0,-0.010737568140029907,-1.0,13.548954010009766,True,9.543716430664062,0.09812340885400772,0.13452346622943878,0.8679080605506897,0.0,-0.002502354383468628,0.018798735571373015,-0.01,0.006296381187904388,0.00015906896442174911,False,False,carry,-1.0,87,False,False,9.199999999999742,-0.2502354383468628,-0.0,0.0,0.0,1.0,1.0,0.0,-0.0,0.0,0.0,-0.0,0.6145299059206828,1.6120275515372142
0.028999745845794678,1.0,0.0,-0.010485231876373291,-1.0,12.158824920654297,True,9.540939331054688,0.09811317920684814,0.14842639863491058,0.8678802847862244,0.0,-0.0025023773312568666,0.019560115138292034,-0.01,0.0070577378070351676,0.000158658716827631,False,False,carry,-1.0,88,False,False,9.299999999999775,-0.25023773312568665,-0.0,0.0,0.0,1.0,1.0,0.0,-0.0,0.0,0.0,-0.0,0.6505960011943053,1.6480936238630484
0.029224524274468422,1.0,0.0,-0.010221620090305805,-1.0,10.769525527954102,True,9.538107872009277,0.09810400009155273,0.16232144832611084,0.867851972579956,0.0,-0.0025023961067199706,0.0202325760446167,-0.01,0.007730179937896731,0.00015373574569821358,False,False,carry,-1.0,89,False,False,9.399999999999809,-0.25023961067199707,-0.0,0.0,0.0,1.0,1.0,0.0,-0.0,0.0,0.0,-0.0,0.6877056149024808,1.6852032187957608
0.029431523755192757,1.0,0.0,-0.009944731369614601,-1.0,9.381139755249023,True,9.535211563110352,0.09809554368257523,0.17620794475078583,0.8678230047225952,0.0,-0.002502412796020508,0.020804780442986726,-0.01,0.008302367646966216,0.00015169614925980568,False,False,carry,-1.0,90,False,False,9.499999999999842,-0.2502412796020508,-0.0,0.0,0.0,1.0,1.0,0.0,-0.0,0.0,0.0,-0.0,0.7257680751600064,1.723265662363986
0.029627012088894844,1.0,0.0,-0.009653136134147644,-1.0,7.993762969970703,True,9.532242774963379,0.09808758646249771,0.1900852620601654,0.8677933216094971,0.0,-0.0025024273991584777,0.02126612901180014,-0.01,0.00876370161264166,0.00016029272228479385,False,False,carry,-1.0,91,False,False,9.599999999999875,-0.2502427399158478,-0.0,0.0,0.0,1.0,1.0,0.0,-0.0,0.0,0.0,-0.0,0.7646810107852946,1.762178583386136
0.029815884307026863,1.0,0.0,-0.00934597197920084,-1.0,6.607511043548584,True,9.529197692871094,0.09807991236448288,0.20395280420780182,0.8677628636360168,0.0,-0.002502440810203552,0.021606511515809057,-0.01,0.009104070705605505,0.0001504337415099144,False,False,lower,-1.0,92,False,False,9.699999999999909,-0.2502440810203552,-0.0,0.0,0.0,1.0,1.0,0.0,-0.0,0.0,0.0,-0.0,0.8043308254569147,1.8018283846467111
0.03000231459736824,1.0,0.0,-0.009022935293614864,-1.0,5.222559452056885,True,9.526091575622559,0.09807232767343521,0.2178100049495697,0.8677318096160889,0.0,-0.0025024539232254028,0.02181602846177011,-0.01,0.009313574538544705,0.0001462460495531559,False,False,lower,-1.0,93,False,False,9.799999999999942,-0.2502453923225403,-0.0,0.0,0.0,1.0,1.0,0.0,-0.0,0.0,0.0,-0.0,0.844592787178854,1.8420903332556287
0.030190208926796913,0.8171208500862122,0.0,-0.00868426263332367,-1.0,3.92840576171875,True,9.524035453796387,0.0980171263217926,0.23076602816581726,0.8677112460136414,0.0,-0.0016716833412647248,0.01927076021372187,-0.01,0.007599076872457146,0.0001460229977965355,False,False,lower,-1.0,94,False,False,9.899999999999975,-0.16716833412647247,-0.0,0.0,0.0,1.0,1.0,0.0,-0.0,0.0,0.0,-0.0,0.8826904769772659,1.8810187936360012
0.030757052823901176,0.6138128638267517,0.0,-0.008388271555304527,-1.0,2.88966965675354,True,9.522903442382812,0.09804516285657883,0.2411695122718811,0.867699921131134,0.0,-0.0009444564580917359,0.011700724500002702,-0.01,0.0007562680419109652,0.00014320854097604752,False,False,lower,-1.0,95,False,False,10.000000000000009,-0.09444564580917358,-0.0,0.0,0.0,1.0,1.0,0.0,-0.0,0.0,0.0,-0.0,0.9135264722406697,1.912582015782578
0.029964720830321312,0.4503190219402313,0.0,-0.008191851899027824,-1.0,2.1157853603363037,True,9.522878646850586,0.09817612171173096,0.24892091751098633,0.8676996827125549,0.0,-0.0005093805119395256,0.0037190079847377877,-0.01,-0.006790372527201738,0.00014162389561533928,False,False,lower,-1.0,96,False,False,10.100000000000042,-0.05093805119395256,-0.0,0.0,0.0,1.0,1.0,0.0,-0.0,0.0,0.0,-0.0,0.9366115656549518,1.9361021851430122
0.027635706588625908,0.32841596007347107,0.0,-0.008179083466529846,-1.0,1.5538837909698486,True,9.523857116699219,0.09835837781429291,0.2545481324195862,0.8677094578742981,0.0,-0.00027171917259693145,-0.0027284930760744786,-0.01,-0.01300021224867141,0.0001461249776184559,False,False,lower,-1.0,97,False,False,10.200000000000076,-0.027171917259693146,-0.0,0.0,0.0,1.0,1.0,0.0,-0.0,0.0,0.0,-0.0,0.9534172477680593,1.9531455285954624
0.024587318301200867,0.23990096151828766,0.0,-0.008345861919224262,-1.0,1.1496179103851318,True,9.525436401367188,0.09854529798030853,0.2585962414741516,0.8677252531051636,0.0,-0.0001455666497349739,-0.007547344827834701,-0.01,-0.017692911477569677,0.00014464091509580612,False,False,lower,-1.0,98,False,False,10.300000000000109,-0.01455666497349739,-0.0,0.0,0.0,1.0,1.0,0.0,-0.0,0.0,0.0,-0.0,0.9655252018512254,1.9653796352014905
0.021534113213419914,0.17622941732406616,0.0,-1.0,-1.0,0.7759453058242798,True,9.04361629486084,0.09950653463602066,0.2622562646865845,0.8629070520401001,0.0,-0.002578801214694977,-0.008566544364748685,-0.01,-0.021145345579443663,0.00010120077058672905,False,False,lower,-1.0,99,False,False,10.400000000000142,-0.2578801214694977,-0.0,0.0,0.0,1.0,1.0,0.0,-0.0,0.0,0.0,-0.0,0.976725900059463,1.974147098844768
0.013729080557823181,0.12772387266159058,0.0,-1.0,-1.0,0.5785108804702759,True,7.724362373352051,0.09929203242063522,0.26425838470458984,0.8497145175933838,0.0,-0.002541254758834839,-0.013905894277945086,-0.01,-0.026447149036779923,9.582098573446274e-05,False,False,lower,-1.0,100,False,False,10.500000000000176,-0.2541254758834839,-0.0,0.0,0.0,1.0,1.0,0.0,-0.0,0.0,0.0,-0.0,0.9826464732243503,1.9801052184655155
0.016849985346198082,0.09820643067359924,0.0,-0.8265319466590881,-1.0,0.46534281969070435,True,6.423938274383545,0.09899228811264038,0.26545700430870056,0.8367102742195129,0.0,-0.0017327086627483368,-0.016466199313454055,-0.01,-0.028198907976202392,0.00014114798977971077,False,False,lower,-1.0,101,False,False,10.60000000000021,-0.17327086627483368,-0.0,0.0,0.0,1.0,1.0,0.0,-0.0,0.0,0.0,-0.0,0.9860406458724751,1.9843079372097268
0.020092789083719254,0.07799317687749863,0.0,-0.622532069683075,-1.0,0.3902330994606018,True,5.368989944458008,0.09884782135486603,0.2662716507911682,0.8261607885360718,0.0,-0.0009850820899009705,-0.017630015789677156,-0.01,-0.028615097879578125,0.00011070119217038155,False,False,lower,-1.0,102,False,False,10.700000000000243,-0.09850820899009705,-0.0,0.0,0.0,1.0,1.0,0.0,-0.0,0.0,0.0,-0.0,0.988293613591067,1.987308531501166
0.02076718583703041,0.06296955049037933,0.0,-0.45683762431144714,-1.0,0.33147990703582764,True,4.580574989318848,0.09886280447244644,0.2668863832950592,0.8182766437530518,0.0,-0.000532742626965046,-0.018138170818206678,-0.01,-0.028670913445171725,0.0001046997494995594,False,False,lower,-1.0,103,False,False,10.800000000000276,-0.05327426269650459,-0.0,0.0,0.0,1.0,1.0,0.0,-0.0,0.0,0.0,-0.0,0.990055926771263,1.989523184144298
0.019319146871566772,0.05131126567721367,0.0,-0.3329688012599945,-1.0,0.2830451726913452,True,4.007917404174805,0.0989544540643692,0.26736974716186523,0.8125500679016113,0.0,-0.00028468575328588486,-0.018462169476853196,-0.01,-0.028746855230139083,0.00010660383850336075,False,False,lower,-1.0,104,False,False,10.90000000000031,-0.028468575328588486,-0.0,0.0,0.0,1.0,1.0,0.0,-0.0,0.0,0.0,-0.0,0.9915088470534947,1.9912241613002089
0.01702442206442356,0.04219904541969299,0.0,-0.24301376938819885,-1.0,0.24360425770282745,True,3.5961151123046875,0.09906196594238281,0.2677518129348755,0.8084320425987244,0.0,-0.00015281571075320243,-0.01874376683016732,-0.01,-0.02889658254092052,0.00010397890582680702,False,False,lower,-1.0,105,False,False,11.000000000000343,-0.015281571075320244,-0.0,0.0,0.0,1.0,1.0,0.0,-0.0,0.0,0.0,-0.0,0.9926920557988635,1.9925392400881106
0.01475683692842722,0.035127412527799606,0.0,-0.17835158109664917,-1.0,0.21234561502933502,True,3.300875425338745,0.09915631264448166,0.2680513560771942,0.8054796457290649,0.0,-8.315246552228928e-05,-0.01899858216163608,-0.01,-0.029081734627158372,9.897071868181229e-05,False,False,lower,-1.0,106,False,False,11.100000000000376,-0.008315246552228928,-0.0,0.0,0.0,1.0,1.0,0.0,-0.0,0.0,0.0,-0.0,0.9936297356448373,1.993546583179315
0.0,0.0,0.0,0.0,1.0,0.17015306651592255,False,-0.2745985984802246,0.0993623360991478,0.2684224843978882,0.7697249054908752,0.0,0.0,-1.595709394809151,-0.01,-1.605709394809151,9.416742250323296e-05,False,False,release_settle,1.0,107,False,False,11.20000000000041,-0.0,-0.0,0.0,0.0,0.0,0.0,1.0,-0.0,0.0,1.0,-0.0,0.0,15.0
0.0,0.0,0.0,0.0,1.0,0.17424419522285461,False,-0.0011265277862548828,0.09935183823108673,0.26838260889053345,0.7724596261978149,0.0,0.0,0.0022972077131271362,-0.01,-0.007702792286872864,8.762115612626076e-05,False,False,release_settle,1.0,108,False,False,11.300000000000443,-0.0,-0.0,0.0,0.0,0.0,0.0,0.0,-0.0,0.0,0.0,-0.0,0.0,0.0
0.0,0.0,0.0,0.0,1.0,0.17425969243049622,False,-5.9604644775390625e-06,0.09935179352760315,0.2683824598789215,0.7724708318710327,0.0,0.0,-0.004548978284001359,-0.01,-0.01454897828400136,8.613616228103638e-05,False,False,release_settle,1.0,109,False,False,11.400000000000476,-0.0,-0.0,0.0,0.0,0.0,0.0,0.0,-0.0,0.0,0.0,-0.0,0.0,0.0
0.0,0.0,0.0,0.0,1.0,0.17425969243049622,False,0.0,0.09935179352760315,0.2683824598789215,0.7724708914756775,0.0,0.0,-0.004580135941505414,-0.01,-0.014580135941505415,8.81347805261612e-05,False,False,release_settle,1.0,110,False,False,11.50000000000051,-0.0,-0.0,0.0,0.0,0.0,0.0,0.0,-0.0,0.0,0.0,-0.0,0.0,0.0
0.0,0.0,0.0,0.0,1.0,0.17425969243049622,False,0.0,0.09935179352760315,0.2683824598789215,0.7724708914756775,0.0,0.0,-0.004574773833155632,-0.01,-0.014574773833155632,0.00011159712448716164,False,False,release_settle,1.0,111,False,False,11.600000000000543,-0.0,-0.0,0.0,0.0,0.0,0.0,0.0,-0.0,0.0,0.0,-0.0,0.0,0.0
0.0,0.0,0.0,0.0,1.0,0.17425969243049622,False,0.0,0.09935179352760315,0.2683824598789215,0.7724708914756775,0.0,0.0,-0.004570152312517173,-0.01,-0.014570152312517173,9.128917008638382e-05,False,False,release_settle,1.0,112,False,False,11.700000000000577,-0.0,-0.0,0.0,0.0,0.0,0.0,0.0,-0.0,0.0,0.0,-0.0,0.0,0.0
0.0,0.0,0.0,0.0,1.0,0.17425969243049622,False,0.0,0.09935179352760315,0.2683824598789215,0.7724708914756775,0.0,0.0,-0.004566743373870863,-0.01,-0.014566743373870863,9.095901623368263e-05,False,False,release_settle,1.0,113,False,False,11.80000000000061,-0.0,-0.0,0.0,0.0,0.0,0.0,0.0,-0.0,0.0,0.0,-0.0,0.0,0.0
0.0,0.0,0.0,0.0,1.0,0.17425969243049622,False,0.0,0.09935179352760315,0.2683824598789215,0.7724708914756775,0.0,0.0,-0.004563679099082951,-0.01,-0.014563679099082951,8.828099817037582e-05,False,False,release_settle,1.0,114,False,False,11.900000000000643,-0.0,-0.0,0.0,0.0,0.0,0.0,0.0,-0.0,0.0,0.0,-0.0,0.0,0.0
0.0,0.0,0.0,1.0,1.0,0.17425969243049622,False,0.0,0.09935179352760315,0.2683824598789215,0.7724708914756775,0.0,-0.0025,-0.015824347436428077,-0.01,-0.028324347436428074,9.517418220639229e-05,False,False,release_settle,1.0,115,False,False,12.000000000000677,-0.25,-0.0,0.0,0.0,0.0,0.0,0.0,-0.0,0.0,0.0,-0.0,0.0,-0.0025
0.0,0.0,0.0,1.0,1.0,0.17425969243049622,False,0.0,0.09935179352760315,0.2683824598789215,0.7724708914756775,0.0,-0.0025,-0.03515826478600503,-0.01,-0.04765826478600504,0.00010028993710875511,False,False,release_settle,1.0,116,False,False,12.10000000000071,-0.25,-0.0,0.0,0.0,0.0,0.0,0.0,-0.0,0.0,0.0,-0.0,0.0,-0.0025
0.0,0.0,0.0,1.0,1.0,0.17425969243049622,False,0.0,0.09935179352760315,0.2683824598789215,0.7724708914756775,0.0,-0.0025,-0.03520193755626677,-0.01,-0.047701937556266776,9.567197412252426e-05,False,False,release_settle,1.0,117,False,False,12.200000000000744,-0.25,-0.0,0.0,0.0,0.0,0.0,0.0,-0.0,0.0,0.0,-0.0,0.0,-0.0025
0.0,0.0,0.0,1.0,1.0,0.17425969243049622,False,0.0,0.09935179352760315,0.2683824598789215,0.7724708914756775,0.0,-0.0025,-0.033454450666904445,-0.01,-0.04595445066690445,9.843427687883377e-05,False,False,release_settle,1.0,118,False,False,12.300000000000777,-0.25,-0.0,0.0,0.0,0.0,0.0,0.0,-0.0,0.0,0.0,-0.0,0.0,-0.0025
0.0,0.0,0.0,1.0,1.0,0.17425969243049622,False,0.0,0.09935179352760315,0.2683824598789215,0.7724708914756775,0.0,-0.0025,-0.03149440139532089,-0.01,-0.043994401395320896,9.732414036989212e-05,False,False,release_settle,1.0,119,False,False,12.40000000000081,-0.25,-0.0,0.0,0.0,0.0,0.0,0.0,-0.0,0.0,0.0,-0.0,0.0,-0.0025
0.0,0.0,0.0,0.799321174621582,1.0,0.17425969243049622,False,0.0,0.09935179352760315,0.2683824598789215,0.7724708914756775,0.0,-0.0015972858667373658,-0.02768389433622359,-0.01,-0.03928118020296096,9.647011756896973e-05,False,False,release_settle,1.0,120,False,False,12.500000000000844,-0.15972858667373657,-0.0,0.0,0.0,0.0,0.0,0.0,-0.0,0.0,0.0,-0.0,0.0,-0.0015972858667373658
0.0,0.0,0.0,0.5928627252578735,1.0,0.17425969243049622,False,0.0,0.09935179352760315,0.2683824598789215,0.7724708914756775,15.0,-0.0008787155151367187,-0.24550363421440125,-0.01,14.743617650270462,0.00011103600263595581,False,False,release_settle,1.0,121,False,True,12.600000000000877,-0.08787155151367188,-0.0,0.0,0.0,0.0,0.0,0.0,-0.0,0.0,0.0,-0.0,0.0,-0.0008787155151367187
