Q_actual_observation_held_probability,Q_actual_observation_x,Q_actual_observation_xyz_mae_cm,Q_actual_observation_y,Q_actual_observation_z,Q_observed_supported_reward,action_dx,action_dy,action_dyaw,action_dz,action_gripper,actual_goal_distance_cm,actual_held,actual_lift_cm,actual_object_x,actual_object_y,actual_object_z,control_component_goal,control_component_penalties,control_component_progress,control_component_time,control_reward,decision_seconds,obstacle_contact,step,table_contact,task_success,time_s,true_component_action,true_component_collision,true_component_drop,true_component_fail,true_component_grasp,true_component_lift,true_component_place,true_component_proximity,true_component_reach,true_component_success,true_component_table_hit,true_component_transport,true_original_reward
5.4591669140791055e-06,0.1780812293291092,0.37896931171417236,-0.2292303889989853,0.7725329995155334,-0.0005627647042274484,0.9977457523345947,-0.9906392097473145,0.0012618303298950195,-0.9873120784759521,1.0,50.305747985839844,False,0.0,0.18583782017230988,-0.22568000853061676,0.7724708914756775,0.0,-0.007379123568534852,0.016366742849349976,-0.01,-0.001012380719184876,0.0012579159993038047,False,1,False,False,0.6000000000000004,-0.7379123568534851,-0.0,0.0,0.0,0.0,0.0,0.0,-0.0,0.033064112430681525,0.0,-0.0,0.0,0.00915293264680591
3.909571660187794e-06,0.1774454563856125,0.32799792289733887,-0.22663012146949768,0.7719734311103821,-0.014061369597911835,0.999340295791626,-0.9942517876625061,0.0007321834564208984,-0.9914490580558777,1.0,50.305747985839844,False,0.0,0.18583782017230988,-0.22568000853061676,0.7724708914756775,0.0,-0.007425473332405091,0.0029854434728622432,-0.01,-0.014440029859542847,0.0008528289999958361,False,2,False,False,0.7000000000000005,-0.742547333240509,-0.0,0.0,0.0,0.0,0.0,0.0,-0.0,0.039429319393628925,0.0,-0.0,0.0,0.012289186364409371
4.033924142277101e-06,0.17880675196647644,0.2729281783103943,-0.22457025945186615,0.7724238634109497,-0.013529880642890929,0.99933922290802,-0.993678629398346,0.0038330554962158203,-0.991893470287323,1.0,50.305747985839844,False,0.0,0.18583782017230988,-0.22568000853061676,0.7724708914756775,0.0,-0.0074248588085174564,0.0036171397566795334,-0.01,-0.013807719051837922,0.0008850020003592363,False,3,False,False,0.8000000000000006,-0.7424858808517456,-0.0,0.0,0.0,0.0,0.0,0.0,-0.0,0.04713490591865588,0.0,-0.0,0.0,0.016142594150810482
6.954061518626986e-06,0.18072175979614258,0.34581077098846436,-0.2304861694574356,0.7720187902450562,-0.014195087552070617,0.9993487596511841,-0.992805004119873,-0.004837214946746826,-0.9915600419044495,1.0,50.305747985839844,False,0.0,0.18583782017230988,-0.22568000853061676,0.7724708914756775,0.0,-0.007418935894966125,0.004266120791435242,-0.01,-0.013152815103530884,0.0009193030000460567,False,4,False,False,0.9000000000000007,-0.7418935894966125,-0.0,0.0,0.0,0.0,0.0,0.0,-0.0,0.05622944327910562,0.0,-0.0,0.0,0.020695785744586685
9.980704817280639e-06,0.17889925837516785,0.522613525390625,-0.234329491853714,0.772380530834198,-0.012659424543380739,0.9992640018463135,-0.9927008748054504,-0.008007049560546875,-0.9920085072517395,1.0,50.305747985839844,False,0.0,0.18583782017230988,-0.22568000853061676,0.7724708914756775,0.0,-0.007420321106910706,0.00495515763759613,-0.01,-0.012465163469314575,0.000865186999362777,False,5,False,False,1.0000000000000007,-0.7420321106910706,-0.0,0.0,0.0,0.0,0.0,0.0,-0.0,0.06680782996131862,0.0,-0.0,0.0,0.025983593873748604
1.860119118646253e-05,0.17744743824005127,0.5252187848091125,-0.2326895147562027,0.7721142172813416,-0.01127935767173767,0.9989991188049316,-0.9923296570777893,0.003284454345703125,-0.9936144948005676,1.0,50.305747985839844,False,0.0,0.18583782017230988,-0.22568000853061676,0.7724708914756775,0.0,-0.007424994707107544,0.005611696541309358,-0.01,-0.011813298165798188,0.0008160840006894432,False,6,False,False,1.1000000000000008,-0.7424994707107544,-0.0,0.0,0.0,0.0,0.0,0.0,-0.0,0.07881940538785914,0.0,-0.0,0.0,0.03198470798682203
6.1364621615211945e-06,0.1751735508441925,0.49338042736053467,-0.22960209846496582,0.7722558379173279,-0.010062693059444426,0.998660683631897,-0.9922811985015869,-0.005016505718231201,-0.9948509931564331,1.0,50.305747985839844,False,0.0,0.18583782017230988,-0.22568000853061676,0.7724708914756775,0.0,-0.007429247498512268,0.006096051931381227,-0.01,-0.01133319556713104,0.0009225109988619806,False,7,False,False,1.2000000000000008,-0.7429247498512268,-0.0,0.0,0.0,0.0,0.0,0.0,-0.0,0.09193084679182872,0.0,-0.0,0.0,0.038536175897402096
7.5732100413006265e-06,0.17739669978618622,0.3910174071788788,-0.228728786110878,0.7722302675247192,-0.011059625744819643,0.9981324672698975,-0.9919577240943909,-0.005991160869598389,-0.995300829410553,1.0,50.305747985839844,False,0.0,0.18583782017230988,-0.22568000853061676,0.7724708914756775,0.0,-0.0074272710084915166,0.006570925116538999,-0.01,-0.010856345891952519,0.0008688380003150087,False,8,False,False,1.300000000000001,-0.7427271008491516,-0.0,0.0,0.0,0.0,0.0,0.0,-0.0,0.10613408070449992,0.0,-0.0,0.0,0.04563976934375844
5.9953185882477555e-06,0.17686335742473602,0.529246985912323,-0.23257693648338318,0.7724769115447998,-0.010673823952674867,0.9979531764984131,-0.9921227693557739,-0.004686534404754639,-0.9963401556015015,1.0,50.305747985839844,False,0.0,0.18583782017230988,-0.22568000853061676,0.7724708914756775,0.0,-0.007432334423065186,0.007230022549629213,-0.01,-0.010202311873435973,0.0008637339997221716,False,9,False,False,1.400000000000001,-0.7432334423065186,-0.0,0.0,0.0,0.0,0.0,0.0,-0.0,0.1218122734665551,0.0,-0.0,0.0,0.053473802310212364
3.1736475648358464e-05,0.17678168416023254,0.4773363471031189,-0.23075000941753387,0.7722769379615784,-0.008656261563301081,0.9972883462905884,-0.9911919832229614,-0.00047147274017333984,-0.9962805509567261,1.0,50.305747985839844,False,0.0,0.18583782017230988,-0.22568000853061676,0.7724708914756775,0.0,-0.007424051761627197,0.008165989518165592,-0.01,-0.009258062243461606,0.0009622310008126078,False,10,False,False,1.500000000000001,-0.7424051761627197,-0.0,0.0,0.0,0.0,0.0,0.0,-0.0,0.13953964974402333,0.0,-0.0,0.0,0.062345773110384466
8.786667422100436e-06,0.17662255465984344,0.35398703813552856,-0.22441567480564117,0.7723308801651001,-0.005981473624706266,0.9969286918640137,-0.9889841675758362,-0.00021207332611083984,-0.9964035153388977,1.0,50.305747985839844,False,0.0,0.18583782017230988,-0.22568000853061676,0.7724708914756775,0.0,-0.007411941289901734,0.00938486516475677,-0.01,-0.008027076125144965,0.0015642580001440365,False,11,False,False,1.6000000000000012,-0.7411941289901733,-0.0,0.0,0.0,0.0,0.0,0.0,-0.0,0.1599084133676818,0.0,-0.0,0.0,0.07254226539393917
1.4135686797089875e-05,0.18065562844276428,0.28252750635147095,-0.22853316366672516,0.7720304131507874,-0.009200350344181067,0.9965276718139648,-0.983542799949646,-0.0035244226455688477,-0.996177077293396,1.0,50.305747985839844,False,0.0,0.18583782017230988,-0.22568000853061676,0.7724708914756775,0.0,-0.007382012605667114,0.010833235979080202,-0.01,-0.006548776626586912,0.0009282310002163285,False,12,False,False,1.7000000000000013,-0.7382012605667114,-0.0,0.0,0.0,0.0,0.0,0.0,-0.0,0.18340896252936678,0.0,-0.0,0.0,0.08432246865901627
2.756618187049753e-06,0.17416903376579285,0.4210829734802246,-0.22657510638237,0.772402286529541,-0.0009236976504325908,0.9958986043930054,-0.9781436920166016,-0.009727299213409424,-0.9955570697784424,1.0,50.305747985839844,False,0.0,0.18583782017230988,-0.22568000853061676,0.7724708914756775,0.0,-0.00734951913356781,0.01245197266340256,-0.01,-0.00489754647016525,0.0008689109999977518,False,13,False,False,1.8000000000000014,-0.734951913356781,-0.0,0.0,0.0,0.0,0.0,0.0,-0.0,0.21041713428474407,0.0,-0.0,0.0,0.09785904800880423
3.3830153824965237e-06,0.1817997694015503,0.3348608613014221,-0.2316163182258606,0.7725423574447632,-0.007630522251129148,0.993260383605957,-0.9530907273292542,-0.006481766700744629,-0.9912882447242737,1.0,50.305747985839844,False,0.0,0.18583782017230988,-0.22568000853061676,0.7724708914756775,0.0,-0.007194105982780457,0.014209278821945184,-0.01,-0.002984827160835273,0.0008734530001675012,False,14,False,False,1.9000000000000015,-0.7194105982780457,-0.0,0.0,0.0,0.0,0.0,0.0,-0.0,0.2412481902343937,0.0,-0.0,0.0,0.11342998913441639
2.6024131329904776e-06,0.17451830208301544,0.5039190649986267,-0.22936075925827026,0.7723535895347595,0.0038031345605850104,0.9933332204818726,-0.9296253323554993,-0.016695737838745117,-0.987632155418396,1.0,50.305747985839844,False,0.0,0.18583782017230988,-0.22568000853061676,0.7724708914756775,0.0,-0.00706652581691742,0.01612912833690644,-0.01,-0.0009373974800109802,0.0008941609994508326,False,15,False,False,2.0000000000000013,-0.7066525816917419,-0.0,0.0,0.0,0.0,0.0,0.0,-0.0,0.27626915962152854,0.0,-0.0,0.0,0.13106805399384686
7.680910130147822e-06,0.17776010930538177,0.3377189040184021,-0.22758938372135162,0.772615373134613,0.0014008620381355348,0.98130202293396,-0.7767757177352905,-0.010316669940948486,-0.9498575925827026,1.0,50.305747985839844,False,0.0,0.18583782017230988,-0.22568000853061676,0.7724708914756775,0.0,-0.006171674728393555,0.018114918470382685,-0.01,0.0019432437419891297,0.0008696860004420159,False,16,False,False,2.0999999999999903,-0.6171674728393555,-0.0,0.0,0.0,0.0,0.0,0.0,-0.0,0.31565552065807845,0.0,-0.0,0.0,0.15165608560064567
1.866573370534752e-06,0.1790706068277359,0.34070712327957153,-0.22909919917583466,0.7724360823631287,0.004162960350513455,0.9736654758453369,-0.5596720576286316,-0.0005599260330200195,-0.7914779186248779,1.0,50.305747985839844,False,0.0,0.18583782017230988,-0.22568000853061676,0.7724708914756775,0.0,-0.004719237387180329,0.019875626266002644,-0.01,0.005156388878822315,0.0008789109997451305,False,17,False,False,2.1999999999999793,-0.47192373871803284,-0.0,0.0,0.0,0.0,0.0,0.0,-0.0,0.35899673912750774,0.0,-0.0,0.0,0.17477913217657354
1.5177599834714783e-06,0.17895570397377014,0.23374606668949127,-0.2256244271993637,0.7723962068557739,0.008497199416160593,0.9581797122955322,-0.43258047103881836,-0.006667971611022949,-0.5930513143539429,1.0,50.305747985839844,False,0.0,0.18583782017230988,-0.22568000853061676,0.7724708914756775,0.0,-0.0036424711346626283,0.021095248460769656,-0.01,0.0074527773261070275,0.0009489969997957814,False,18,False,False,2.2999999999999683,-0.3642471134662628,-0.0,0.0,0.0,0.0,0.0,0.0,-0.0,0.4052395904216648,0.0,-0.0,0.0,0.19897732407616978
6.39411325664696e-07,0.18029242753982544,0.342756986618042,-0.23008646070957184,0.7721400260925293,0.006611028015613543,0.9383585453033447,-0.2913997173309326,0.004173398017883301,-0.3922513723373413,1.0,50.305747985839844,False,0.0,0.18583782017230988,-0.22568000853061676,0.7724708914756775,0.0,-0.002798272669315338,0.021515252888202663,-0.01,0.008716980218887324,0.0008989750003820518,False,19,False,False,2.3999999999999573,-0.2798272669315338,-0.0,0.0,0.0,0.0,0.0,0.0,-0.0,0.4527981706454728,0.0,-0.0,0.0,0.22360081265342105
2.7719531203729275e-07,0.17964689433574677,0.33719342947006226,-0.22957508265972137,0.7725006937980652,0.006404015868902192,0.8908216953277588,-0.3023437261581421,-0.022547900676727295,-0.15336954593658447,1.0,50.305747985839844,False,0.0,0.18583782017230988,-0.22568000853061676,0.7724708914756775,0.0,-0.0022725141048431396,0.017644124031066882,-0.01,0.005371609926223743,0.0008848130000842502,False,20,False,False,2.4999999999999463,-0.22725141048431396,-0.0,0.0,0.0,0.0,0.0,0.0,-0.0,0.4930165982589174,0.0,-0.0,0.0,0.24423578502461557
7.290573762475105e-07,0.17778164148330688,0.49759694933891296,-0.23250918090343475,0.7724283337593079,-0.0010266095399856724,0.8012702465057373,-0.24970006942749023,-0.010344922542572021,0.03765249252319336,1.0,50.305747985839844,False,0.0,0.18583782017230988,-0.22568000853061676,0.7724708914756775,0.0,-0.0017647719383239746,0.010910396575927739,-0.01,-0.000854375362396236,0.0010312129998055752,False,21,False,False,2.5999999999999353,-0.17647719383239746,-0.0,0.0,0.0,0.0,0.0,0.0,-0.0,0.5200377337578712,0.0,-0.0,0.0,0.25825409494061163
1.3959904663352063e-06,0.17545047402381897,0.3898794651031494,-0.22696693241596222,0.7724487781524658,-0.007506940811872471,0.5906229019165039,-0.2395901083946228,-0.021197736263275146,0.1231696605682373,1.0,50.305747985839844,False,0.0,0.18583782017230988,-0.22568000853061676,0.7724708914756775,0.0,-0.0010546472668647767,0.0028137621283531034,-0.01,-0.008240885138511674,0.0008980300008261111,False,22,False,False,2.6999999999999242,-0.10546472668647766,-0.0,0.0,0.0,0.0,0.0,0.0,-0.0,0.5309749832004242,0.0,-0.0,0.0,0.26443284433334735
5.51446817098622e-07,0.18147534132003784,0.1571372151374817,-0.22555731236934662,0.7726998329162598,-0.015077238418161887,0.40399158000946045,-0.08371812105178833,0.07498204708099365,0.08832442760467529,1.0,50.305747985839844,False,0.0,0.18583782017230988,-0.22568000853061676,0.7724708914756775,0.0,-0.0004591036215424538,-0.0020688749849796517,-0.01,-0.012527978606522105,0.0008832349994918332,False,23,False,False,2.7999999999999132,-0.04591036215424538,-0.0,0.0,0.0,0.0,0.0,0.0,-0.0,0.5321587898876587,0.0,-0.0,0.0,0.2656202913222869
8.621516371931648e-07,0.1753537952899933,0.48365145921707153,-0.2224758416414261,0.7732922434806824,-0.012098010443150993,0.35818302631378174,-0.0030261874198913574,0.03532218933105469,0.08533453941345215,1.0,50.305747985839844,False,0.0,0.18583782017230988,-0.22568000853061676,0.7724708914756775,0.0,-0.00034208472818136215,-0.0033414579927921184,-0.01,-0.01368354272097348,0.0008865380004863255,False,24,False,False,2.899999999999902,-0.034208472818136215,-0.0,0.0,0.0,0.0,0.0,0.0,-0.0,0.5307837394615198,0.0,-0.0,0.0,0.26504978500257853
1.536708623461891e-06,0.17998482286930084,0.27103424072265625,-0.2270769625902176,0.7733519673347473,-0.013771917521953567,0.20647549629211426,0.056817054748535156,0.10538482666015625,-0.07870900630950928,1.0,50.305747985839844,False,0.0,0.18583782017230988,-0.22568000853061676,0.7724708914756775,0.0,-0.00015790343284606933,-0.0026243846118449987,-0.01,-0.012782288044691068,0.0008981240007415181,False,25,False,False,2.999999999999891,-0.015790343284606934,-0.0,0.0,0.0,0.0,0.0,0.0,-0.0,0.5308434518647369,0.0,-0.0,0.0,0.2652638224995224
7.835799351596506e-07,0.17982634902000427,0.24467508494853973,-0.22672072052955627,0.772758960723877,-0.01193313007242976,0.1027759313583374,-0.005020797252655029,0.13811945915222168,-0.08819723129272461,1.0,50.305747985839844,False,0.0,0.18583782017230988,-0.22568000853061676,0.7724708914756775,0.0,-9.360958822071552e-05,-0.00043894544243811007,-0.01,-0.010532555030658825,0.0009171299989247927,False,26,False,False,3.09999999999988,-0.009360958822071552,-0.0,0.0,0.0,0.0,0.0,0.0,-0.0,0.5353188107088624,0.0,-0.0,0.0,0.26756579576621053
2.1865946564503247e-06,0.17524349689483643,0.5905712246894836,-0.2321777492761612,0.773095965385437,-0.009407570064067824,0.06428849697113037,-0.0208471417427063,0.31562912464141846,-0.2280428409576416,1.0,50.305747985839844,False,0.0,0.18583782017230988,-0.22568000853061676,0.7724708914756775,0.0,-0.00039048224687576294,0.0009045501053333016,-0.01,-0.00948593214154246,0.0008907370011002058,False,27,False,False,3.199999999999869,-0.039048224687576294,-0.0,0.0,0.0,0.0,0.0,0.0,-0.0,0.5425534076739311,0.0,-0.0,0.0,0.2708862215900898
3.535890300554456e-07,0.1735212206840515,0.5645185708999634,-0.2298995554447174,0.7728703022003174,-0.006073857843875901,-0.08096712827682495,-0.059428393840789795,0.5464835166931152,-0.49308162927627563,1.0,50.305747985839844,False,0.0,0.18583782017230988,-0.22568000853061676,0.7724708914756775,0.0,-0.0013796529173851014,0.005520600080490101,-0.01,-0.005859052836895,0.0009326899998995941,False,28,False,False,3.299999999999858,-0.13796529173851013,-0.0,0.0,0.0,0.0,0.0,0.0,-0.0,0.5591863338643261,0.0,-0.0,0.0,0.27821351401477795
1.1773237247325596e-06,0.17484349012374878,0.4714071750640869,-0.2281588912010193,0.7731398940086365,0.0026708486676216233,-0.10618811845779419,-0.03551679849624634,0.3189229965209961,-0.8583060503005981,1.0,50.305747985839844,False,0.0,0.18583782017230988,-0.22568000853061676,0.7724708914756775,0.0,-0.002127346247434616,0.013535760045051581,-0.01,0.001408413797616965,0.0008895450009731576,False,29,False,False,3.399999999999847,-0.2127346247434616,-0.0,0.0,0.0,0.0,0.0,0.0,-0.0,0.5921796480403799,0.0,-0.0,0.0,0.29396247777275536
5.205685624787293e-07,0.1722278892993927,0.47548314929008484,-0.2255471646785736,0.7729926109313965,0.009854861497879015,-0.04886907339096069,-0.009534955024719238,0.0582880973815918,-0.9541000723838806,1.0,50.305747985839844,False,0.0,0.18583782017230988,-0.22568000853061676,0.7724708914756775,0.0,-0.0022904588282108306,0.021673627793788897,-0.01,0.009383168965578066,0.0008585209998273058,False,30,False,False,3.499999999999836,-0.22904588282108307,-0.0,0.0,0.0,0.0,0.0,0.0,-0.0,0.6419465665917021,0.0,-0.0,0.0,0.31868282446764024
1.4043477847280883e-07,0.1730269193649292,0.7056290507316589,-0.23350481688976288,0.7730040550231934,0.01228946208953859,-0.03625524044036865,0.02880728244781494,-0.15238571166992188,-0.9653878211975098,1.0,50.305747985839844,False,0.0,0.18583782017230988,-0.22568000853061676,0.7724708914756775,0.0,-0.00239334836602211,0.0248177148401737,-0.01,0.012424366474151589,0.0009920730008161627,False,31,False,False,3.599999999999825,-0.239334836602211,-0.0,0.0,0.0,0.0,0.0,0.0,-0.0,0.6985674737338526,0.0,-0.0,0.0,0.3468903885009042
1.4154325356230402e-07,0.17593945562839508,0.5496025085449219,-0.23181314766407013,0.772927463054657,0.013862386494874942,-0.11950761079788208,-0.050969719886779785,-0.3020837903022766,-0.9433013200759888,1.0,50.305747985839844,False,0.0,0.18583782017230988,-0.22568000853061676,0.7724708914756775,0.0,-0.0024948798120021823,0.02506545804440974,-0.01,0.012570578232407556,0.0009099759990931489,False,32,False,False,3.699999999999814,-0.2494879812002182,-0.0,0.0,0.0,0.0,0.0,0.0,-0.0,0.7562610759408503,0.0,-0.0,0.0,0.375635658158423
7.086871534056627e-08,0.17246918380260468,0.514105498790741,-0.22730448842048645,0.7729009389877319,0.01540023520588873,-0.05512005090713501,-0.04991614818572998,-0.26593637466430664,-0.8925304412841797,1.0,50.305747985839844,False,0.0,0.18583782017230988,-0.22568000853061676,0.7724708914756775,0.0,-0.0021821564435958864,0.023126320764422392,-0.01,0.010944164320826505,0.000899310000022524,False,33,False,False,3.799999999999803,-0.21821564435958862,-0.0,0.0,0.0,0.0,0.0,0.0,-0.0,0.8106197980422913,0.0,-0.0,0.0,0.4031277425775498
8.48575822942621e-08,0.17533588409423828,0.44279545545578003,-0.2257305532693863,0.7725998759269714,0.0024898660928010935,-0.009058117866516113,0.007928133010864258,-0.0677872896194458,-0.7890197038650513,1.0,50.347782135009766,False,0.05123615264892578,0.18819820880889893,-0.22569239139556885,0.7729832530021667,0.0,-0.0015682302415370942,0.014133218005299542,-0.01,0.002564987763762447,0.0009184110003843671,False,34,False,False,3.899999999999792,-0.1568230241537094,-0.0,0.0,0.0,0.0,0.0,0.0,-0.0,0.8473599272271738,0.0,-0.0,0.0,0.4221117333720498
4.162765421256154e-08,0.17664232850074768,0.6836721897125244,-0.22412940859794617,0.7731559872627258,-0.005846767053008091,0.002040386199951172,0.02275669574737549,0.10380494594573975,-0.47729796171188354,1.0,50.462158203125,False,0.32955408096313477,0.19262325763702393,-0.22604820132255554,0.7757664322853088,0.0,-0.0005977771058678627,0.010269590429961672,-0.01,-0.00032818667590619045,0.0009035390012286371,False,35,False,False,3.999999999999781,-0.05977771058678627,-0.0,0.0,0.0,0.0,0.0,0.0,-0.0,0.8766658599324542,0.0,-0.0,0.0,0.43773515286035924
2.8882631397664227e-08,0.1805829107761383,0.8679007291793823,-0.22827887535095215,0.7724792957305908,-0.007830826789140684,-0.1130107045173645,0.06307494640350342,-0.22704434394836426,-0.9004731178283691,1.0,50.75076675415039,False,0.6762564182281494,0.19928760826587677,-0.22770071029663086,0.779233455657959,0.0,-0.0021978770196437836,0.01292050398886202,-0.01,0.0007226269692182361,0.0008909299995139008,False,36,False,False,4.0999999999997705,-0.21978770196437836,-0.0,0.0,0.0,0.0,0.0,0.0,-0.0,0.9116228460989435,0.0,-0.0,0.0,0.45361354602982795
2.5463078756615687e-08,0.17960742115974426,1.3175115585327148,-0.22657017409801483,0.772669792175293,-0.01383348688483241,-0.14768028259277344,-0.011067450046539307,-0.2605120539665222,-0.9852808713912964,1.0,51.14252471923828,False,0.8960604667663574,0.20678941905498505,-0.23015181720256805,0.7814314961433411,0.0,-0.002651442289352417,0.007023524940013903,-0.01,-0.005627917349338514,0.0008979359990917146,False,37,False,False,4.1999999999997595,-0.2651442289352417,-0.0,0.0,0.0,0.0,0.0,0.0,-0.0,0.9350202587590447,0.0,-0.0,0.0,0.4648586870901699
6.287081077971379e-08,0.1768019199371338,1.2252748012542725,-0.22293949127197266,0.7734129428863525,-0.003701874576508977,-0.1621764898300171,0.01933753490447998,-0.21238023042678833,-0.954513669013977,1.0,51.757015228271484,False,0.16813278198242188,0.19744646549224854,-0.23831391334533691,0.7741522192955017,0.0,-0.0024571920931339263,-0.01851440235972407,-0.01,-0.030971594452857996,0.0008431040005234536,False,38,False,False,4.2999999999997485,-0.24571920931339264,-0.0,0.0,0.0,0.0,0.0,0.0,-0.0,0.9070619961917255,0.0,-0.0,0.0,0.4510738060027288
0.9971792697906494,0.1740829199552536,1.4363139867782593,-0.21664877235889435,0.7761408090591431,0.4365068387030547,0.22127747535705566,0.04815983772277832,-0.2950289249420166,0.9953503608703613,-1.0,51.76694869995117,False,0.06489157676696777,0.19123348593711853,-0.2395666241645813,0.7731198072433472,0.0,-0.002822618782520294,1.9168965518456815e-05,-0.01,-0.012803449817001837,0.0008908220006560441,False,39,False,False,4.3999999999997375,-0.2822618782520294,-0.0,0.0,0.0,0.0,0.0,0.0,-0.0,0.9162630588496807,0.0,-0.0,0.0,0.4553089106423201
0.9999953508377075,0.17821964621543884,1.4628753662109375,-0.22211953997612,0.8007134795188904,0.14581662061149764,0.15170538425445557,0.3016517162322998,-0.3598756790161133,0.9992412328720093,-1.0,51.75151062011719,True,0.9189784526824951,0.184623122215271,-0.24054951965808868,0.7816606760025024,0.0,-0.0031050047278404235,0.5136069240736124,-0.01,0.500501919345772,0.0008737380012462381,False,40,False,False,4.499999999999726,-0.31050047278404236,-0.0,0.0,0.0,1.0,0.7915171984090724,0.0,-0.0,0.0,0.0,-0.0,0.08579551448524636,0.9784491089619421
0.999997615814209,0.17472517490386963,1.1630679368972778,-0.22150258719921112,0.8050395250320435,-0.023432520706262297,0.09009790420532227,0.31000590324401855,-0.3672851324081421,0.9999834299087524,-1.0,51.3465690612793,True,2.337193489074707,0.18565160036087036,-0.23627150058746338,0.7958428263664246,0.0,-0.0030977165699005126,0.09538083761607119,-0.01,0.08228312104617068,0.001067082999725244,False,41,False,False,4.599999999999715,-0.30977165699005127,-0.0,0.0,0.0,1.0,1.0,0.0,-0.0,0.0,0.0,-0.0,0.08781292907361749,1.084715212503717
0.9999970197677612,0.17733146250247955,1.4441568851470947,-0.21659696102142334,0.8294541239738464,-0.02126234132989084,0.06356513500213623,0.23406589031219482,-0.20480895042419434,0.9999291896820068,-1.0,50.92473602294922,True,3.746962547302246,0.18576645851135254,-0.2319730669260025,0.8099405169487,0.0,-0.002751581072807312,-0.008749961095677827,-0.01,-0.02150154216848514,0.0009088890001294203,False,42,False,False,4.699999999999704,-0.2751581072807312,-0.0,0.0,0.0,1.0,1.0,0.0,-0.0,0.0,0.0,-0.0,0.08996260517666743,1.0872110241038602
0.9999967813491821,0.17628850042819977,1.1885404586791992,-0.2187258005142212,0.8413135409355164,-0.025188080175106223,0.05501532554626465,0.32606005668640137,-0.3751727342605591,0.9992189407348633,-1.0,50.52244567871094,True,5.155611038208008,0.1854357123374939,-0.22794826328754425,0.8240270018577576,0.0,-0.003121337294578552,-0.00882388081257024,-0.01,-0.021945218107148792,0.0008536020013707457,False,43,False,False,4.799999999999693,-0.3121337294578552,-0.0,0.0,0.0,1.0,1.0,0.0,-0.0,0.0,0.0,-0.0,0.09205931807278589,1.0889379807782074
0.9999972581863403,0.17278894782066345,1.5800669193267822,-0.204366534948349,0.8540576100349426,-0.01543582132159222,0.03856253623962402,0.2250211238861084,-0.35277074575424194,0.996895432472229,-1.0,50.08124542236328,True,6.559115409851074,0.1850186586380005,-0.22354327142238617,0.838062047958374,0.0,-0.0029259231686592103,-0.008591165887594121,-0.01,-0.02151708905625333,0.0008204810001188889,False,44,False,False,4.899999999999682,-0.292592316865921,-0.0,0.0,0.0,1.0,1.0,0.0,-0.0,0.0,0.0,-0.0,0.09441226066711728,1.091486337498458
0.9999974966049194,0.17774897813796997,1.0063802003860474,-0.20456360280513763,0.8604685068130493,-0.0246534671034465,0.09734046459197998,0.386563777923584,-0.3452439308166504,0.9622822999954224,-1.0,49.654178619384766,True,7.945590972900391,0.1846974492073059,-0.21926483511924744,0.8519268035888672,0.0,-0.003010218143463135,-0.008635492401659395,-0.01,-0.02164571054512253,0.0008940999996411847,False,45,False,False,4.999999999999671,-0.3010218143463135,-0.0,0.0,0.0,1.0,1.0,0.0,-0.0,0.0,0.0,-0.0,0.09674421840678071,1.0937340002633176
0.9999905824661255,0.18068699538707733,0.5407443046569824,-0.21008291840553284,0.873039186000824,-0.026560826281914335,0.054644107818603516,0.27637529373168945,-0.1851380467414856,0.8363134860992432,-1.0,49.13856506347656,True,9.240585327148438,0.18482013046741486,-0.21400967240333557,0.8648767471313477,0.0,-0.002032664120197296,-0.008108004998599982,-0.01,-0.020140669118797278,0.0009573119987180689,False,46,False,False,5.09999999999966,-0.20326641201972961,-0.0,0.0,0.0,1.0,1.0,0.0,-0.0,0.0,0.0,-0.0,0.09963254441964087,1.0975998802994436
0.9999946355819702,0.17327606678009033,0.7538378238677979,-0.19936686754226685,0.8767935633659363,-0.01548298660660115,0.009306073188781738,0.14173376560211182,-0.07410871982574463,0.7471072673797607,-1.0,48.762847900390625,True,10.38200855255127,0.18450510501861572,-0.2102503776550293,0.8762909770011902,0.0,-0.0014595909416675568,-0.008861978621587552,-0.01,-0.02032156956325511,0.0008893179983715527,False,47,False,False,5.199999999999649,-0.14595909416675568,-0.0,0.0,0.0,1.0,1.0,0.0,-0.0,0.0,0.0,-0.0,0.10178843770774626,1.1003288467660788
0.999994158744812,0.1775520294904709,0.6039639711380005,-0.20223763585090637,0.8799340724945068,-0.024457829466024643,0.05793797969818115,0.26426494121551514,-0.07469815015792847,0.642587423324585,-1.0,48.46785354614258,True,11.390262603759766,0.18415193259716034,-0.20731720328330994,0.8863735198974609,0.0,-0.0012292279303073883,-0.009311530080679864,-0.01,-0.020540758010987252,0.0008800429986877134,False,48,False,False,5.299999999999638,-0.12292279303073883,-0.0,0.0,0.0,1.0,1.0,0.0,-0.0,0.0,0.0,-0.0,0.1035120428247529,1.1022828148944455
0.9999943971633911,0.17686688899993896,0.8327757120132446,-0.19078245759010315,0.8833155035972595,-0.016098531944677887,-0.3478485345840454,0.8468656539916992,0.05406498908996582,0.07615160942077637,-1.0,47.7942008972168,True,12.035435676574707,0.18232430517673492,-0.20079857110977173,0.8928252458572388,0.0,-0.0021172553300857545,-0.007035552298537251,-0.01,-0.019152807628623005,0.0008827500005281763,False,49,False,False,5.399999999999627,-0.21172553300857544,-0.0,0.0,0.0,1.0,1.0,0.0,-0.0,0.0,0.0,-0.0,0.10755198518050879,1.105434729850423
0.9999939203262329,0.17129778861999512,0.6159147024154663,-0.18546035885810852,0.8826208114624023,-0.0222585865725675,-0.9954846501350403,0.9998857975006104,0.047271013259887695,-0.22886061668395996,-1.0,46.492801666259766,True,12.13386058807373,0.1752488762140274,-0.18879802525043488,0.8938094973564148,0.0,-0.005113432407379151,-0.002928781287557136,-0.01,-0.018042213694936287,0.0008088600006885827,False,50,False,False,5.499999999999616,-0.511343240737915,-0.0,0.0,0.0,1.0,1.0,0.0,-0.0,0.0,0.0,-0.0,0.11578103725418465,1.1106676048468056
0.9999874830245972,0.15912207961082458,1.0842084884643555,-0.16899161040782928,0.8815050721168518,-0.013939906178385614,-0.9995563626289368,0.999995231628418,0.08467960357666016,-0.32760822772979736,-1.0,45.20064163208008,True,12.431591987609863,0.16858553886413574,-0.17677266895771027,0.8967868089675903,0.0,-0.005284003019332886,-0.0024929299357909773,-0.01,-0.017776932955123864,0.001038393998896936,False,51,False,False,5.599999999999605,-0.5284003019332886,-0.0,0.0,0.0,1.0,1.0,0.0,-0.0,0.0,0.0,-0.0,0.12453344101079233,1.1192494379914595
0.9999687671661377,0.15294894576072693,1.107142448425293,-0.1520768254995346,0.8866073489189148,-0.013642930599215806,-0.999671459197998,0.9999978542327881,0.13609027862548828,-0.5166576504707336,-1.0,43.905357360839844,True,12.585234642028809,0.16184867918491364,-0.16467547416687012,0.8983232378959656,0.0,-0.005711986422538757,-0.0019487606459960283,-0.01,-0.017660747068534786,0.000873076000061701,False,52,False,False,5.699999999999594,-0.5711986422538757,-0.0,0.0,0.0,1.0,1.0,0.0,-0.0,0.0,0.0,-0.0,0.13392390830620604,1.1282119218836673
0.999992847442627,0.14491786062717438,0.8389885425567627,-0.14474424719810486,0.8865759372711182,-0.02057545941815171,-0.9993048906326294,0.9999971389770508,0.09940171241760254,-0.5629526972770691,-1.0,42.5433349609375,True,12.371004104614258,0.1531231552362442,-0.15210361778736115,0.8961809277534485,0.0,-0.005813502669334412,-0.0008649545642307466,-0.01,-0.016678457233565157,0.0008884849994501565,False,53,False,False,5.799999999999583,-0.5813502669334412,-0.0,0.0,0.0,1.0,1.0,0.0,-0.0,0.0,0.0,-0.0,0.14450400336996416,1.1386905007006298
0.9999721050262451,0.13387618958950043,0.8761261701583862,-0.1290225237607956,0.8840400576591492,-0.012719889405101777,-0.9951061010360718,0.9999778270721436,0.10547399520874023,-0.5254679322242737,-1.0,41.12660217285156,True,11.931687355041504,0.14235563576221466,-0.13907915353775024,0.8917877674102783,0.0,-0.005693582892417908,0.00025530465415535275,-0.01,-0.015438278238262555,0.0008926269983930979,False,54,False,False,5.899999999999572,-0.5693582892417908,-0.0,0.0,0.0,1.0,1.0,0.0,-0.0,0.0,0.0,-0.0,0.15632251257919227,1.1506289296867744
0.9999899864196777,0.12572838366031647,0.3524079918861389,-0.12546947598457336,0.8814725875854492,-0.022950943665129477,-0.9101634621620178,0.999553918838501,0.11321496963500977,-0.4396265745162964,-1.0,39.69514846801758,True,11.435919761657715,0.13064588606357574,-0.12576670944690704,0.8868300914764404,0.0,-0.00508398711681366,0.0011422253856636644,-0.01,-0.013941761731149995,0.0009165589999611257,False,55,False,False,5.999999999999561,-0.508398711681366,-0.0,0.0,0.0,1.0,1.0,0.0,-0.0,0.0,0.0,-0.0,0.1691563520034265,1.164072364886613
0.9999690055847168,0.11624112725257874,0.5564967393875122,-0.10284280776977539,0.8775396347045898,-0.0029935594135113955,-0.6618490219116211,0.9977953433990479,0.06426918506622314,-0.3405764102935791,-1.0,38.26649475097656,True,10.930824279785156,0.1193646639585495,-0.11217467486858368,0.881779134273529,0.0,-0.003884406387805939,0.0019258542004845225,-0.01,-0.011958552187321416,0.0010692689993447857,False,56,False,False,6.09999999999955,-0.38844063878059387,-0.0,0.0,0.0,1.0,1.0,0.0,-0.0,0.0,0.0,-0.0,0.18291126194983054,1.1790268555620247
0.9999704360961914,0.10719560086727142,0.5894730091094971,-0.08633878827095032,0.8758075833320618,-0.006961225490649428,-0.46143639087677,0.996544599533081,-0.012281954288482666,-0.1906726360321045,-1.0,36.863460540771484,True,10.550421714782715,0.11056796461343765,-0.09848309308290482,0.8779751062393188,0.0,-0.003106328845024109,0.0025051336428902893,-0.01,-0.01060119520213382,0.0015096569986781105,False,57,False,False,6.199999999999539,-0.3106328845024109,-0.0,0.0,0.0,1.0,1.0,0.0,-0.0,0.0,0.0,-0.0,0.19739031873945556,1.1942839898944315
0.9999909400939941,0.10508570820093155,0.457041472196579,-0.07203736156225204,0.8761046528816223,-0.008219290841945651,-0.3114398717880249,0.9957720041275024,-0.0328252911567688,-0.02537435293197632,-1.0,35.47834396362305,True,10.376090049743652,0.10422252118587494,-0.08475828170776367,0.8762317895889282,0.0,-0.002725695073604584,0.0031597275703036942,-0.01,-0.00956596750330089,0.0014461139999184525,False,58,False,False,6.299999999999528,-0.2725695073604584,-0.0,0.0,0.0,1.0,1.0,0.0,-0.0,0.0,0.0,-0.0,0.21267685281166504,1.2099511577380604
0.9999785423278809,0.1014181524515152,0.5967403054237366,-0.05613595247268677,0.8743183016777039,-0.004989691551091413,-0.1421905755996704,0.9943466186523438,-0.011643648147583008,0.019835948944091797,-1.0,34.0993766784668,True,10.365885734558105,0.10018511861562729,-0.07099368423223495,0.8761297464370728,0.0,-0.002523680925369263,0.003955926063794468,-0.01,-0.008567754861574794,0.0014257240000006277,False,59,False,False,6.399999999999517,-0.25236809253692627,-0.0,0.0,0.0,1.0,1.0,0.0,-0.0,0.0,0.0,-0.0,0.22892198874506042,1.2263983078196912
0.9999825954437256,0.10101699829101562,0.6872420907020569,-0.041664090007543564,0.8740721940994263,-0.005682029814025737,0.0017349720001220703,0.9948550462722778,0.001675724983215332,0.023780345916748047,-1.0,32.71723556518555,True,10.404425621032715,0.0983467549085617,-0.057168152183294296,0.8765151500701904,0.0,-0.002475769817829132,0.004893405437134568,-0.01,-0.007582364380694564,0.0014036499997018836,False,60,False,False,6.499999999999506,-0.2475769817829132,-0.0,0.0,0.0,1.0,1.0,0.0,-0.0,0.0,0.0,-0.0,0.24627815128466535,1.2438023814668362
0.9999706745147705,0.10120563209056854,0.5496799945831299,-0.0329553596675396,0.8739380836486816,-0.01295446468384137,0.054871439933776855,0.995191216468811,0.008713006973266602,0.01913273334503174,-1.0,31.329620361328125,True,10.448098182678223,0.0980638712644577,-0.04329020902514458,0.8769518733024597,0.0,-0.002484645992517471,0.0059025051282894925,-0.01,-0.006582140864227979,0.0010758309999800986,False,61,False,False,6.599999999999495,-0.24846459925174713,-0.0,0.0,0.0,1.0,1.0,0.0,-0.0,0.0,0.0,-0.0,0.26482894551835934,1.2623442995258418
0.999962329864502,0.09989531338214874,0.6550705432891846,-0.015987535938620567,0.8725893497467041,-0.00014537641642388844,0.04569518566131592,0.9952600002288818,-0.01233530044555664,-0.003482341766357422,-1.0,29.939661026000977,True,10.477649688720703,0.09830549359321594,-0.029391789808869362,0.8772473931312561,0.0,-0.0024819870293140414,0.006909902463930528,-0.01,-0.005572084565383513,0.0009286690001317766,False,62,False,False,6.699999999999484,-0.2481987029314041,-0.0,0.0,0.0,1.0,1.0,0.0,-0.0,0.0,0.0,-0.0,0.28458471330645574,1.2821027262771416
0.9999511241912842,0.1002628356218338,0.6937091946601868,-0.0019502677023410797,0.8717599511146545,-0.003358059608897648,0.054277896881103516,0.995943546295166,0.0012056827545166016,-0.004904210567474365,-1.0,28.549381256103516,True,10.487186431884766,0.09857434034347534,-0.015490236692130566,0.8773427605628967,0.0,-0.002487187832593918,0.0079193302495848,-0.01,-0.004567857583009118,0.0009279910009354353,False,63,False,False,6.799999999999473,-0.24871878325939178,-0.0,0.0,0.0,1.0,1.0,0.0,-0.0,0.0,0.0,-0.0,0.3055596487383817,1.3030724609057878
0.9999585151672363,0.09991803765296936,0.4515214264392853,0.0074022188782691956,0.8737860321998596,-0.010268068737500257,0.05329394340515137,0.9959971904754639,0.0036455392837524414,-0.016975104808807373,-1.0,27.15869903564453,True,10.487926483154297,0.09892354905605316,-0.0015848168404772878,0.8773501515388489,0.0,-0.002487880140542984,0.008954203176787301,-0.01,-0.0035336769637556832,0.0009235830002580769,False,64,False,False,6.899999999999462,-0.2487880140542984,-0.0,0.0,0.0,1.0,1.0,0.0,-0.0,0.0,0.0,-0.0,0.32779178794359887,1.325303907803056
0.9996129870414734,0.09966453164815903,0.711383044719696,0.02938714250922203,0.8734495043754578,0.012805472463900394,0.030442476272583008,0.9959778785705566,-0.014505863189697266,-0.028930068016052246,-1.0,25.768657684326172,True,10.472702980041504,0.09914376586675644,0.012314833700656891,0.8771979212760925,0.0,-0.002484865039587021,0.009990195959427517,-0.01,-0.002494669080159504,0.0009131070000876207,False,65,False,False,6.999999999999451,-0.2484865039587021,-0.0,0.0,0.0,1.0,1.0,0.0,-0.0,0.0,0.0,-0.0,0.3512948703148663,1.3488100052752792
0.9998338222503662,0.10117579996585846,0.7728043794631958,0.04664034768939018,0.8758839964866638,0.006361095957764596,0.05946624279022217,0.9965155124664307,0.023972749710083008,-0.04804408550262451,-1.0,24.37807846069336,True,10.436206817626953,0.09936089813709259,0.026220083236694336,0.8768329620361328,0.0,-0.002498655915260315,0.011058095917079624,-0.01,-0.0014405599981806906,0.0009451630012335954,False,66,False,False,7.09999999999944,-0.2498655915260315,-0.0,0.0,0.0,1.0,1.0,0.0,-0.0,0.0,0.0,-0.0,0.3761141544465051,1.3736154985312448
0.9998052716255188,0.10049223899841309,0.7301928997039795,0.05767655745148659,0.8723141551017761,-0.004689309273396498,0.08216714859008789,0.9964816570281982,0.041142821311950684,-0.0841597318649292,-1.0,22.986278533935547,True,10.364681243896484,0.0999293327331543,0.04013722762465477,0.8761177062988281,0.0,-0.0025212568044662475,0.012145556381024436,-0.01,-0.00037570042344181164,0.0009169649983959971,False,67,False,False,7.199999999999429,-0.25212568044662476,-0.0,0.0,0.0,1.0,1.0,0.0,-0.0,0.0,0.0,-0.0,0.4022825164285344,1.399761259624068
0.9997888207435608,0.10097534954547882,0.659795880317688,0.07027901709079742,0.8718422651290894,-0.0007800486610745508,0.060341835021972656,0.9965766668319702,0.019405484199523926,-0.10437250137329102,-1.0,21.595991134643555,True,10.251826286315918,0.10056652128696442,0.054040856659412384,0.8749891519546509,0.0,-0.0025201910734176636,0.013179036865171634,-0.01,0.00065884579175397,0.000892889998794999,False,68,False,False,7.299999999999418,-0.25201910734176636,-0.0,0.0,0.0,1.0,1.0,0.0,-0.0,0.0,0.0,-0.0,0.4297591648418305,1.4272389737684128
0.9996263980865479,0.10002104938030243,0.6519777178764343,0.08152204751968384,0.8686521649360657,-0.002939590674137156,0.05377697944641113,0.9963479042053223,0.00930798053741455,-0.11157482862472534,-1.0,20.207075119018555,True,10.115581512451172,0.101015605032444,0.06793181598186493,0.873626708984375,0.0,-0.0025203418731689453,0.014200134906912298,-0.01,0.001679793033743353,0.0009135280015470926,False,69,False,False,7.399999999999407,-0.25203418731689453,-0.0,0.0,0.0,1.0,1.0,0.0,-0.0,0.0,0.0,-0.0,0.4585447169811312,1.4560243751079622
0.9997691512107849,0.10010011494159698,0.532059371471405,0.09610112011432648,0.8717634081840515,0.005268934443520248,0.0364152193069458,0.9963531494140625,0.006243228912353516,-0.10088056325912476,-1.0,18.820146560668945,True,9.977287292480469,0.10128332674503326,0.08180290460586548,0.8722437620162964,0.0,-0.0025106537342071533,0.015183427592207366,-0.01,0.0026727738580002124,0.000908596000954276,False,70,False,False,7.499999999999396,-0.25106537342071533,-0.0,0.0,0.0,1.0,1.0,0.0,-0.0,0.0,0.0,-0.0,0.4886142751219358,1.4861036213877286
0.9997867941856384,0.09992790967226028,0.3611251711845398,0.10095126926898956,0.867167055606842,-0.016526540115919558,0.056706905364990234,0.995330810546875,-0.010285258293151855,-0.05830961465835571,-1.0,17.435102462768555,True,9.86776351928711,0.10148423165082932,0.09565530717372894,0.8711485266685486,0.0,-0.0024935123324394226,0.016133317316199047,-0.01,0.0036398049837596245,0.0010022670012403978,False,71,False,False,7.599999999999385,-0.24935123324394226,-0.0,0.0,0.0,1.0,1.0,0.0,-0.0,0.0,0.0,-0.0,0.5199470891741425,1.517453576841703
0.999846339225769,0.10009017586708069,0.47890767455101013,0.11944906413555145,0.8677144646644592,0.016220726503362613,0.004604220390319824,0.9944010972976685,-0.02348703145980835,-0.010742783546447754,-1.0,16.05394744873047,True,9.819025039672852,0.10152948647737503,0.10946781933307648,0.8706611394882202,0.0,-0.0024738045036792754,0.016989501586761824,-0.01,0.004515697083082549,0.000943658998949104,False,72,False,False,7.699999999999374,-0.24738045036792755,-0.0,0.0,0.0,1.0,1.0,0.0,-0.0,0.0,0.0,-0.0,0.5524612031192204,1.5499873986155412
0.999922513961792,0.09957979619503021,0.32545849680900574,0.1293175369501114,0.8690616488456726,-0.0038991337482052304,0.03475081920623779,0.9934760332107544,-0.020509719848632812,0.07860696315765381,-1.0,14.674596786499023,True,9.856247901916504,0.10131422430276871,0.12325993180274963,0.8710333704948425,0.0,-0.0024870046973228454,0.017835626529895343,-0.01,0.0053486218325724975,0.0009132260001933901,False,73,False,False,7.799999999999363,-0.24870046973228455,-0.0,0.0,0.0,1.0,1.0,0.0,-0.0,0.0,0.0,-0.0,0.5861584153386236,1.5836714106413008
0.9999034404754639,0.09982270002365112,0.7186137437820435,0.14954490959644318,0.8651328682899475,0.023161359157848675,0.0386507511138916,0.9909975528717041,-0.03248649835586548,0.1792140007019043,-1.0,13.299449920654297,True,10.02192497253418,0.10129069536924362,0.13701176643371582,0.8726901412010193,0.0,-0.002541857659816742,0.01855352518589992,-0.01,0.00601166752608318,0.0009270619993912987,False,74,False,False,7.899999999999352,-0.2541857659816742,-0.0,0.0,0.0,1.0,1.0,0.0,-0.0,0.0,0.0,-0.0,0.6209211306045654,1.6183792729447486
0.9999561309814453,0.09957565367221832,0.4418199360370636,0.15356814861297607,0.8671420216560364,-0.018622243835274804,0.05995810031890869,0.990382194519043,0.009767770767211914,0.26985347270965576,-1.0,11.926389694213867,True,10.322952270507812,0.10144862532615662,0.15074491500854492,0.8757004141807556,0.0,-0.002643420398235321,0.01924414206871128,-0.01,0.006600721670475957,0.0008977790002973052,False,75,False,False,7.999999999999341,-0.2643420398235321,-0.0,0.0,0.0,1.0,1.0,0.0,-0.0,0.0,0.0,-0.0,0.6567326309968298,1.6540892105985945
0.9999468326568604,0.1006157398223877,1.0011459589004517,0.18568706512451172,0.8720400333404541,0.05787030813769763,0.051621317863464355,0.9875816106796265,-0.020881950855255127,0.3017923831939697,-1.0,10.554611206054688,True,10.72368049621582,0.1017640233039856,0.16446863114833832,0.8797076940536499,0.0,-0.002673742175102234,0.019867905358724958,-0.01,0.007194163183622723,0.0008750500001042383,False,76,False,False,8.099999999999374,-0.2673742175102234,-0.0,0.0,0.0,1.0,1.0,0.0,-0.0,0.0,0.0,-0.0,0.693535860465377,1.6908621182902748
0.9999241828918457,0.10071447491645813,1.0490894317626953,0.19393302500247955,0.8699776530265808,-0.007133183331830075,0.12272262573242188,0.9912211894989014,0.10414958000183105,0.2904406785964966,-1.0,9.180479049682617,True,11.151289939880371,0.10247662663459778,0.17822863161563873,0.8839837908744812,0.0,-0.002731958031654358,0.020495000842624567,-0.01,0.007763042810970209,0.0009084989997063531,False,77,False,False,8.199999999999408,-0.2731958031654358,-0.0,0.0,0.0,1.0,1.0,0.0,-0.0,0.0,0.0,-0.0,0.7313443241136806,1.7286123660820263
0.9998601675033569,0.10281750559806824,1.1156558990478516,0.21347711980342865,0.876795768737793,0.025213845332077902,0.09764111042022705,0.9916661977767944,0.03861415386199951,0.24110686779022217,-1.0,7.810554027557373,True,11.548018455505371,0.1036338061094284,0.1919790506362915,0.8879510760307312,0.0,-0.002631397843360901,0.020836484610402772,-0.01,0.008205086767041871,0.0008986419998109341,False,78,False,False,8.299999999999441,-0.2631397843360901,-0.0,0.0,0.0,1.0,1.0,0.0,-0.0,0.0,0.0,-0.0,0.7698796112917656,1.7672482134484047
0.9997501969337463,0.10145753622055054,1.1298887729644775,0.2213544398546219,0.8756390810012817,-0.00788857933405664,0.09615325927734375,0.994020938873291,0.09447610378265381,0.07911229133605957,-1.0,6.436593055725098,True,11.821728706359863,0.10476107150316238,0.20581041276454926,0.8906881809234619,0.0,-0.002531268894672394,0.02129469253380667,-0.01,0.008763423639134276,0.0008847280005284119,False,79,False,False,8.399999999999475,-0.2531268894672394,-0.0,0.0,0.0,1.0,1.0,0.0,-0.0,0.0,0.0,-0.0,0.8092669910278129,1.8067357221331404
0.9994268417358398,0.10193105041980743,0.9473062753677368,0.23036666214466095,0.8769246339797974,-0.004777573660630807,0.03379619121551514,0.9809565544128418,0.028043746948242188,-0.131874680519104,-1.0,5.07140588760376,True,11.850112915039062,0.10552387684583664,0.21958768367767334,0.8909720182418823,0.0,-0.0024539881944656374,0.021263790027885143,-0.01,0.008809801833419506,0.0009061979999387404,False,80,False,False,8.499999999999508,-0.24539881944656372,-0.0,0.0,0.0,1.0,1.0,0.0,-0.0,0.0,0.0,-0.0,0.8490209860136438,1.846566997819178
0.9982728958129883,0.10158348828554153,0.9992551803588867,0.24738071858882904,0.8780699968338013,0.019934761215558785,0.012323141098022461,0.6178216934204102,0.02532815933227539,-0.3746565580368042,-1.0,3.889404535293579,True,11.56863021850586,0.10560521483421326,0.23151198029518127,0.8881571888923645,0.0,-0.0013071614503860473,0.015985139415571226,-0.01,0.004677977965185178,0.0010150649995921412,False,81,False,False,8.599999999999541,-0.13071614503860474,-0.0,0.0,0.0,1.0,1.0,0.0,-0.0,0.0,0.0,-0.0,0.8838445590187961,1.88253739756841
0.9880483746528625,0.1007431149482727,1.2411110401153564,0.25824499130249023,0.8692154288291931,0.0018547183941448695,-0.015967905521392822,0.22321689128875732,0.028673171997070312,-0.6228004693984985,-1.0,3.2043755054473877,True,10.94709587097168,0.10542360693216324,0.2384185791015625,0.8819418549537659,0.0,-0.0010969582945108414,0.0012776046748070868,-0.01,-0.009819353619703755,0.0009317149997514207,False,82,False,False,8.699999999999575,-0.10969582945108414,-0.0,0.0,0.0,1.0,1.0,0.0,-0.0,0.0,0.0,-0.0,0.9041637902089021,1.9030668319143913
0.9950994849205017,0.10045607388019562,1.016878366470337,0.25926169753074646,0.8631747961044312,-0.029131317462123905,-0.06986498832702637,0.23268139362335205,0.03072535991668701,-0.9780942797660828,-1.0,2.8591413497924805,True,9.929877281188965,0.10494539886713028,0.24183954298496246,0.8717696666717529,0.0,-0.0025415855646133425,-0.008872625705424353,-0.01,-0.021414211270037696,0.0009190870005113538,False,83,False,False,8.799999999999608,-0.25415855646133423,-0.0,0.0,0.0,1.0,1.0,0.0,-0.0,0.0,0.0,-0.0,0.9144355308015442,1.9118939452369308
0.9698693752288818,0.09934334456920624,0.7103299498558044,0.2540687918663025,0.8508261442184448,-0.04760584587718702,-0.07995867729187012,0.19630718231201172,0.011623501777648926,-0.9810571670532227,-1.0,2.562680721282959,True,8.597773551940918,0.10358752310276031,0.24462555348873138,0.8584486246109009,0.0,-0.002518845200538635,-0.01039751649416587,-0.01,-0.022916361694704505,0.0009150490004685707,False,84,False,False,8.899999999999642,-0.2518845200538635,-0.0,0.0,0.0,1.0,1.0,0.0,-0.0,0.0,0.0,-0.0,0.9232707201441956,1.920751874943657
0.997708797454834,0.10038065165281296,0.7505059242248535,0.26196467876434326,0.839634895324707,-0.008000250258423866,-0.10923516750335693,0.1774454116821289,-0.01087331771850586,-0.8490319848060608,-1.0,2.3203284740448,True,7.306366920471191,0.1019066795706749,0.24687519669532776,0.8455345630645752,0.0,-0.001910981833934784,-0.012073352382673264,-0.01,-0.023984334216608047,0.0008974740012490656,False,85,False,False,8.999999999999675,-0.1910981833934784,-0.0,0.0,0.0,1.0,1.0,0.0,-0.0,0.0,0.0,-0.0,0.9305023966286965,1.9285914147947618
0.9963409304618835,0.09890734404325485,0.723847508430481,0.259243369102478,0.8245639801025391,-0.039351330962191435,-0.059522151947021484,0.11397874355316162,-0.011693358421325684,-0.7314724326133728,-1.0,2.1299266815185547,True,6.184196472167969,0.10033388435840607,0.24870336055755615,0.8343128561973572,0.0,-0.0013793067634105683,-0.013675228698590391,-0.01,-0.02505453546200096,0.0009585480001987889,False,86,False,False,9.099999999999708,-0.13793067634105682,-0.0,0.0,0.0,1.0,1.0,0.0,-0.0,0.0,0.0,-0.0,0.9361890605002613,1.9348097537368507
0.9985656142234802,0.10073921084403992,0.6379626989364624,0.2618536651134491,0.8201431632041931,-0.022394940644271753,-0.05274122953414917,0.09498786926269531,0.0052678585052490234,-0.44757020473480225,-1.0,2.0256080627441406,True,5.309903621673584,0.09911759942770004,0.24976316094398499,0.8255699276924133,0.0,-0.0005303778871893883,-0.016275632859870104,-0.01,-0.026806010747059492,0.0009366090016555972,False,87,False,False,9.199999999999742,-0.05303778871893883,-0.0,0.0,0.0,1.0,1.0,0.0,-0.0,0.0,0.0,-0.0,0.9393064761253264,1.938776098238137
0.9991946816444397,0.09917543828487396,0.7709386348724365,0.26775193214416504,0.8145238161087036,-0.012839669670289142,0.02271270751953125,0.04723525047302246,-0.008653819561004639,-0.31969523429870605,-0.9999976754188538,1.9462175369262695,True,4.74475622177124,0.09860602766275406,0.2505878210067749,0.8199184536933899,0.0,-0.0002625674195587635,-0.017043520040110227,-0.01,-0.02730608745966899,0.0008990389997052262,False,88,False,False,9.299999999999775,-0.02625674195587635,-0.0,0.0,0.0,1.0,1.0,0.0,-0.0,0.0,0.0,-0.0,0.9416797967849939,1.9414172293654353
0.00013917467731516808,0.09963222593069077,0.18200600147247314,0.25340399146080017,0.7748081088066101,-1.6047710816340066,0.0032607316970825195,0.1368023157119751,0.02698361873626709,-0.03542202711105347,0.13095057010650635,1.733001470565796,False,-0.23565292358398438,0.09966784715652466,0.2526731789112091,0.7701143622398376,0.0,-5.1770852878689765e-05,-1.554787139617477,-0.01,-1.5648389104703557,0.0008820040002319729,False,89,False,False,9.399999999999809,-0.005177085287868977,-0.0,0.0,0.0,0.0,0.0,1.0,-0.0,0.0,1.0,-0.0,0.0,14.99994822914712
0.9994791150093079,0.09846854954957962,1.1103570461273193,0.2543933093547821,0.803215742111206,1.5209363426736342,-0.07451063394546509,-0.31795942783355713,0.032877564430236816,0.23299384117126465,-0.05078911781311035,1.6868425607681274,False,-0.00209808349609375,0.09975350648164749,0.2531333863735199,0.7724499106407166,0.0,-0.00040504273027181626,0.0001769380271434695,-0.01,-0.010228104703128347,0.0009065929989446886,False,90,False,False,9.499999999999842,-0.040504273027181625,-0.0,0.0,0.0,0.0,0.0,0.0,-0.0,0.0,0.0,-0.0,0.0,-0.00040504273027181626
4.031459411635296e-06,0.09564995765686035,0.5759484767913818,0.2658253014087677,0.7729528546333313,-1.5715996510587003,-0.10941863059997559,0.013656020164489746,0.1033104658126831,-0.34889113903045654,0.999997615814209,1.6871072053909302,False,-5.9604644775390625e-06,0.09975185245275497,0.2531307637691498,0.7724708318710327,0.0,-0.0003613924980163574,-0.00391288921236993,-0.01,-0.014274281710386288,0.0010529350001888815,False,91,False,False,9.599999999999875,-0.03613924980163574,-0.0,0.0,0.0,0.0,0.0,0.0,-0.0,0.0,0.0,-0.0,0.0,-0.0003613924980163574
1.6622419707346126e-06,0.09956543147563934,0.06511707603931427,0.25460609793663025,0.772179126739502,-0.006911465749144552,0.028361201286315918,-0.31613051891326904,0.10753440856933594,-0.16368085145950317,0.8869192600250244,1.6871072053909302,False,0.0,0.09975184500217438,0.2531307637691498,0.7724708914756775,0.0,-0.00034774482250213626,0.004507853016257279,-0.01,-0.005839891806244857,0.0009191030003421474,False,92,False,False,9.699999999999909,-0.03477448225021362,-0.0,0.0,0.0,0.0,0.0,0.0,-0.0,0.0,0.0,-0.0,0.0,-0.00034774482250213626
4.779270739163621e-07,0.09923326969146729,0.18043270707130432,0.2576967477798462,0.7721424698829651,-0.009953927495516863,-0.01081240177154541,-0.022750675678253174,-0.04851651191711426,-0.06776690483093262,0.9934132099151611,1.6871072053909302,False,0.0,0.09975184500217438,0.2531307637691498,0.7724708914756775,0.0,-1.895176712423563e-05,0.0006817065179348103,-0.01,-0.009337245249189425,0.0009289829995395849,False,93,False,False,9.799999999999942,-0.001895176712423563,-0.0,0.0,0.0,0.0,0.0,0.0,-0.0,0.0,0.0,-0.0,0.0,-1.895176712423563e-05
4.862345122091938e-07,0.09825384616851807,0.08219331502914429,0.25398173928260803,0.7725877165794373,-0.01108288574614563,0.008408665657043457,0.02489185333251953,-0.043099045753479004,-0.04480236768722534,0.9986114501953125,1.6871072053909302,False,0.0,0.09975184500217438,0.2531307637691498,0.7724708914756775,0.0,-1.1387724662199616e-05,-0.0023911314457655264,-0.01,-0.012402519170427726,0.0009646950002206722,False,94,False,False,9.899999999999975,-0.0011387724662199616,-0.0,0.0,0.0,0.0,0.0,0.0,-0.0,0.0,0.0,-0.0,0.0,-1.1387724662199616e-05
2.963104861919419e-06,0.09767932444810867,0.48940205574035645,0.26561304926872253,0.772343635559082,-0.018798238998861048,-0.00831758975982666,0.027582526206970215,-0.009438157081604004,0.053853750228881836,0.9970928430557251,1.6871072053909302,False,0.0,0.09975184500217438,0.2531307637691498,0.7724708914756775,0.0,-9.548208327032626e-06,-0.004207788556814196,-0.01,-0.014217336765141229,0.0008799909992376342,False,95,False,False,10.000000000000009,-0.0009548208327032626,-0.0,0.0,0.0,0.0,0.0,0.0,-0.0,0.0,0.0,-0.0,0.0,-9.548208327032626e-06
3.994848157162778e-06,0.09779730439186096,0.4468744099140167,0.26438868045806885,0.7722771167755127,-0.014828672697767593,0.006575942039489746,0.06234252452850342,-0.0412907600402832,0.0187302827835083,0.9999868869781494,1.6871072053909302,False,0.0,0.09975184500217438,0.2531307637691498,0.7724708914756775,0.0,-1.4963960275053978e-05,-0.005868424102663972,-0.01,-0.015883388062939027,0.0008816749996185536,False,96,False,False,10.100000000000042,-0.0014963960275053978,-0.0,0.0,0.0,0.0,0.0,0.0,-0.0,0.0,0.0,-0.0,0.0,-1.4963960275053978e-05
5.659067483065883e-06,0.09807653725147247,0.4991183578968048,0.26625967025756836,0.7723015546798706,-0.01655045792693273,0.007104277610778809,0.07842659950256348,-0.026857078075408936,0.08184289932250977,0.9999780654907227,1.6871072053909302,False,0.0,0.09975184500217438,0.2531307637691498,0.7724708914756775,0.0,-3.4051912371069194e-05,-0.006066121309995676,-0.01,-0.016100173222366745,0.0008856650001689559,False,97,False,False,10.200000000000076,-0.0034051912371069193,-0.0,0.0,0.0,0.0,0.0,0.0,-0.0,0.0,0.0,-0.0,0.0,-3.4051912371069194e-05
3.1291067443817155e-06,0.09852822124958038,0.2689679265022278,0.25887641310691833,0.7735706567764282,-0.020155700892210037,0.001497507095336914,0.09644627571105957,-0.003003537654876709,0.7782707214355469,0.999990701675415,1.6871072053909302,False,0.0,0.09975184500217438,0.2531307637691498,0.7724708914756775,0.0,-0.001537546068429947,-0.015139860808849326,-0.01,-0.026677406877279274,0.0008922750002966495,False,98,False,False,10.300000000000109,-0.1537546068429947,-0.0,0.0,0.0,0.0,0.0,0.0,-0.0,0.0,0.0,-0.0,0.0,-0.001537546068429947
5.395064590629772e-07,0.09759949147701263,0.3446449637413025,0.2612435519695282,0.7725450992584229,-0.04573457270860671,0.0007739067077636719,0.039441466331481934,-0.01871669292449951,0.9702110290527344,0.9999773502349854,1.6871072053909302,False,0.0,0.09975184500217438,0.2531307637691498,0.7724708914756775,0.0,-0.002358039915561676,-0.030821159631013895,-0.01,-0.04317919954657557,0.0009327660009148531,False,99,False,False,10.400000000000142,-0.2358039915561676,-0.0,0.0,0.0,0.0,0.0,0.0,-0.0,0.0,0.0,-0.0,0.0,-0.002358039915561676
7.71929876464128e-07,0.09615917503833771,0.50299072265625,0.2645699381828308,0.7724130153656006,-0.047925609201192876,-0.012257874011993408,0.02205955982208252,-0.01573890447616577,0.9978097677230835,0.9999666213989258,1.6871072053909302,False,0.0,0.09975184500217438,0.2531307637691498,0.7724708914756775,0.0,-0.0024912722408771517,-0.0345798473060131,-0.01,-0.04707111954689025,0.000981274999503512,False,100,False,False,10.500000000000176,-0.24912722408771515,-0.0,0.0,0.0,0.0,0.0,0.0,-0.0,0.0,0.0,-0.0,0.0,-0.0024912722408771517
7.677523967686284e-07,0.09629496932029724,0.6678854823112488,0.2692923843860626,0.7728889584541321,-0.04620500221848486,-0.0006910562515258789,0.02855658531188965,0.008147120475769043,0.9997994899749756,0.9996159076690674,1.6871072053909302,False,0.0,0.09975184500217438,0.2531307637691498,0.7724708914756775,0.0,-0.0025012034177780153,-0.03370424330234528,-0.01,-0.0462054467201233,0.001001749998977175,False,101,False,False,10.60000000000021,-0.2501203417778015,-0.0,0.0,0.0,0.0,0.0,0.0,-0.0,0.0,0.0,-0.0,0.0,-0.0025012034177780153
7.60290618018189e-07,0.09608621895313263,0.5435556173324585,0.2640179395675659,0.7742247581481934,-0.04044916525483134,-0.04524576663970947,0.04681992530822754,0.029298067092895508,0.9992814064025879,0.9997987747192383,1.6871072053909302,False,0.0,0.09975184500217438,0.2531307637691498,0.7724708914756775,0.0,-0.002509152591228485,-0.03189373373985288,-0.01,-0.044402886331081366,0.00088678799875197,False,102,False,False,10.700000000000243,-0.2509152591228485,-0.0,0.0,0.0,0.0,0.0,0.0,-0.0,0.0,0.0,-0.0,0.0,-0.002509152591228485
2.166068043152336e-05,0.09681802988052368,0.7586464285850525,0.26978012919425964,0.7756471037864685,-0.0399069367349148,-0.028318703174591064,0.015440225601196289,0.07966494560241699,0.9325510263442993,0.9995992183685303,1.6871072053909302,False,0.0,0.09975184500217438,0.2531307637691498,0.7724708914756775,15.0,-0.0021925957500934603,-0.2767566442489624,-0.01,14.711050760000944,0.0009035659986693645,False,103,False,True,10.800000000000276,-0.219259575009346,-0.0,0.0,0.0,0.0,0.0,0.0,-0.0,0.0,0.0,-0.0,0.0,-0.0021925957500934603
