Q_actual_observation_held_probability,Q_actual_observation_x,Q_actual_observation_xyz_mae_cm,Q_actual_observation_y,Q_actual_observation_z,Q_observed_supported_reward,action_dx,action_dy,action_dyaw,action_dz,action_gripper,actual_goal_distance_cm,actual_held,actual_lift_cm,actual_object_x,actual_object_y,actual_object_z,control_component_goal,control_component_penalties,control_component_progress,control_component_time,control_reward,decision_seconds,forced_release,obstacle_contact,phase,proposed_gripper,step,table_contact,task_success,time_s,true_component_action,true_component_collision,true_component_drop,true_component_fail,true_component_grasp,true_component_lift,true_component_place,true_component_proximity,true_component_reach,true_component_success,true_component_table_hit,true_component_transport,true_original_reward
2.176101588702295e-05,0.18005168437957764,0.27874308824539185,-0.22577957808971405,0.7715998291969299,-0.00039790253630296417,0.9738283157348633,-0.9770901799201965,-0.0030407309532165527,-0.9946498274803162,0.9999983310699463,49.840999603271484,False,0.0,0.18318282067775726,-0.22141948342323303,0.7724708914756775,0.0,-0.007230960726737976,0.016995243430137634,-0.01,-0.00023571729660034312,0.0006651417352259159,False,False,approach,0.9999983310699463,1,False,False,0.6000000000000004,-0.7230960726737976,-0.0,0.0,0.0,0.0,0.0,0.0,-0.0,0.034333819123657516,0.0,-0.0,0.0,0.009935948835090781
1.113827238441445e-05,0.17768101394176483,0.2549310326576233,-0.22283503413200378,0.7717403173446655,-0.013704223928694203,0.9903687238693237,-0.9938574433326721,-0.001085042953491211,-0.9912963509559631,1.0,49.840999603271484,False,0.0,0.18318282067775726,-0.22141948342323303,0.7724708914756775,0.0,-0.007378131151199341,0.0030793210864067076,-0.01,-0.014298810064792633,0.0006921989843249321,False,False,approach,1.0,2,False,False,0.7000000000000005,-0.7378131151199341,-0.0,0.0,0.0,0.0,0.0,0.0,-0.0,0.0409014686184509,0.0,-0.0,0.0,0.013072603158026108
1.1517870916577522e-05,0.1790868043899536,0.2945343852043152,-0.22533981502056122,0.7716512084007263,-0.014088860968970681,0.9910728931427002,-0.9932844638824463,0.0022803544998168945,-0.9904361367225647,1.0,49.840999603271484,False,0.0,0.18318282067775726,-0.22141948342323303,0.7724708914756775,0.0,-0.007374521493911743,0.0037320446968078617,-0.01,-0.013642476797103882,0.0006345701403915882,False,False,approach,1.0,3,False,False,0.8000000000000006,-0.7374521493911743,-0.0,0.0,0.0,0.0,0.0,0.0,-0.0,0.048854089984455173,0.0,-0.0,0.0,0.017052523498315843
1.0841406947292853e-05,0.1777847856283188,0.312298059463501,-0.22456176578998566,0.77164226770401,-0.012653852316290733,0.991890549659729,-0.9934346675872803,-0.003942906856536865,-0.9909829497337341,1.0,49.840999603271484,False,0.0,0.18318282067775726,-0.22141948342323303,0.7724708914756775,0.0,-0.007382054924964905,0.004397316277027129,-0.01,-0.012984738647937775,0.0006307093426585197,False,False,approach,1.0,4,False,False,0.9000000000000007,-0.7382054924964905,-0.0,0.0,0.0,0.0,0.0,0.0,-0.0,0.05823102088118193,0.0,-0.0,0.0,0.021733455515626058
1.511193022452062e-05,0.17709149420261383,0.3431260585784912,-0.2253313660621643,0.7721803188323975,-0.012120927598602522,0.9928772449493408,-0.9934617877006531,-0.0018383264541625977,-0.9926226139068604,1.0,49.840999603271484,False,0.0,0.18318282067775726,-0.22141948342323303,0.7724708914756775,0.0,-0.007395186424255371,0.005104207396507264,-0.01,-0.012290979027748106,0.0006100623868405819,False,False,approach,1.0,5,False,False,1.0000000000000007,-0.7395186424255371,-0.0,0.0,0.0,0.0,0.0,0.0,-0.0,0.0691307632724204,0.0,-0.0,0.0,0.02717019521195483
1.1273456948401872e-05,0.17732161283493042,0.3563046455383301,-0.22533486783504486,0.7715583443641663,-0.011783801604457595,0.9934688806533813,-0.9938585758209229,-0.003067910671234131,-0.9938838481903076,1.0,49.840999603271484,False,0.0,0.18318282067775726,-0.22141948342323303,0.7724708914756775,0.0,-0.007406374216079712,0.005775868594646454,-0.01,-0.011630505621433258,0.0006235227920114994,False,False,approach,1.0,6,False,False,1.1000000000000008,-0.7406374216079712,-0.0,0.0,0.0,0.0,0.0,0.0,-0.0,0.08149746680918346,0.0,-0.0,0.0,0.03334235918851202
1.3145660886948463e-05,0.1781453937292099,0.3356357216835022,-0.22604581713676453,0.7720655798912048,-0.011283569908194669,0.9932372570037842,-0.9934715032577515,-0.002759695053100586,-0.9933779835700989,1.0,49.840999603271484,False,0.0,0.18318282067775726,-0.22141948342323303,0.7724708914756775,0.0,-0.007400783300399781,0.006271931827068325,-0.01,-0.011128851473331456,0.000599574763327837,False,False,approach,1.0,7,False,False,1.2000000000000008,-0.740078330039978,-0.0,0.0,0.0,0.0,0.0,0.0,-0.0,0.09499132375617736,0.0,-0.0,0.0,0.0400948785776889
1.2419618542480748e-05,0.17827463150024414,0.317913293838501,-0.22509442269802094,0.7715166211128235,-0.010638599866568184,0.9923746585845947,-0.9930337071418762,-0.006448328495025635,-0.9918666481971741,1.0,49.840999603271484,False,0.0,0.18318282067775726,-0.22141948342323303,0.7724708914756775,0.0,-0.007386910915374756,0.006741529703140257,-0.01,-0.0106453812122345,0.0006038332358002663,False,False,approach,1.0,8,False,False,1.300000000000001,-0.7386910915374756,-0.0,0.0,0.0,0.0,0.0,0.0,-0.0,0.10957003169944701,0.0,-0.0,0.0,0.04739810493434875
1.1284385436738376e-05,0.17687731981277466,0.3664061427116394,-0.2254406213760376,0.7718053460121155,-0.00949313112602285,0.9925377368927002,-0.9927894473075867,0.0006437301635742188,-0.9942895770072937,1.0,49.840999603271484,False,0.0,0.18318282067775726,-0.22141948342323303,0.7724708914756775,0.0,-0.007398435473442078,0.00739267140626907,-0.01,-0.010005764067173007,0.0006169229745864868,False,False,approach,1.0,9,False,False,1.400000000000001,-0.7398435473442078,-0.0,0.0,0.0,0.0,0.0,0.0,-0.0,0.12561154796525353,0.0,-0.0,0.0,0.05540733850918469
8.960206287156325e-06,0.17794284224510193,0.426620751619339,-0.2279089391231537,0.7714017033576965,-0.010137733050115127,0.9923304319381714,-0.9918031692504883,-0.0003637075424194336,-0.9950653910636902,1.0,49.840999603271484,False,0.0,0.18318282067775726,-0.22141948342323303,0.7724708914756775,0.0,-0.007396371364593506,0.008322307765483858,-0.01,-0.009074063599109648,0.0006039412692189217,False,False,approach,1.0,10,False,False,1.500000000000001,-0.7396371364593506,-0.0,0.0,0.0,0.0,0.0,0.0,-0.0,0.14369303599182726,0.0,-0.0,0.0,0.06445014663132012
8.254220119852107e-06,0.17711757123470306,0.3712276816368103,-0.22609010338783264,0.7720699310302734,-0.0066224915659314374,0.9925777912139893,-0.9911394715309143,-0.0034238696098327637,-0.9948875904083252,1.0,49.840999603271484,False,0.0,0.18318282067775726,-0.22141948342323303,0.7724708914756775,0.0,-0.007393453121185303,0.009535370469093321,-0.01,-0.007858082652091982,0.0006442554295063019,False,False,approach,1.0,11,False,False,1.6000000000000012,-0.7393453121185303,-0.0,0.0,0.0,0.0,0.0,0.0,-0.0,0.164407854602741,0.0,-0.0,0.0,0.07481047418018519
4.951847131451359e-06,0.17797258496284485,0.44186314940452576,-0.22849781811237335,0.7715035676956177,-0.0076270043839852305,0.9934663772583008,-0.9868248105049133,-0.005367875099182129,-0.9938619136810303,1.0,49.840999603271484,False,0.0,0.18318282067775726,-0.22141948342323303,0.7724708914756775,0.0,-0.007371472716331482,0.010974635183811185,-0.01,-0.006396837532520298,0.0006057438440620899,False,False,approach,1.0,12,False,False,1.7000000000000013,-0.7371472716331482,-0.0,0.0,0.0,0.0,0.0,0.0,-0.0,0.18823957628755938,0.0,-0.0,0.0,0.08674831542744821
5.319971933204215e-06,0.17703287303447723,0.4214728772640228,-0.22700868546962738,0.771565854549408,-0.00375942326895136,0.9936654567718506,-0.9835320115089417,-0.0011605024337768555,-0.9940258264541626,1.0,49.840999603271484,False,0.0,0.18318282067775726,-0.22141948342323303,0.7724708914756775,0.0,-0.007356987595558167,0.012576816678047179,-0.01,-0.0047801709175109884,0.000598871149122715,False,False,approach,1.0,13,False,False,1.8000000000000014,-0.7356987595558167,-0.0,0.0,0.0,0.0,0.0,0.0,-0.0,0.2155486720771106,0.0,-0.0,0.0,0.10041734844299713
4.050037205161061e-06,0.1778990626335144,0.4558265209197998,-0.2288421243429184,0.7715024948120117,-0.0037393326065920246,0.9935458898544312,-0.9678109884262085,-0.000929415225982666,-0.9924294352531433,1.0,49.840999603271484,False,0.0,0.18318282067775726,-0.22141948342323303,0.7724708914756775,0.0,-0.007271771430969238,0.014313203990459447,-0.01,-0.0029585674405097915,0.0005833948962390423,False,False,approach,1.0,14,False,False,1.9000000000000015,-0.7271771430969238,-0.0,0.0,0.0,0.0,0.0,0.0,-0.0,0.24664143556844498,0.0,-0.0,0.0,0.11604894635325325
4.830053057958139e-06,0.1780693531036377,0.3426656126976013,-0.22578579187393188,0.7716706991195679,0.00027852293699839707,0.9927064180374146,-0.930433452129364,-0.0017133355140686035,-0.9875009059906006,1.0,49.840999603271484,False,0.0,0.18318282067775726,-0.22141948342323303,0.7724708914756775,0.0,-0.00706583321094513,0.01618247240781784,-0.01,-0.0008833608031272918,0.0005866889841854572,False,False,approach,1.0,15,False,False,2.0000000000000013,-0.7065833210945129,-0.0,0.0,0.0,0.0,0.0,0.0,-0.0,0.2818245971752641,0.0,-0.0,0.0,0.13384646537668693
3.307908173155738e-06,0.17865851521492004,0.4879777729511261,-0.2306050956249237,0.7715414762496948,0.000519709513445139,0.9919922351837158,-0.7596734166145325,-0.014361083507537842,-0.9678835868835449,1.0,49.840999603271484,False,0.0,0.18318282067775726,-0.22141948342323303,0.7724708914756775,0.0,-0.0062453925609588625,0.01817329317331315,-0.01,0.0019279006123542868,0.0006078220903873444,False,False,approach,1.0,16,False,False,2.0999999999999903,-0.6245392560958862,-0.0,0.0,0.0,0.0,0.0,0.0,-0.0,0.3213851771641828,0.0,-0.0,0.0,0.15444719602113255
4.745344540424412e-06,0.17719006538391113,0.4291266202926636,-0.2279004603624344,0.7720708250999451,0.007713776913821581,0.9824538230895996,-0.5979117155075073,-0.015290439128875732,-0.8250205516815186,1.0,49.840999603271484,False,0.0,0.18318282067775726,-0.22141948342323303,0.7724708914756775,0.0,-0.005009016394615174,0.02008059322834016,-0.01,0.005071576833724986,0.0005992231890559196,False,False,approach,1.0,17,False,False,2.1999999999999793,-0.5009016394615173,-0.0,0.0,0.0,0.0,0.0,0.0,-0.0,0.36519825284228924,0.0,-0.0,0.0,0.17759011002652944
3.196844318154035e-06,0.17726440727710724,0.45608779788017273,-0.22858968377113342,0.771876871585846,0.007444421948282194,0.9685416221618652,-0.4320542812347412,0.0004905462265014648,-0.6244053244590759,1.0,49.840999603271484,False,0.0,0.18318282067775726,-0.22141948342323303,0.7724708914756775,0.0,-0.0037865647673606872,0.021360699832439434,-0.01,0.007574135065078745,0.0006245551630854607,False,False,approach,1.0,18,False,False,2.2999999999999683,-0.3786564767360687,-0.0,0.0,0.0,0.0,0.0,0.0,-0.0,0.4120400213647384,0.0,-0.0,0.0,0.2022334459150085
3.714745162142208e-06,0.17737028002738953,0.408035010099411,-0.2272661328315735,0.7718890309333801,0.009269114175120252,0.937675952911377,-0.34110069274902344,-0.007769525051116943,-0.40594351291656494,1.0,49.840999603271484,False,0.0,0.18318282067775726,-0.22141948342323303,0.7724708914756775,0.0,-0.002901090979576111,0.02176195442676543,-0.01,0.008860863447189319,0.0005751983262598515,False,False,approach,1.0,19,False,False,2.3999999999999573,-0.2901090979576111,-0.0,0.0,0.0,0.0,0.0,0.0,-0.0,0.4601657382303477,0.0,-0.0,0.0,0.22718177813559773
4.183853889117017e-06,0.17741021513938904,0.40956437587738037,-0.22756193578243256,0.7720990180969238,0.006466902277206721,0.9005765914916992,-0.26464641094207764,0.014153361320495605,-0.22420799732208252,1.0,49.840999603271484,False,0.0,0.18318282067775726,-0.22141948342323303,0.7724708914756775,0.0,-0.002328863739967346,0.018582904934883127,-0.01,0.0062540411949157815,0.0005752397701144218,False,False,approach,1.0,20,False,False,2.4999999999999463,-0.23288637399673462,-0.0,0.0,0.0,0.0,0.0,0.0,-0.0,0.5023551328935736,0.0,-0.0,0.0,0.24884870270681944
8.85170629771892e-06,0.17726650834083557,0.41096606850624084,-0.2277529388666153,0.772391676902771,0.0013685178829139256,0.7807083129882812,-0.22341734170913696,0.020969629287719727,-0.08273404836654663,1.0,49.840999603271484,False,0.0,0.18318282067775726,-0.22141948342323303,0.7724708914756775,0.0,-0.001666763573884964,0.012831124514341374,-0.01,0.0011643609404564104,0.0006690546870231628,False,False,approach,1.0,21,False,False,2.5999999999999353,-0.1666763573884964,-0.0,0.0,0.0,0.0,0.0,0.0,-0.0,0.5333507657294452,0.0,-0.0,0.0,0.26500861929083763
1.2340397915977519e-05,0.1777365803718567,0.5507891774177551,-0.23234891891479492,0.7723228931427002,-0.007335186969852135,0.6077721118927002,-0.19455260038375854,0.03232228755950928,-0.009901165962219238,1.0,49.840999603271484,False,0.0,0.18318282067775726,-0.22141948342323303,0.7724708914756775,0.0,-0.001020950973033905,0.0053726515173911915,-0.01,-0.0056482994556427135,0.0005835182964801788,False,False,approach,1.0,22,False,False,2.6999999999999242,-0.1020950973033905,-0.0,0.0,0.0,0.0,0.0,0.0,-0.0,0.5495919433550949,0.0,-0.0,0.0,0.27377502070451354
2.744155608525034e-05,0.17736773192882538,0.4147966802120209,-0.22785338759422302,0.772665798664093,-0.009315613324351555,0.3588811159133911,-0.16713029146194458,-0.024325311183929443,0.0658951997756958,1.0,49.840999603271484,False,0.0,0.18318282067775726,-0.22141948342323303,0.7724708914756775,0.0,-0.0004041552543640137,7.526233792304327e-05,-0.01,-0.010328892916440971,0.0005968259647488594,False,False,approach,1.0,23,False,False,2.7999999999999132,-0.04041552543640137,-0.0,0.0,0.0,0.0,0.0,0.0,-0.0,0.5552955754385679,0.0,-0.0,0.0,0.27724363246491995
2.1285250113578513e-05,0.17825853824615479,0.4516979157924652,-0.22974346578121185,0.7721682190895081,-0.01604784919438463,0.265741229057312,-0.06969553232192993,-0.058076441287994385,0.16957926750183105,1.0,49.840999603271484,False,0.0,0.18318282067775726,-0.22141948342323303,0.7724708914756775,0.0,-0.0002690146677196026,-0.004189570844173429,-0.01,-0.014458585511893031,0.0006061531603336334,False,False,approach,1.0,24,False,False,2.899999999999902,-0.02690146677196026,-0.0,0.0,0.0,0.0,0.0,0.0,-0.0,0.5524407079448238,0.0,-0.0,0.0,0.2759513393046923
3.276066854596138e-05,0.17741817235946655,0.20471413433551788,-0.2215452641248703,0.7727218866348267,-0.014164197845310214,0.19132280349731445,-0.0604785680770874,-0.3078482747077942,-0.07968491315841675,1.0,49.840999603271484,False,0.0,0.18318282067775726,-0.22141948342323303,0.7724708914756775,0.0,-0.0003534558042883873,-0.0044459696114063085,-0.01,-0.014799425415694695,0.0005916389636695385,False,False,approach,1.0,25,False,False,2.999999999999891,-0.03534558042883873,-0.0,0.0,0.0,0.0,0.0,0.0,-0.0,0.5490391154054562,0.0,-0.0,0.0,0.27416610189843976
7.072960215737112e-06,0.1783163696527481,0.3455360531806946,-0.22657084465026855,0.7721226215362549,-0.01101484876793601,0.22935926914215088,0.09546196460723877,-0.5069065690040588,-0.26231205463409424,1.0,49.840999603271484,False,0.0,0.18318282067775726,-0.22141948342323303,0.7724708914756775,0.0,-0.0009687013924121857,0.0011245290935039676,-0.01,-0.009844172298908218,0.0005935141816735268,False,False,approach,1.0,26,False,False,3.09999999999988,-0.09687013924121857,-0.0,0.0,0.0,0.0,0.0,0.0,-0.0,0.5568568575320547,0.0,-0.0,0.0,0.2774597273736152
5.32869535163627e-06,0.17914970219135284,0.44373124837875366,-0.23023338615894318,0.7720059752464294,-0.008087185132182383,0.13414740562438965,0.0073822736740112305,-0.7671467661857605,-0.2302836775779724,1.0,49.840999603271484,False,0.0,0.18318282067775726,-0.22141948342323303,0.7724708914756775,0.0,-0.0016489869356155395,0.004300509691238408,-0.01,-0.007348477244377132,0.0005760560743510723,False,False,approach,1.0,27,False,False,3.199999999999869,-0.16489869356155396,-0.0,0.0,0.0,0.0,0.0,0.0,-0.0,0.5711695572956412,0.0,-0.0,0.0,0.28393579171220507
5.3505305004364345e-06,0.17811977863311768,0.5227854251861572,-0.23172272741794586,0.7721536159515381,-0.009566006467554608,0.05528533458709717,-0.04690831899642944,-0.6811052560806274,-0.012509524822235107,1.0,49.840999603271484,False,0.0,0.18318282067775726,-0.22141948342323303,0.7724708914756775,0.0,-0.001173294335603714,0.0015392899513244629,-0.01,-0.00963400438427925,0.0006045489571988583,False,False,approach,1.0,28,False,False,3.299999999999858,-0.1173294335603714,-0.0,0.0,0.0,0.0,0.0,0.0,-0.0,0.5800485195781134,0.0,-0.0,0.0,0.288850965453453
7.214312063297257e-06,0.17891408503055573,0.43414682149887085,-0.2297539860010147,0.7720497250556946,-0.015160427174648178,0.01541900634765625,-0.03880774974822998,-0.6136379837989807,0.14833879470825195,1.0,49.840999603271484,False,0.0,0.18318282067775726,-0.22141948342323303,0.7724708914756775,0.0,-0.0010007493942975998,-0.004158778190612777,-0.01,-0.015159527584910378,0.0006027799099683762,False,False,approach,1.0,29,False,False,3.399999999999847,-0.10007493942975998,-0.0,0.0,0.0,0.0,0.0,0.0,-0.0,0.5775061916520947,0.0,-0.0,0.0,0.28775234643174974
1.1121512216050178e-05,0.17819654941558838,0.5620936155319214,-0.23315183818340302,0.7723267078399658,-0.014209854256121625,0.016937732696533203,-0.028563320636749268,-0.4412074089050293,-0.212693989276886,1.0,49.840999603271484,False,0.0,0.18318282067775726,-0.22141948342323303,0.7724708914756775,0.0,-0.0006025136262178421,-0.003942058235406887,-0.01,-0.014544571861624729,0.0005957772955298424,False,False,approach,1.0,30,False,False,3.499999999999836,-0.06025136262178421,-0.0,0.0,0.0,0.0,0.0,0.0,-0.0,0.5753757427723063,0.0,-0.0,0.0,0.2870853577599353
5.626199254038511e-06,0.17811906337738037,0.40176063776016235,-0.22797229886054993,0.7720346450805664,-0.008749838636054582,0.0108870267868042,-0.023093104362487793,-0.26517319679260254,-0.15753406286239624,1.0,49.840999603271484,False,0.0,0.18318282067775726,-0.22141948342323303,0.7724708914756775,0.0,-0.00023946404457092285,0.0016651017963886239,-0.01,-0.0085743622481823,0.0006430377252399921,False,False,approach,1.0,31,False,False,3.599999999999825,-0.023946404457092285,-0.0,0.0,0.0,0.0,0.0,0.0,-0.0,0.5845514591310674,0.0,-0.0,0.0,0.2920362655209628
4.655310476664454e-06,0.17803990840911865,0.45250704884529114,-0.22935599088668823,0.7719751000404358,-0.008622869403897476,0.025724053382873535,0.010094046592712402,-0.1469678282737732,-0.20111608505249023,1.0,49.840999603271484,False,0.0,0.18318282067775726,-0.22141948342323303,0.7724708914756775,0.0,-0.00015702709555625915,0.0016431511938572174,-0.01,-0.008513875901699042,0.0006107543595135212,False,False,approach,1.0,32,False,False,3.699999999999814,-0.015702709555625916,-0.0,0.0,0.0,0.0,0.0,0.0,-0.0,0.5937754529288646,0.0,-0.0,0.0,0.296730699368876
4.184867520962143e-06,0.17533060908317566,0.43713101744651794,-0.2261410653591156,0.7719307541847229,-0.00643588343940329,0.015469908714294434,0.010076522827148438,0.1914682388305664,-0.3819692134857178,1.0,49.840999603271484,False,0.0,0.18318282067775726,-0.22141948342323303,0.7724708914756775,0.0,-0.0004572535306215286,0.004217263460159326,-0.01,-0.006239990070462203,0.0006118463352322578,False,False,approach,1.0,33,False,False,3.799999999999803,-0.04572535306215286,-0.0,0.0,0.0,0.0,0.0,0.0,-0.0,0.6082928977317339,0.0,-0.0,0.0,0.3036891953352454
2.8071324322809232e-06,0.1753833144903183,0.5329703688621521,-0.22955580055713654,0.7725241780281067,0.0011985535605725916,-0.036245107650756836,0.05035066604614258,0.34511780738830566,-0.8075570464134216,1.0,49.840999603271484,False,0.0,0.18318282067775726,-0.22141948342323303,0.7724708914756775,0.0,-0.0019377589225769043,0.011851936727762247,-0.01,-8.582219481465848e-05,0.0005978401750326157,False,False,approach,1.0,34,False,False,3.899999999999792,-0.19377589225769043,-0.0,0.0,0.0,0.0,0.0,0.0,-0.0,0.6383807707931071,0.0,-0.0,0.0,0.3172526264739766
1.3378102039496298e-06,0.1723589450120926,0.5782569050788879,-0.22727127373218536,0.771798849105835,0.007134679131813227,-0.07798421382904053,0.028882384300231934,0.6164699792861938,-0.9749295711517334,1.0,49.840999603271484,False,0.0,0.18318282067775726,-0.22141948342323303,0.7724708914756775,0.0,-0.0033435964584350585,0.022015965282916994,-0.01,0.008672368824481936,0.000629102811217308,False,False,approach,1.0,35,False,False,3.999999999999781,-0.33435964584350586,-0.0,0.0,0.0,0.0,0.0,0.0,-0.0,0.6893057527269035,0.0,-0.0,0.0,0.3413092799050167
2.27270538744051e-06,0.17450954020023346,0.5804056525230408,-0.22960661351680756,0.7719191312789917,0.014140247759971863,-0.09789919853210449,0.030034184455871582,0.46799159049987793,-0.9844443798065186,1.0,49.840999603271484,False,0.0,0.18318282067775726,-0.22141948342323303,0.7724708914756775,0.0,-0.0029965829849243164,0.026200527697801568,-0.01,0.01320394471287725,0.0005782316438853741,False,False,approach,1.0,36,False,False,4.0999999999997705,-0.29965829849243164,-0.0,0.0,0.0,0.0,0.0,0.0,-0.0,0.7491987855435163,0.0,-0.0,0.0,0.3716028097868338
2.1121632016729563e-06,0.17614075541496277,0.5439966917037964,-0.22929756343364716,0.7710711359977722,0.012407548697265779,-0.06346821784973145,-0.006713390350341797,0.33442413806915283,-0.9215530157089233,1.0,49.840999603271484,False,0.0,0.18318282067775726,-0.22141948342323303,0.7724708914756775,0.0,-0.0024129319190979003,0.02587093859910966,-0.01,0.013458006680011758,0.0006107911467552185,False,False,approach,1.0,37,False,False,4.1999999999997595,-0.24129319190979004,-0.0,0.0,0.0,0.0,0.0,0.0,-0.0,0.8090307675693438,0.0,-0.0,0.0,0.402102451865574
4.664803327614209e-06,0.1767873913049698,0.5602216124534607,-0.23108042776584625,0.7716302275657654,0.012208021045611644,-0.0011298060417175293,-0.0357816219329834,0.2368377447128296,-0.7572128176689148,1.0,49.83766555786133,False,-0.0075817108154296875,0.18314144015312195,-0.2213926762342453,0.7723950743675232,0.0,-0.00157686248421669,0.021814832985401156,-0.01,0.010237970501184466,0.0006359061226248741,False,False,approach,1.0,38,False,False,4.2999999999997485,-0.157686248421669,-0.0,0.0,0.0,0.0,0.0,0.0,-0.0,0.8612733811302643,0.0,-0.0,0.0,0.4290598280809155
9.21621631277958e-06,0.17636510729789734,0.5228057503700256,-0.23004676401615143,0.7722078561782837,0.009345277191177946,0.02760326862335205,-0.0587192177772522,0.05216801166534424,-0.5770055651664734,1.0,49.838863372802734,False,-0.0006914138793945312,0.18314984440803528,-0.22140344977378845,0.7724639773368835,0.0,-0.0008496669679880142,0.016013303697109238,-0.01,0.005163636729121223,0.0005896450020372868,False,False,approach,1.0,39,False,False,4.3999999999997375,-0.08496669679880142,-0.0,0.0,0.0,0.0,0.0,0.0,-0.0,0.9023231263634445,0.0,-0.0,0.0,0.45031189621373424
9.339977259514853e-05,0.17871762812137604,0.5731433629989624,-0.23340098559856415,0.7732348442077637,-0.0035790748218176693,0.04663801193237305,-0.04997974634170532,-0.074992835521698,-0.34740835428237915,1.0,49.838993072509766,False,0.0,0.18315143883228302,-0.22140444815158844,0.7724708914756775,0.0,-0.0003274739161133766,0.00794018730521201,-0.01,-0.0023872866109013674,0.0005957940593361855,False,False,approach,1.0,40,False,False,4.499999999999726,-0.03274739161133766,-0.0,0.0,0.0,0.0,0.0,0.0,-0.0,0.9274781868243218,0.0,-0.0,0.0,0.46341161949604753
0.004799125716090202,0.17766304314136505,0.4346902072429657,-0.2282935231924057,0.7731341123580933,-0.0015431936993208148,0.07713854312896729,-0.04400789737701416,-0.19185304641723633,0.056842684745788574,1.0,49.838993072509766,False,0.0,0.1831514537334442,-0.22140444815158844,0.7724708914756775,0.0,-0.00011981433257460595,-0.00030029233545064704,-0.01,-0.010420106668025253,0.000659567303955555,False,False,approach,1.0,41,False,False,4.599999999999715,-0.011981433257460594,-0.0,0.0,0.0,0.0,0.0,0.0,-0.0,0.9362400452530596,0.0,-0.0,0.0,0.46800020829395517
0.9988253712654114,0.17634302377700806,0.344515323638916,-0.22557273507118225,0.7718093395233154,0.3665981279806686,0.010557889938354492,0.00141143798828125,0.06641066074371338,0.07220005989074707,-0.9999863505363464,49.43595886230469,True,0.05060434341430664,0.1739507019519806,-0.21879719197750092,0.7729769349098206,0.0,-2.4341712705790997e-05,0.40819677190992354,-0.01,0.39817243019721776,0.0006058239378035069,False,False,grasp_lift,-0.9999863505363464,42,False,False,4.699999999999704,-0.0024341712705790997,-0.0,0.0,0.0,1.0,0.5744231581011033,0.0,-0.0,0.0,0.0,-0.0,0.09795679126379908,0.8851440286016449
0.9993488192558289,0.17675121128559113,0.2712145447731018,-0.2242709845304489,0.7726474404335022,-0.007716786867932167,0.0328899621963501,0.0028429031372070312,0.003501415252685547,-0.17042136192321777,-0.9999991655349731,49.43079376220703,True,0.04171133041381836,0.17445848882198334,-0.21866783499717712,0.7728880047798157,0.0,-7.536382880061865e-05,-0.009923611273028099,-0.01,-0.019998975101828718,0.0005922592245042324,False,False,grasp_lift,-0.9999991655349731,43,False,False,4.799999999999693,-0.007536382880061865,-0.0,0.0,0.0,1.0,0.5722002799110698,0.0,-0.0,0.0,0.0,-0.0,0.09798567507361478,0.8840104512003492
0.9991387128829956,0.17687714099884033,0.41246214509010315,-0.22849375009536743,0.7721874117851257,-0.026794905886195736,0.03687143325805664,0.033914923667907715,0.06450474262237549,-0.18408000469207764,-0.9989790320396423,49.429039001464844,True,-0.016421079635620117,0.17446757853031158,-0.21864871680736542,0.7723066806793213,0.0,-0.00010139008983969688,-0.016025026268534304,-0.01,-0.026126416358374004,0.000594079028815031,False,False,grasp_lift,-0.9989790320396423,44,False,False,4.899999999999682,-0.010139008983969688,-0.0,0.0,0.0,1.0,0.5576665158805644,0.0,-0.0,0.0,0.0,-0.0,0.09799547321472268,0.8767273410651651
0.9989734888076782,0.17571231722831726,0.4035457968711853,-0.22822077572345734,0.7710599303245544,-0.03270010090597384,0.024152159690856934,0.0227053165435791,0.04528224468231201,-0.3318338990211487,-0.9991458654403687,49.41728973388672,False,-0.01710057258605957,0.17454928159713745,-0.21851739287376404,0.7722998857498169,0.0,-1.0002831576950848,-0.4017322230472263,-0.01,-1.412015380742311,0.0006045550107955933,False,False,approach,-0.9991458654403687,45,False,False,4.999999999999671,-0.028315769508481026,-0.0,0.0,0.0,1.0,0.5574966233065942,0.0,-0.0,0.0,0.0,-0.0,0.0980612010352323,0.8765263549934447
0.9984588623046875,0.17799510061740875,0.3510777950286865,-0.22506168484687805,0.7728762030601501,0.004093815228033955,-0.0013190507888793945,0.0287630558013916,0.03867971897125244,-0.7168074250221252,-0.9956762194633484,49.416900634765625,True,-0.017386674880981445,0.17459754645824432,-0.2185060828924179,0.7722970247268677,0.0,-0.0012903451919555665,0.3881127008936429,-0.01,0.3768223557016873,0.0005951318889856339,False,False,grasp_lift,-0.9956762194633484,46,False,False,5.09999999999966,-0.12903451919555664,-0.0,0.0,0.0,1.0,0.5574258291175027,0.0,-0.0,0.0,0.0,-0.0,0.0980633774241294,0.8754859467909252
0.9983627200126648,0.1760745346546173,0.32406002283096313,-0.22672994434833527,0.7721261382102966,-0.0292185301675578,0.034589409828186035,0.03332257270812988,0.008019566535949707,-0.4047442674636841,-0.9999339580535889,49.417938232421875,False,-0.024050474166870117,0.17468348145484924,-0.2185034453868866,0.7722303867340088,0.0,-1.0004154726490377,-0.4081718852134916,-0.01,-1.4185873578625294,0.0006062090396881104,False,False,approach,-0.9999339580535889,47,False,False,5.199999999999649,-0.0415472649037838,-0.0,0.0,0.0,1.0,0.5557591831979652,0.0,-0.0,0.0,0.0,-0.0,0.09805758018679867,0.8755216991367435
0.9935868978500366,0.1753988116979599,0.25758248567581177,-0.2254343181848526,0.7720872759819031,-0.018993389672258505,0.030063748359680176,0.0437009334564209,0.01707172393798828,-0.4642355442047119,-1.0,49.411617279052734,True,-0.02830028533935547,0.17478181421756744,-0.218424454331398,0.7721878886222839,0.0,-0.0005465492233633995,0.3933494612224002,-0.01,0.3828029119990368,0.000593600794672966,False,False,grasp_lift,-1.0,48,False,False,5.299999999999638,-0.05465492233633995,-0.0,0.0,0.0,1.0,0.554697633156892,0.0,-0.0,0.0,0.0,-0.0,0.09809294763009546,0.8748952149851781
0.9981898665428162,0.17291229963302612,0.1875644028186798,-0.21558301150798798,0.7705957293510437,-0.03195394496214529,0.02315223217010498,0.08695650100708008,0.04639899730682373,0.3530430793762207,-1.0,49.27949523925781,False,0.044989585876464844,0.17469623684883118,-0.21710094809532166,0.7729207873344421,0.0,-1.000337224341929,-0.4173906517799806,-0.01,-1.4277278761219097,0.0006010327488183975,False,False,approach,-1.0,49,False,False,5.399999999999627,-0.03372243419289589,-0.0,0.0,0.0,1.0,0.5730192282118601,0.0,-0.0,0.0,0.0,-0.0,0.09883506273566145,0.8850074524996625
0.9985383749008179,0.17413285374641418,0.4031369984149933,-0.21830721199512482,0.7725846171379089,0.0018907405173137007,0.042624473571777344,0.12938416004180908,0.06974029541015625,0.9965001344680786,-1.0,48.88877487182617,True,0.7122814655303955,0.17411835491657257,-0.21323668956756592,0.7795937061309814,0.0,-0.0025410833954811096,0.498594803469683,-0.01,0.4860537200742019,0.0008286708034574986,False,False,grasp_lift,-1.0,50,False,False,5.499999999999616,-0.25410833954811096,-0.0,0.0,0.0,1.0,0.739842498494836,0.0,-0.0,0.0,0.0,-0.0,0.10106098245897621,0.9684411483109131
0.9993880987167358,0.17311953008174896,0.8329719305038452,-0.22466203570365906,0.7825490236282349,0.09865399596970355,0.024787545204162598,0.02859175205230713,-0.0003695487976074219,0.9999233484268188,-1.0,48.741600036621094,True,2.0785093307495117,0.17443807423114777,-0.21169838309288025,0.7932559847831726,0.0,-0.0025031968951225282,0.11991025668029631,-0.01,0.10740705978517379,0.0006600790657103062,False,False,grasp_lift,-1.0,51,False,False,5.599999999999605,-0.2503196895122528,-0.0,0.0,0.0,1.0,1.0,0.0,-0.0,0.0,0.0,-0.0,0.10191167356944453,1.099408476674322
0.9997908473014832,0.17403346300125122,0.6936212778091431,-0.22354185581207275,0.7990373969078064,0.0702129672913612,-0.016537368297576904,0.007022738456726074,-0.002713620662689209,0.9997529983520508,-1.0,48.679046630859375,True,3.491884469985962,0.1740701049566269,-0.21112219989299774,0.8073897361755371,0.0,-0.002499590665102005,-0.010659143122101478,-0.01,-0.023158733787203484,0.0006294632330536842,False,False,grasp_lift,-1.0,52,False,False,5.699999999999594,-0.2499590665102005,-0.0,0.0,0.0,1.0,1.0,0.0,-0.0,0.0,0.0,-0.0,0.10227530094053128,1.0997757102754293
0.9998370409011841,0.17316870391368866,0.9899879693984985,-0.22826026380062103,0.8094889521598816,-0.025873347694808313,-0.015055418014526367,0.017000675201416016,-0.02637559175491333,0.9994995594024658,-1.0,48.629085540771484,True,4.9027323722839355,0.17332911491394043,-0.21073029935359955,0.8214982151985168,0.0,-0.0025005269050598143,-0.010734350712482632,-0.01,-0.02323487761754245,0.00047659873962402344,False,False,carry,-1.0,53,False,False,5.799999999999583,-0.25005269050598145,-0.0,0.0,0.0,1.0,1.0,0.0,-0.0,0.0,0.0,-0.0,0.10256660496307124,1.1000660780580114
0.9998873472213745,0.1716526299715042,0.9087343811988831,-0.22575260698795319,0.8247077465057373,-0.021990743715703635,-0.026594936847686768,0.011221170425415039,-0.0001074075698852539,0.9981846809387207,-1.0,48.569766998291016,True,6.312018394470215,0.17253027856349945,-0.2102515548467636,0.8355910778045654,0.0,-0.002493014633655548,-0.010682255880551494,-0.01,-0.023175270514207043,0.000481179915368557,False,False,carry,-1.0,54,False,False,5.899999999999572,-0.2493014633655548,-0.0,0.0,0.0,1.0,1.0,0.0,-0.0,0.0,0.0,-0.0,0.10291348631835784,1.1004204716847024
0.9998623132705688,0.17220436036586761,1.2888048887252808,-0.22826170921325684,0.8299199342727661,-0.024742875516698744,-0.03561580181121826,-0.0038330554962158203,0.004526734352111816,0.9873332977294922,-1.0,48.51990509033203,True,7.714456558227539,0.17161224782466888,-0.20988519489765167,0.8496154546737671,0.0,-0.0024403268098831176,-0.010739637364198584,-0.01,-0.023179964174081705,0.0004697907716035843,False,False,carry,-1.0,55,False,False,5.999999999999561,-0.24403268098831177,-0.0,0.0,0.0,1.0,1.0,0.0,-0.0,0.0,0.0,-0.0,0.10320591471017326,1.1007655879002902
0.9999204874038696,0.1696803867816925,0.9991630911827087,-0.22614139318466187,0.8502019047737122,-0.021445194572682392,-0.04324328899383545,-0.029610157012939453,0.03252387046813965,0.8503570556640625,-1.0,48.49821090698242,True,9.041595458984375,0.1706390380859375,-0.20981009304523468,0.8628868460655212,0.0,-0.0018172791600227357,-0.010905842506064634,-0.01,-0.02272312166608737,0.00046575814485549927,False,False,carry,-1.0,56,False,False,6.09999999999955,-0.18172791600227356,-0.0,0.0,0.0,1.0,1.0,0.0,-0.0,0.0,0.0,-0.0,0.1033334165399663,1.1015161373799434
0.9999195337295532,0.16752581298351288,1.3827885389328003,-0.2283838540315628,0.853213369846344,-0.023104260348340074,-0.031413495540618896,-0.015697121620178223,0.039566755294799805,0.6726106405258179,-1.0,48.497398376464844,True,10.165816307067871,0.16965557634830475,-0.2099456489086151,0.874129056930542,0.0,-0.0011380095034837724,-0.011028597946190155,-0.01,-0.022166607449673928,0.00047351187095046043,False,False,carry,-1.0,57,False,False,6.199999999999539,-0.11380095034837723,-0.0,0.0,0.0,1.0,1.0,0.0,-0.0,0.0,0.0,-0.0,0.10333818912878179,1.102200179625298
0.9999340772628784,0.16638435423374176,1.2155816555023193,-0.22520899772644043,0.8635265231132507,-0.01962382175326395,-0.051513850688934326,-0.03973960876464844,0.031043410301208496,0.4177582263946533,-1.0,48.50112533569336,True,11.007965087890625,0.1687348484992981,-0.21011605858802795,0.8825505375862122,0.0,-0.000449296347796917,-0.011055082333786714,-0.01,-0.02150437868158363,0.0005011977627873421,False,False,carry,-1.0,58,False,False,6.299999999999528,-0.044929634779691696,-0.0,0.0,0.0,1.0,1.0,0.0,-0.0,0.0,0.0,-0.0,0.1033162603401081,1.1028669639923112
0.9999257326126099,0.16403387486934662,1.1864368915557861,-0.2201346755027771,0.8669400215148926,-0.01931434907728862,-0.28821301460266113,0.6240940093994141,0.026851892471313477,0.19351482391357422,-0.9999999403953552,48.19584655761719,True,11.516565322875977,0.16618779301643372,-0.20739200711250305,0.8876365423202515,0.0,-0.0012768226861953735,-0.009241801084490575,-0.01,-0.02051862377068595,0.000488524790853262,False,False,carry,-0.9999999403953552,59,False,False,6.399999999999517,-0.12768226861953735,-0.0,0.0,0.0,1.0,1.0,0.0,-0.0,0.0,0.0,-0.0,0.10512572765860206,1.1038489049724065
0.9999327659606934,0.1498183012008667,1.1123602390289307,-0.19341829419136047,0.8704093098640442,-0.008179053354648538,-0.8037740588188171,0.9879224300384521,-0.021807074546813965,0.050031304359436035,-1.0,47.10629653930664,True,11.769353866577148,0.15957123041152954,-0.19728104770183563,0.8901644349098206,0.0,-0.0040625551342964175,-0.004413409754318698,-0.01,-0.018475964888615116,0.00047621969133615494,False,False,carry,-1.0,60,False,False,6.499999999999506,-0.4062555134296417,-0.0,0.0,0.0,1.0,1.0,0.0,-0.0,0.0,0.0,-0.0,0.11183061383269821,1.107768058698402
0.9999105930328369,0.14325648546218872,1.1989121437072754,-0.17749692499637604,0.8740600347518921,-0.015222074283850242,-0.9953730702400208,0.9999395608901978,-0.23275792598724365,0.16269803047180176,-1.0,45.791866302490234,True,12.177848815917969,0.1515202522277832,-0.18501117825508118,0.8942493796348572,0.0,-0.005178233981132508,-0.002580526847986375,-0.01,-0.017758760829118883,0.000544289592653513,False,False,carry,-1.0,61,False,False,6.599999999999495,-0.5178233981132507,-0.0,0.0,0.0,1.0,1.0,0.0,-0.0,0.0,0.0,-0.0,0.12045463308403803,1.1152763991029055
0.9998645782470703,0.13673074543476105,1.0049283504486084,-0.1709033101797104,0.8759006857872009,-0.021221336656753242,-0.998982846736908,0.9999988079071045,-0.12856733798980713,-0.13046008348464966,-1.0,44.50810623168945,True,12.490230560302734,0.14334389567375183,-0.17296549677848816,0.8973731994628906,0.0,-0.005078784227371216,-0.0022743460384440084,-0.01,-0.017353130265815225,0.0004788776859641075,False,False,carry,-1.0,62,False,False,6.699999999999484,-0.5078784227371216,-0.0,0.0,0.0,1.0,1.0,0.0,-0.0,0.0,0.0,-0.0,0.12947505157586892,1.1243962673484977
0.9998237490653992,0.12795476615428925,1.0919625759124756,-0.16515091061592102,0.8778045177459717,-0.021977994068530488,-0.9941877722740173,0.9999973773956299,0.14078450202941895,-0.3880300521850586,-1.0,43.22343063354492,True,12.656509399414062,0.13513517379760742,-0.1608039140701294,0.8990359902381897,0.0,-0.005396978855133057,-0.0017382879013443375,-0.01,-0.017135266756477394,0.0004905941896140575,False,False,carry,-1.0,63,False,False,6.799999999999473,-0.5396978855133057,-0.0,0.0,0.0,1.0,1.0,0.0,-0.0,0.0,0.0,-0.0,0.1391280326467138,1.1337310537915806
0.9998307228088379,0.12348148226737976,0.8578429818153381,-0.15017588436603546,0.8764145374298096,-0.014801181617361507,-0.9811716079711914,0.9999911785125732,0.10670864582061768,-0.41861891746520996,-1.0,41.90130615234375,True,12.546557426452637,0.12574058771133423,-0.14822162687778473,0.8979364633560181,0.0,-0.005373271107673645,-0.0008713442067782573,-0.01,-0.016244615314451902,0.0004846891388297081,False,False,carry,-1.0,64,False,False,6.899999999999462,-0.5373271107673645,-0.0,0.0,0.0,1.0,1.0,0.0,-0.0,0.0,0.0,-0.0,0.14975425835194867,1.144380987244275
0.9997910857200623,0.1165766566991806,0.96671462059021,-0.1432095319032669,0.875506579875946,-0.020862916415748785,-0.9817050099372864,0.9999926090240479,0.05742192268371582,-0.4552288055419922,-1.0,40.552772521972656,True,12.24963665008545,0.1149950847029686,-0.13525034487247467,0.894967257976532,0.0,-0.005435650944709778,-1.11592326181853e-05,-0.01,-0.015446810177327963,0.000505699310451746,False,False,carry,-1.0,65,False,False,6.999999999999451,-0.5435650944709778,-0.0,0.0,0.0,1.0,1.0,0.0,-0.0,0.0,0.0,-0.0,0.1613566602867973,1.1559210093420875
0.9997738003730774,0.10914835333824158,0.7318844795227051,-0.12137110531330109,0.8751715421676636,-0.00616543118089842,-0.799927830696106,0.9998648166656494,0.020299196243286133,-0.32728826999664307,-1.0,39.20392608642578,True,11.889541625976562,0.10403396934270859,-0.1220184937119484,0.8913663029670715,0.0,-0.004367859661579133,0.0006820799921924969,-0.01,-0.013685779669386635,0.0004819859750568867,False,False,carry,-1.0,66,False,False,7.09999999999944,-0.4367859661579132,-0.0,0.0,0.0,1.0,1.0,0.0,-0.0,0.0,0.0,-0.0,0.17377649710595033,1.1694086374443713
0.9998032450675964,0.10535479336977005,0.9329189658164978,-0.1123550683259964,0.8763467669487,-0.017386388630408547,-0.826883852481842,0.9999661445617676,0.0417940616607666,-0.2915445566177368,-1.0,37.8376350402832,True,11.486607551574707,0.09241224825382233,-0.10830024629831314,0.8873369693756104,0.0,-0.004426035583019257,0.0015838325396759778,-0.01,-0.01284220304334328,0.0004732259549200535,False,False,carry,-1.0,67,False,False,7.199999999999429,-0.44260355830192566,-0.0,0.0,0.0,1.0,1.0,0.0,-0.0,0.0,0.0,-0.0,0.18723263143635194,1.1828065958533327
0.9997598528862,0.10221511870622635,1.2536046504974365,-0.0862322747707367,0.87339186668396,0.0030269568531080798,-0.22502702474594116,0.9996466636657715,-0.03943294286727905,-0.17149031162261963,-1.0,36.49913024902344,True,11.155587196350098,0.08363378793001175,-0.09462418407201767,0.8840267658233643,0.0,-0.0027022361755371094,0.0020678590647535966,-0.01,-0.010634377110783513,0.0004855860024690628,False,False,carry,-1.0,68,False,False,7.299999999999418,-0.27022361755371094,-0.0,0.0,0.0,1.0,1.0,0.0,-0.0,0.0,0.0,-0.0,0.20131364075637015,1.198611404580833
0.9997851252555847,0.09942686557769775,0.9453065395355225,-0.0793304294347763,0.873028039932251,-0.016831885769068834,0.13597118854522705,0.9999821186065674,0.02454209327697754,-0.13756388425827026,-1.0,35.13003158569336,True,10.94205379486084,0.08140863478183746,-0.08080800622701645,0.8818914294242859,0.0,-0.002594946622848511,0.0032012282458897534,-0.01,-0.009393718376958758,0.00048591895028948784,False,False,carry,-1.0,69,False,False,7.399999999999407,-0.2594946622848511,-0.0,0.0,0.0,1.0,1.0,0.0,-0.0,0.0,0.0,-0.0,0.2166816815573791,1.2140867349345306
0.9995205402374268,0.09984605759382248,1.0734800100326538,-0.058611977845430374,0.8735269904136658,0.0003852321386592552,0.20142865180969238,0.9999613761901855,0.02911555767059326,-0.0655519962310791,-1.0,33.724918365478516,True,10.800886154174805,0.08279234170913696,-0.06680990010499954,0.8804797530174255,0.0,-0.002614102363586426,0.004499302844236608,-0.01,-0.008114799519349819,0.0004701269790530205,False,False,carry,-1.0,70,False,False,7.499999999999396,-0.2614102363586426,-0.0,0.0,0.0,1.0,1.0,0.0,-0.0,0.0,0.0,-0.0,0.23351614193031844,1.230902039566732
0.9996418952941895,0.09902463853359222,0.8675710558891296,-0.0506899431347847,0.8698006272315979,-0.014896711178468998,0.2967038154602051,0.9999918937683105,0.0032470226287841797,0.06058371067047119,-1.0,32.306602478027344,True,10.780704498291016,0.08552651852369308,-0.052741650491952896,0.8802779316902161,0.0,-0.0027292445302009583,0.005615700502803245,-0.01,-0.007113544027397714,0.0007505579851567745,False,False,carry,-1.0,71,False,False,7.599999999999385,-0.2729244530200958,-0.0,0.0,0.0,1.0,1.0,0.0,-0.0,0.0,0.0,-0.0,0.2516483298267216,1.2489190852965206
0.9994862079620361,0.09871434420347214,0.8831068873405457,-0.033764105290174484,0.8692703247070312,-0.0020036243669236415,0.24858462810516357,0.9999408721923828,0.05370938777923584,0.04301893711090088,-1.0,30.884084701538086,True,10.86229133605957,0.08892260491847992,-0.038642097264528275,0.8810938000679016,0.0,-0.002666028439998627,0.006672901678214771,-0.01,-0.005993126761783856,0.00048534199595451355,False,False,carry,-1.0,72,False,False,7.699999999999374,-0.26660284399986267,-0.0,0.0,0.0,1.0,1.0,0.0,-0.0,0.0,0.0,-0.0,0.27103156512646387,1.2683655366864652
0.9997279047966003,0.09826356172561646,0.6101405620574951,-0.02428848296403885,0.8699553608894348,-0.011697847439255903,0.2566080093383789,0.9999629259109497,0.050505638122558594,0.027374625205993652,-1.0,29.46541976928711,True,10.929101943969727,0.09202361851930618,-0.02454620972275734,0.881761908531189,0.0,-0.002672684192657471,0.007653544031110737,-0.01,-0.005019140161546734,0.0005061328411102295,False,False,carry,-1.0,73,False,False,7.799999999999363,-0.26726841926574707,-0.0,0.0,0.0,1.0,1.0,0.0,-0.0,0.0,0.0,-0.0,0.29160109343457874,1.2889284092419213
0.9996840953826904,0.09893690049648285,0.6427026987075806,-0.010287554934620857,0.8673163652420044,-0.004165296656168174,0.21121728420257568,0.9999051094055176,0.037854552268981934,0.04001426696777344,-1.0,28.050304412841797,True,10.989046096801758,0.09486933052539825,-0.010456077754497528,0.8823613524436951,0.0,-0.0026186427474021914,0.008657424613649267,-0.01,-0.003961218133752924,0.0004731020890176296,False,False,carry,-1.0,74,False,False,7.899999999999352,-0.2618642747402191,-0.0,0.0,0.0,1.0,1.0,0.0,-0.0,0.0,0.0,-0.0,0.3133924920895311,1.310773849342129
0.9997664093971252,0.09832964837551117,0.5391581058502197,0.003644406795501709,0.8678240776062012,-0.0032058432279306985,0.18472862243652344,0.9998469352722168,0.02559506893157959,0.010769963264465332,-1.0,26.640039443969727,True,11.043262481689453,0.09726510941982269,0.003613641019910574,0.882903516292572,0.0,-0.002586473822593689,0.009653500858714636,-0.01,-0.002932972963879053,0.00048595480620861053,False,False,carry,-1.0,75,False,False,7.999999999999341,-0.2586473822593689,-0.0,0.0,0.0,1.0,1.0,0.0,-0.0,0.0,0.0,-0.0,0.3364100436164583,1.3338235697938647
0.9994325041770935,0.09737791866064072,0.6189519762992859,0.01835629716515541,0.867113471031189,-0.0007688739615819267,0.1592618227005005,0.999876856803894,0.041586995124816895,-0.013237833976745605,-1.0,25.23357582092285,True,11.062044143676758,0.09927760809659958,0.017665287479758263,0.8830913305282593,0.0,-0.0025675567984580995,0.010672262995142345,-0.01,-0.0018952938033157552,0.00048032402992248535,False,False,carry,-1.0,76,False,False,8.099999999999374,-0.25675567984580994,-0.0,0.0,0.0,1.0,1.0,0.0,-0.0,0.0,0.0,-0.0,0.3606892196013438,1.3581216628028858
0.999690055847168,0.09741572290658951,0.7177898287773132,0.029730822890996933,0.8669556975364685,-0.005713035113452687,0.13808488845825195,0.999903678894043,0.05863916873931885,-0.03131222724914551,-1.0,23.830018997192383,True,11.049758911132812,0.10096567869186401,0.03170177340507507,0.8829684853553772,0.0,-0.0025582346320152283,0.011707549132308648,-0.01,-0.0008506854997065803,0.00047426437959074974,False,False,carry,-1.0,77,False,False,8.199999999999408,-0.2558234632015228,-0.0,0.0,0.0,1.0,1.0,0.0,-0.0,0.0,0.0,-0.0,0.3862593546906833,1.3837011200586682
0.0002673953422345221,0.09643661975860596,0.704917848110199,0.051228541880846024,0.8236749172210693,-2.0201059825256373,0.0,0.0,0.0,0.0,1.0,22.174476623535156,False,6.362766265869141,0.10219812393188477,0.04826614633202553,0.8360985517501831,0.0,-1.0,-0.9834342622692533,-0.01,-1.9934342622692534,0.00048341602087020874,True,False,forced_release,-1.0,78,False,False,8.299999999999441,-0.0,-0.0,-1.0,0.0,0.0,0.0,0.0,-0.0,0.813788055713724,0.0,-0.0,0.0,-0.593105972143138
1.0201144107213622e-07,0.09730302542448044,0.6035181283950806,0.048345234245061874,0.7739883065223694,-0.11563332796096802,0.0,0.0,0.0,0.0,1.0,21.332155227661133,False,-0.08963346481323242,0.10461173206567764,0.05672832205891609,0.7715745568275452,0.0,0.0,-0.14393993437290192,-0.01,-0.15393993437290193,0.0004640459083020687,True,False,forced_release,-1.0,79,False,False,8.399999999999475,-0.0,-0.0,0.0,0.0,0.0,0.0,0.0,-0.0,0.5312204932831031,0.0,-0.0,0.0,0.26561024664155153
5.929213671151956e-07,0.09702865779399872,0.6132477521896362,0.05400807783007622,0.780574381351471,-0.0023339480161667005,0.0,0.0,0.0,0.0,1.0,21.336509704589844,False,-0.00033974647521972656,0.104641854763031,0.0566854253411293,0.7724674940109253,0.0,0.0,-0.0012717896699905307,-0.01,-0.011271789669990531,0.00046382006257772446,True,False,forced_release,1.0,80,False,False,8.499999999999508,-0.0,-0.0,0.0,0.0,0.0,0.0,0.0,-0.0,0.534016915547995,0.0,-0.0,0.0,0.2670084577739975
1.3243301566490118e-07,0.0970807671546936,0.4812948405742645,0.06330561637878418,0.7722135782241821,-0.033728919923305505,0.0,0.0,0.0,0.0,1.0,21.336524963378906,False,0.0,0.10464195907115936,0.056685276329517365,0.7724708914756775,0.0,0.0,-0.002997479289770122,-0.01,-0.012997479289770122,0.0005430858582258224,True,False,forced_release,1.0,81,False,False,8.599999999999541,-0.0,-0.0,0.0,0.0,0.0,0.0,0.0,-0.0,0.5333556025204298,0.0,-0.0,0.0,0.2666778012602149
5.883869107492501e-07,0.09639900922775269,0.5142702460289001,0.05860519781708717,0.7777361273765564,-0.00015395477414130963,0.0,0.0,0.0,0.0,1.0,21.336524963378906,False,0.0,0.10464195907115936,0.056685276329517365,0.7724708914756775,0.0,0.0,-0.0030013860762119204,-0.01,-0.01300138607621192,0.0004758639261126518,True,False,forced_release,1.0,82,False,False,8.699999999999575,-0.0,-0.0,0.0,0.0,0.0,0.0,0.0,-0.0,0.5326796944836782,0.0,-0.0,0.0,0.2663398472418391
2.1529419313992548e-07,0.09664013981819153,0.5981601476669312,0.0661262720823288,0.7719689011573792,-0.02796104326844217,0.0,0.0,0.0,0.0,1.0,21.336524963378906,False,0.0,0.10464195907115936,0.056685276329517365,0.7724708914756775,0.0,0.0,-0.002997873425483688,-0.01,-0.012997873425483688,0.0004798341542482376,True,False,forced_release,1.0,83,False,False,8.799999999999608,-0.0,-0.0,0.0,0.0,0.0,0.0,0.0,-0.0,0.5320040060468206,0.0,-0.0,0.0,0.2660020030234103
4.102772379610542e-07,0.09640838205814362,0.4568496346473694,0.060939107090234756,0.7736889719963074,-0.00685020074248315,0.0,0.0,0.0,0.0,1.0,21.336524963378906,False,0.0,0.10464195907115936,0.056685276329517365,0.7724708914756775,0.0,0.0,-0.002994317859411233,-0.01,-0.012994317859411233,0.0004736497066915035,True,False,recovery,1.0,84,False,False,8.899999999999642,-0.0,-0.0,0.0,0.0,0.0,0.0,0.0,-0.0,0.531328695757783,0.0,-0.0,0.0,0.2656643478788915
2.3989690589587553e-07,0.09715799242258072,0.40447527170181274,0.052152346819639206,0.7723535299301147,-0.015236885379290677,0.033971190452575684,0.4405111074447632,-0.3005526065826416,0.3727278709411621,1.0,21.336524963378906,False,0.0,0.10464195907115936,0.056685276329517365,0.7724708914756775,0.0,-0.0010611549019813539,-0.005461011528968829,-0.01,-0.016522166430950183,0.00047073280438780785,False,False,recovery,1.0,85,False,False,8.999999999999675,-0.10611549019813538,-0.0,0.0,0.0,0.0,0.0,0.0,-0.0,0.5256632199835132,0.0,-0.0,0.0,0.26177045508977526
4.845550733989512e-07,0.0958520919084549,0.8209835886955261,0.04453802481293678,0.7761632800102234,-0.0029372586215341053,0.022743701934814453,0.31337547302246094,-0.24395406246185303,-0.9629120230674744,1.0,21.336524963378906,False,0.0,0.10464195907115936,0.056685276329517365,0.7724708914756775,0.0,-0.0027135863900184633,0.0017993059754371488,-0.01,-0.010914280414581316,0.0004757237620651722,False,False,recovery,1.0,86,False,False,9.099999999999708,-0.2713586390018463,-0.0,0.0,0.0,0.0,0.0,0.0,-0.0,0.5346078324435669,0.0,-0.0,0.0,0.264590329831765
1.5091244165432727e-07,0.09722337871789932,0.562230110168457,0.04847064986824989,0.7712371945381165,-0.0002541705299297474,-0.08071398735046387,0.12916290760040283,-0.11231726408004761,-0.9555962085723877,1.0,21.336524963378906,False,0.0,0.10464195907115936,0.056685276329517365,0.7724708914756775,0.0,-0.0023724427819252015,0.022455197125673287,-0.01,0.010082754343748087,0.000662005040794611,False,False,recovery,1.0,87,False,False,9.199999999999742,-0.23724427819252014,-0.0,0.0,0.0,0.0,0.0,0.0,-0.0,0.5853720343865809,0.0,-0.0,0.0,0.29031357441136524
3.553312808435294e-07,0.09682301431894302,0.41527509689331055,0.053448524326086044,0.7738734483718872,0.017522927302892163,-0.036978721618652344,0.06120443344116211,-0.10168665647506714,-0.9920089244842529,1.0,21.336524963378906,False,0.0,0.10464195907115936,0.056685276329517365,0.7724708914756775,0.0,-0.0024988381564617157,0.025009418725967403,-0.01,0.012510580569505688,0.0005000880919396877,False,False,recovery,1.0,88,False,False,9.299999999999775,-0.24988381564617157,-0.0,0.0,0.0,0.0,0.0,0.0,-0.0,0.6418088912536455,0.0,-0.0,0.0,0.318405607470361
2.7997108986710373e-07,0.09749145805835724,0.35102006793022156,0.05397089943289757,0.7731366157531738,0.012844670442786062,-0.008360087871551514,0.11368978023529053,-0.04891645908355713,-0.9875447154045105,1.0,21.336524963378906,False,0.0,0.10464195907115936,0.056685276329517365,0.7724708914756775,0.0,-0.002476581633090973,0.02656889244914057,-0.01,0.014092310816049594,0.00047124503180384636,False,False,recovery,1.0,89,False,False,9.399999999999809,-0.2476581633090973,-0.0,0.0,0.0,0.0,0.0,0.0,-0.0,0.7019663482957024,0.0,-0.0,0.0,0.34850659251476024
2.4849524038472737e-07,0.09818407893180847,0.6809382438659668,0.042729493230581284,0.7724564075469971,0.014313582634631,0.012319207191467285,0.09141325950622559,0.04428088665008545,-0.9794903993606567,1.0,21.336524963378906,False,0.0,0.10464195907115936,0.056685276329517365,0.7724708914756775,0.0,-0.0024246759712696075,0.027416073232889193,-0.01,0.014991397261619585,0.0004794239066541195,False,False,recovery,1.0,90,False,False,9.499999999999842,-0.24246759712696075,-0.0,0.0,0.0,0.0,0.0,0.0,-0.0,0.7644428599403126,0.0,-0.0,0.0,0.3797967539988867
5.715859856536554e-07,0.09847500920295715,0.8282573223114014,0.03834836557507515,0.7728147506713867,0.013324768676732142,-0.010073721408843994,-0.02549159526824951,0.059828758239746094,-0.8978687524795532,1.0,21.336524963378906,False,0.0,0.10464195907115936,0.056685276329517365,0.7724708914756775,0.0,-0.0020262478291988373,0.02634727388620378,-0.01,0.014321026057004945,0.0005435841158032417,False,False,recovery,1.0,91,False,False,9.599999999999875,-0.20262478291988373,-0.0,0.0,0.0,0.0,0.0,0.0,-0.0,0.8253914853139187,0.0,-0.0,0.0,0.4106694948277605
6.754160608579696e-07,0.09851812571287155,0.8513725399971008,0.038724135607481,0.7739270925521851,0.012675741191227502,-0.026221930980682373,-0.06217515468597412,-0.016990363597869873,-0.5178841948509216,1.0,21.336524963378906,False,0.0,0.10464195907115936,0.056685276329517365,0.7724708914756775,0.0,-0.0006826151162385941,0.01887452848255633,-0.01,0.008191913366317737,0.00046538980677723885,False,False,recovery,1.0,92,False,False,9.699999999999909,-0.0682615116238594,-0.0,0.0,0.0,0.0,0.0,0.0,-0.0,0.8718591885061964,0.0,-0.0,0.0,0.4352469791368596
5.54737141555961e-07,0.09852167963981628,0.7344555258750916,0.04159830883145332,0.7732973098754883,0.0005009063223720602,-0.012480854988098145,-0.04270064830780029,-0.04412364959716797,-0.21275675296783447,1.0,21.336524963378906,False,0.0,0.10464195907115936,0.056685276329517365,0.7724708914756775,0.0,-0.00012297862209379674,0.006639380343258394,-0.01,-0.0034835982788354028,0.0005613998509943485,False,False,recovery,1.0,93,False,False,9.799999999999942,-0.012297862209379673,-0.0,0.0,0.0,0.0,0.0,0.0,-0.0,0.8940787111517068,0.0,-0.0,0.0,0.4469163769537596
1.9459407667454798e-06,0.09891118109226227,1.0953876972198486,0.0309675894677639,0.7738840579986572,-0.022833976323777722,0.015770435333251953,0.0051593780517578125,-0.07211244106292725,-0.03709292411804199,0.9999599456787109,21.336524963378906,False,0.0,0.10464195907115936,0.056685276329517365,0.7724708914756775,0.0,-1.712853671051562e-05,-0.0010156089439988247,-0.01,-0.011032737480709341,0.0004738392308354378,False,False,recovery,0.9999599456787109,94,False,False,9.899999999999975,-0.0017128536710515618,-0.0,0.0,0.0,0.0,0.0,0.0,-0.0,0.9010580087661654,0.0,-0.0,0.0,0.45051187584637215
0.011796821840107441,0.0968826487660408,1.275808334350586,0.025152012705802917,0.7764045000076294,-0.023924950479906712,0.03683304786682129,0.04154050350189209,-0.05551952123641968,0.22516989707946777,-0.17866283655166626,21.001953125,True,0.0812828540802002,0.09718885272741318,0.05999927967786789,0.7732837200164795,0.0,-0.00014216546900570393,0.7700954518695307,-0.01,0.759953286400525,0.0004659597761929035,False,False,grasp_lift,-0.17866283655166626,95,False,False,10.000000000000009,-0.014216546900570393,-0.0,0.0,0.0,1.0,0.5820933081992385,0.0,-0.0,0.0,0.0,-0.0,0.4419074354400646,1.2328119240706783
0.2727016806602478,0.09918396919965744,1.100998044013977,0.031633008271455765,0.7798088788986206,-0.006783922665020339,-0.053663432598114014,0.14619362354278564,0.016616344451904297,0.6063410043716431,-0.9999354481697083,20.901121139526367,True,0.5790054798126221,0.09707817435264587,0.06100922077894211,0.7782609462738037,0.0,-0.0009804445505142213,0.0513290656973997,-0.01,0.04034862114688548,0.00046399282291531563,False,False,grasp_lift,-0.9999354481697083,96,False,False,10.100000000000042,-0.09804445505142212,-0.0,0.0,0.0,1.0,0.706524136261838,0.0,-0.0,0.0,0.0,-0.0,0.44399375396926566,1.2962753775496705
0.9030157327651978,0.09879609197378159,1.019819974899292,0.039503056555986404,0.7814768552780151,0.8227280452689842,-0.0821259617805481,0.04170811176300049,-0.021821141242980957,0.5898218154907227,-1.0,20.75288963317871,True,1.4088988304138184,0.09628580510616302,0.062504343688488,0.7865598797798157,0.0,-0.0008921254426240921,0.09277573171309572,-0.01,0.08188360627047163,0.0004724571481347084,False,False,grasp_lift,-1.0,97,False,False,10.200000000000076,-0.08921254426240921,-0.0,0.0,0.0,1.0,0.9139970539780495,0.0,-0.0,0.0,0.0,-0.0,0.44707354199088867,1.4031799435372894
0.9698403477668762,0.09940364956855774,1.2277976274490356,0.041519444435834885,0.7843182682991028,0.01521795281205903,-0.1152341365814209,0.05231761932373047,0.03842580318450928,0.570770263671875,-0.9999793767929077,20.68682098388672,True,2.2407948970794678,0.09480782598257065,0.06319697946310043,0.7948788404464722,0.0,-0.0008581782132387161,0.02989462179389135,-0.01,0.019036443580652637,0.00046669505536556244,False,False,grasp_lift,-0.9999793767929077,98,False,False,10.300000000000109,-0.08581782132387161,-0.0,0.0,0.0,1.0,1.0,0.0,-0.0,0.0,0.0,-0.0,0.44845117115292277,1.4475929929396842
0.9688451290130615,0.09845234453678131,1.3575098514556885,0.046947967261075974,0.7834930419921875,-0.023483962683488954,-0.09189683198928833,0.007549166679382324,-0.012426495552062988,0.4083089828491211,-0.9792635440826416,20.63910484313965,True,2.97316312789917,0.09320925921201706,0.0637206956744194,0.8022025227546692,0.0,-0.00043843168765306473,-0.013497698721028017,-0.01,-0.023936130408681082,0.000464538112282753,False,False,grasp_lift,-0.9792635440826416,99,False,False,10.400000000000142,-0.04384316876530647,-0.0,0.0,0.0,1.0,1.0,0.0,-0.0,0.0,0.0,-0.0,0.4494479386377245,1.4490095069500715
0.9817502498626709,0.09871608018875122,1.3568693399429321,0.049944307655096054,0.7874595522880554,0.03140778437476461,-0.02543574571609497,0.004672408103942871,0.10639703273773193,0.2821342945098877,-0.9750301837921143,20.63022232055664,True,3.5069406032562256,0.09199941903352737,0.06385298073291779,0.8075402975082397,0.0,-0.00022897224873304369,-0.014310603280164313,-0.01,-0.024539575528897357,0.0004630768671631813,False,False,grasp_lift,-0.9750301837921143,100,False,False,10.500000000000176,-0.022897224873304367,-0.0,0.0,0.0,1.0,1.0,0.0,-0.0,0.0,0.0,-0.0,0.4496336961402949,1.449404723891562
0.9926579594612122,0.09715031087398529,1.0893460512161255,0.05694238469004631,0.7913591265678406,0.02127169368683786,0.015336394309997559,-0.023158669471740723,0.21199917793273926,0.2194507122039795,-0.9754648208618164,20.63889503479004,True,3.8968324661254883,0.09139804542064667,0.06379041075706482,0.8114392161369324,0.0,-0.00023468449711799621,-0.014675863952497537,-0.01,-0.024910548449615533,0.0005642399191856384,False,False,grasp_lift,-0.9754648208618164,101,False,False,10.60000000000021,-0.02346844971179962,-0.0,0.0,0.0,1.0,1.0,0.0,-0.0,0.0,0.0,-0.0,0.4494523751376275,1.4492176906405096
0.9936625957489014,0.0974094420671463,0.7564877867698669,0.06491535902023315,0.7991763353347778,-0.008135350676853115,0.05338871479034424,0.014489889144897461,0.15560698509216309,0.16906702518463135,-0.9436342716217041,20.655471801757812,True,4.201269149780273,0.09130921214818954,0.06362820416688919,0.8144835829734802,0.0,-0.00013964376412332058,-0.014837548743928286,-0.01,-0.024977192508051606,0.00046509504318237305,False,False,carry,-0.9436342716217041,102,False,False,10.700000000000243,-0.013964376412332058,-0.0,0.0,0.0,1.0,1.0,0.0,-0.0,0.0,0.0,-0.0,0.44910587467444496,1.4489662309103217
0.9963226318359375,0.09536071121692657,0.8897238373756409,0.055940184742212296,0.8017445802688599,-0.04307339963296981,0.08492350578308105,-0.012459516525268555,0.04301881790161133,0.17923688888549805,-0.9948127269744873,20.658836364746094,True,4.4648942947387695,0.09168317168951035,0.06357910484075546,0.817119836807251,0.0,-0.00010335931554436684,-0.014560658013818006,-0.01,-0.024664017329362374,0.00047129811719059944,False,False,carry,-0.9948127269744873,103,False,False,10.800000000000276,-0.010335931554436684,-0.0,0.0,0.0,1.0,1.0,0.0,-0.0,0.0,0.0,-0.0,0.4490355391501205,1.448932179834576
0.9943705201148987,0.09513956308364868,0.6054638624191284,0.06214997544884682,0.8055782914161682,-0.011816232895926317,0.05073952674865723,-0.0076100826263427734,0.16164588928222656,0.14480137825012207,-0.9525709748268127,20.678625106811523,True,4.7177019119262695,0.0922541618347168,0.06335887312889099,0.8196479082107544,0.0,-0.00012432310730218889,-0.014899535986177215,-0.01,-0.025023859093479404,0.000542003195732832,False,False,carry,-0.9525709748268127,104,False,False,10.90000000000031,-0.012432310730218887,-0.0,0.0,0.0,1.0,1.0,0.0,-0.0,0.0,0.0,-0.0,0.4486222323851805,1.4484979092778782
0.9934467673301697,0.09480642527341843,1.0335618257522583,0.051782671362161636,0.8045445084571838,-0.045557258728238896,0.0655515193939209,-0.019914746284484863,0.037645936012268066,0.18641185760498047,-0.996610164642334,20.704944610595703,True,4.9614667892456055,0.09263938665390015,0.06308143585920334,0.8220855593681335,0.0,-0.00010215048678219318,-0.015030005231529309,-0.01,-0.025132155718311504,0.0005278368480503559,False,False,carry,-0.996610164642334,105,False,False,11.000000000000343,-0.010215048678219318,-0.0,0.0,0.0,1.0,1.0,0.0,-0.0,0.0,0.0,-0.0,0.44807295461796837,1.4479708041311863
0.9947280287742615,0.09432145953178406,0.7407708764076233,0.047228310257196426,0.8195163607597351,-0.03341487501891009,0.02141404151916504,-0.0012688636779785156,0.18283772468566895,0.17231297492980957,-0.9542672634124756,20.729894638061523,True,5.231565475463867,0.09296082705259323,0.06282062083482742,0.8247865438461304,0.0,-0.00015895392745733262,-0.01499581137516226,-0.01,-0.02515476530261959,0.0005218591541051865,False,False,carry,-0.9542672634124756,106,False,False,11.100000000000376,-0.01589539274573326,-0.0,0.0,0.0,1.0,1.0,0.0,-0.0,0.0,0.0,-0.0,0.4475526976240858,1.4473937436966284
0.9929385781288147,0.0945853739976883,0.6806086897850037,0.0524461530148983,0.8197431564331055,-0.014072539261184618,-0.002224862575531006,0.01031339168548584,0.07614743709564209,0.29163801670074463,-0.9923282861709595,20.739246368408203,True,5.551177024841309,0.09269663691520691,0.06273616850376129,0.8279826641082764,0.0,-0.00022740621119737625,-0.014668480305801257,-0.01,-0.024895886516998634,0.0005215061828494072,False,False,carry,-0.9923282861709595,107,False,False,11.20000000000041,-0.022740621119737625,-0.0,0.0,0.0,1.0,1.0,0.0,-0.0,0.0,0.0,-0.0,0.44735776125655635,1.447130355045359
0.9949080348014832,0.09402962774038315,0.8243296146392822,0.05414257571101189,0.8461135029792786,-0.021051745313373144,-0.002057492733001709,0.031919240951538086,0.11368751525878906,0.21258389949798584,-0.9986745715141296,20.723649978637695,True,5.928218364715576,0.09241978824138641,0.06290219724178314,0.8317530751228333,0.0,-0.0001478495914489031,-0.014151739451822243,-0.01,-0.024299589043271147,0.0005218647420406342,False,False,carry,-0.9986745715141296,108,False,False,11.300000000000443,-0.014784959144890308,-0.0,0.0,0.0,1.0,1.0,0.0,-0.0,0.0,0.0,-0.0,0.44768288484941765,1.4475350352579688
0.9968274235725403,0.09435467422008514,0.5291206240653992,0.06585279107093811,0.8487533926963806,-0.001961511602381911,0.11995327472686768,0.7376803159713745,-0.02510654926300049,0.29409146308898926,-0.9999274611473083,20.3546199798584,True,6.283015251159668,0.09266658127307892,0.0665859654545784,0.8353010416030884,0.0,-0.0016142028570175172,-0.006813540030726983,-0.01,-0.0184277428877445,0.0005328929983079433,False,False,carry,-0.9999274611473083,109,False,False,11.400000000000476,-0.1614202857017517,-0.0,0.0,0.0,1.0,1.0,0.0,-0.0,0.0,0.0,-0.0,0.4554235710212714,1.4538093681642539
0.9984579086303711,0.09471876919269562,0.739048957824707,0.08182932436466217,0.8565943241119385,0.006948586444245777,0.26456260681152344,0.9926817417144775,0.06040370464324951,0.13390851020812988,-1.0,19.251131057739258,True,6.622457504272461,0.0947141945362091,0.07756128907203674,0.8386954665184021,0.0,-0.002692476212978363,0.008914450284413178,-0.01,-0.0037780259285651856,0.000521570909768343,False,False,carry,-1.0,110,False,False,11.50000000000051,-0.2692476212978363,-0.0,0.0,0.0,1.0,1.0,0.0,-0.0,0.0,0.0,-0.0,0.4791293144020652,1.4764368381890869
0.998446524143219,0.09547378122806549,0.8761647343635559,0.10051904618740082,0.8564099073410034,0.014291940247637925,0.3126716613769531,0.9997859001159668,-0.03382444381713867,0.3223147392272949,-1.0,17.879913330078125,True,6.930035591125488,0.09781523048877716,0.09121421724557877,0.8417712450027466,0.0,-0.003005915880203247,0.015517177944459393,-0.01,0.0025112620642561458,0.0005479897372424603,False,False,carry,-1.0,111,False,False,11.600000000000543,-0.3005915880203247,-0.0,0.0,0.0,1.0,1.0,0.0,-0.0,0.0,0.0,-0.0,0.5097439060532996,1.5067379901730964
0.9988613128662109,0.09648729860782623,0.9515692591667175,0.10186067223548889,0.8663001656532288,-0.025310559548728254,0.3655153512954712,0.999882698059082,0.014111757278442383,0.36610591411590576,-1.0,16.479881286621094,True,7.405799865722656,0.10191148519515991,0.10521228611469269,0.8465288877487183,0.0,-0.003168998956680298,0.01713424019756893,-0.01,0.00396524124088863,0.0006041447632014751,False,False,carry,-1.0,112,False,False,11.700000000000577,-0.3168998956680298,-0.0,0.0,0.0,1.0,1.0,0.0,-0.0,0.0,0.0,-0.0,0.5423011830608275,1.5391321841041472
0.9988247752189636,0.09637534618377686,1.2448581457138062,0.10649149119853973,0.8666720390319824,-0.017554065092824873,0.2909353971481323,0.9992042779922485,-0.04851794242858887,0.36307787895202637,-1.0,15.091198921203613,True,7.932162284851074,0.10612084716558456,0.11921221017837524,0.8517925143241882,0.0,-0.0030430805683135985,0.017794934044846444,-0.01,0.0047518534765328465,0.0005828626453876495,False,False,carry,-1.0,113,False,False,11.80000000000061,-0.30430805683135986,-0.0,0.0,0.0,1.0,1.0,0.0,-0.0,0.0,0.0,-0.0,0.5758546659565394,1.5728115853882256
0.9987975358963013,0.09810242801904678,1.2252814769744873,0.12330414354801178,0.872268795967102,0.012344817633358209,0.19490492343902588,0.9959290027618408,0.028322696685791016,0.2810558080673218,-1.0,13.712379455566406,True,8.418983459472656,0.10936084389686584,0.13319610059261322,0.8566607236862183,0.0,-0.002774142622947693,0.018405251186133453,-0.01,0.005631108563185759,0.0006029289215803146,False,False,carry,-1.0,114,False,False,11.900000000000643,-0.2774142622947693,-0.0,0.0,0.0,1.0,1.0,0.0,-0.0,0.0,0.0,-0.0,0.6103635216053165,1.6075893789823688
0.9988477230072021,0.09766320884227753,1.2562404870986938,0.13420768082141876,0.8720314502716064,-0.0015692433843186217,0.1838524341583252,0.9992830753326416,-0.010579466819763184,0.34870123863220215,-1.0,12.343636512756348,True,8.86688232421875,0.11156021058559418,0.14710615575313568,0.861139714717865,0.0,-0.0028851822018623355,0.018917048099333034,-0.01,0.0060318658974706976,0.0006016520783305168,False,False,carry,-1.0,115,False,False,12.000000000000677,-0.2885182201862335,-0.0,0.0,0.0,1.0,1.0,0.0,-0.0,0.0,0.0,-0.0,0.6457379748027605,1.6428527926008982
0.9988621473312378,0.09896683692932129,1.287922978401184,0.14398318529129028,0.872951090335846,-0.003874071882576607,0.13450610637664795,0.9985098838806152,0.02444136142730713,0.29350578784942627,-1.0,10.978401184082031,True,9.339380264282227,0.11345738917589188,0.1610439270734787,0.8658646941184998,0.0,-0.002754642069339752,0.019503000943671855,-0.01,0.006748358874332104,0.0005944613367319107,False,False,carry,-1.0,116,False,False,12.10000000000071,-0.2754642069339752,-0.0,0.0,0.0,1.0,1.0,0.0,-0.0,0.0,0.0,-0.0,0.6820615917571369,1.679306949687797
0.9986785054206848,0.09946946799755096,1.123155951499939,0.1589653640985489,0.8728103637695312,0.010208831003062696,0.07494652271270752,0.9981329441070557,0.02518010139465332,0.29105710983276367,-1.0,9.618021965026855,True,9.767675399780273,0.11454138904809952,0.17492540180683136,0.8701476454734802,0.0,-0.002718086838722229,0.019955278401016185,-0.01,0.007237191562293957,0.0005889590829610825,False,False,carry,-1.0,117,False,False,12.200000000000744,-0.2718086838722229,-0.0,0.0,0.0,1.0,1.0,0.0,-0.0,0.0,0.0,-0.0,0.719208964986104,1.7164908781473818
0.9987866282463074,0.1001976877450943,0.9310585260391235,0.1762317568063736,0.8735074996948242,0.017310379808664143,0.051079750061035156,0.9987118244171143,0.04644322395324707,0.22172331809997559,-1.0,8.256754875183105,True,10.155529022216797,0.11503047496080399,0.1888120472431183,0.8740261793136597,0.0,-0.0026283815503120424,0.020460742496944517,-0.01,0.007832360946632476,0.0005827047862112522,False,False,carry,-1.0,118,False,False,12.300000000000777,-0.2628381550312042,-0.0,0.0,0.0,1.0,1.0,0.0,-0.0,0.0,0.0,-0.0,0.7572421323907259,1.7546137508404138
0.9984784722328186,0.10013134777545929,0.7679634094238281,0.1973482221364975,0.873597264289856,0.02918122300915133,0.019846320152282715,0.9993383884429932,0.06576812267303467,-0.0033623576164245605,-1.0,6.895751476287842,True,10.37420654296875,0.11517078429460526,0.20273199677467346,0.8762129545211792,0.0,-0.0025085195899009704,0.020826538055636723,-0.01,0.008318018465735754,0.0005999631248414516,False,False,lower,-1.0,119,False,False,12.40000000000081,-0.25085195899009705,-0.0,0.0,0.0,1.0,1.0,0.0,-0.0,0.0,0.0,-0.0,0.7960289506346141,1.793520431044713
0.9967599511146545,0.10028702020645142,0.6290028095245361,0.21417805552482605,0.8727281093597412,0.017343876035153395,0.0033578872680664062,0.999028205871582,0.0882648229598999,-0.4240609407424927,-1.0,5.536491870880127,True,10.19141674041748,0.11497847735881805,0.2166997343301773,0.8743850588798523,0.0,-0.0029642173647880556,0.02103287669319087,-0.01,0.008068659328402816,0.0005883825942873955,False,False,lower,-1.0,120,False,False,12.500000000000844,-0.29642173647880554,-0.0,0.0,0.0,1.0,1.0,0.0,-0.0,0.0,0.0,-0.0,0.8354159648107626,1.8324517474459745
0.9961322546005249,0.10013098269701004,0.7569646239280701,0.2248990386724472,0.8706254959106445,-0.0005674211395434014,-0.0008156299591064453,0.9047987461090088,0.10616075992584229,-0.7137161493301392,-1.0,4.2376322746276855,True,9.492504119873047,0.1143735721707344,0.23013582825660706,0.8673959374427795,0.0,-0.0033483061194419864,0.019400044648497428,-0.01,0.006051738529055441,0.0007855282165110111,False,False,lower,-1.0,121,False,False,12.600000000000877,-0.3348306119441986,-0.0,0.0,0.0,1.0,1.0,0.0,-0.0,0.0,0.0,-0.0,0.8735515275079432,1.8702032213885011
0.9935966730117798,0.0999559760093689,0.9301935434341431,0.23606885969638824,0.866742730140686,0.00010508330208796983,-0.3366297483444214,0.9367473125457764,0.04265761375427246,-0.7663372159004211,-1.0,2.981048583984375,True,8.493900299072266,0.11192096769809723,0.24267683923244476,0.8574098944664001,0.0,-0.003949768841266632,0.018146627115622538,-0.01,0.0041968582743559055,0.0006062309257686138,False,False,lower,-1.0,122,False,False,12.70000000000091,-0.3949768841266632,-0.0,0.0,0.0,1.0,1.0,0.0,-0.0,0.0,0.0,-0.0,0.910806210993451,1.9068564421521845
0.9948505759239197,0.10032545775175095,1.1623705625534058,0.24334095418453217,0.8652701377868652,-0.012299590377785555,-0.696442723274231,0.9499292373657227,-0.002924203872680664,-0.7098159790039062,-1.0,1.543674111366272,True,7.468080520629883,0.10501759499311447,0.25540149211883545,0.8471516966819763,0.0,-0.004728113412857056,0.023379420265136286,-0.01,0.008651306852279229,0.0005969377234578133,False,False,lower,-1.0,123,False,False,12.800000000000944,-0.47281134128570557,-0.0,0.0,0.0,1.0,1.0,0.0,-0.0,0.0,0.0,-0.0,0.9537228654043302,1.9489947519914732
0.9909765124320984,0.09973755478858948,1.6085647344589233,0.24914006888866425,0.8627655506134033,-0.016097697169364426,-0.7225006818771362,0.8594558238983154,-0.05427587032318115,-0.5911012291908264,-1.0,0.5499697923660278,True,6.552386283874512,0.09494496136903763,0.2678336203098297,0.8379947543144226,0.0,-0.004032545387744903,0.009944526400651688,-0.01,-0.004088018987093216,0.0005871718749403954,False,False,lower,-1.0,124,False,False,12.900000000000977,-0.40325453877449036,-0.0,0.0,0.0,1.0,1.0,0.0,-0.0,0.0,0.0,-0.0,0.9835024337945591,1.979469888406814
0.9919680953025818,0.09987238049507141,1.8172999620437622,0.26573872566223145,0.8612707853317261,0.018957338290800797,-0.05189645290374756,0.420957088470459,-0.08510047197341919,-0.4084129333496094,-1.0,1.4391977787017822,True,5.823880195617676,0.0877825915813446,0.2776068449020386,0.83070969581604,0.0,-0.0008848533034324646,-0.04622003827338461,-0.01,-0.05710489157681708,0.000605330802500248,False,False,lower,-1.0,125,False,False,13.00000000000101,-0.08848533034324646,-0.0,0.0,0.0,1.0,1.0,0.0,-0.0,0.0,0.0,-0.0,0.9568508752565121,1.9559660219530797
0.9840064644813538,0.09850719571113586,1.5664480924606323,0.28157925605773926,0.8593840003013611,-0.05361243606850576,0.0498279333114624,0.8054819107055664,-0.16648447513580322,0.13118088245391846,-1.0,2.0010974407196045,True,5.508852005004883,0.08679189532995224,0.28503280878067017,0.8275594115257263,0.0,-0.0017405234277248383,-0.03621217308619529,-0.01,-0.047952696513920125,0.0006067431531846523,False,False,lower,-1.0,126,False,False,13.100000000001044,-0.17405234277248383,-0.0,0.0,0.0,1.0,1.0,0.0,-0.0,0.0,0.0,-0.0,0.940039103645818,1.9382985802180932
0.9876978993415833,0.09843527525663376,1.911158800125122,0.2805725336074829,0.8613247275352478,-0.02992541858048,0.11209094524383545,0.996090292930603,-0.11341071128845215,0.5140910148620605,-1.0,2.9416778087615967,True,5.850005149841309,0.0875200405716896,0.29663828015327454,0.8309709429740906,0.0,-0.0032047796249389648,-0.04718081420769127,-0.01,-0.06038559383263024,0.0006064223125576973,False,False,lower,-1.0,127,False,False,13.200000000001078,-0.3204779624938965,-0.0,0.0,0.0,1.0,1.0,0.0,-0.0,0.0,0.0,-0.0,0.9119780451891336,1.9087732655641947
0.9701639413833618,0.09812432527542114,1.6616324186325073,0.2900009751319885,0.8598635196685791,-0.0602164928292983,0.07048797607421875,0.7755205631256104,-0.0053275227546691895,0.6815035343170166,-1.0,4.0911478996276855,True,6.645840644836426,0.08845829963684082,0.3092496991157532,0.838929295539856,0.0,-0.0026771903038024904,-0.052878682140936606,-0.01,-0.0655558724447391,0.0005903770215809345,False,False,lower,-1.0,128,False,False,13.300000000001111,-0.267719030380249,-0.0,0.0,0.0,1.0,1.0,0.0,-0.0,0.0,0.0,-0.0,0.877878085316766,1.8752008950129635
0.9799484014511108,0.09888356924057007,1.023812174797058,0.31189313530921936,0.8599686622619629,-0.09551822407474894,0.09916329383850098,0.7706071138381958,0.11713993549346924,0.3757505416870117,-1.0,5.145288467407227,True,7.46331787109375,0.0895136296749115,0.32037296891212463,0.8471040725708008,0.0,-0.001896447092294693,-0.0494909884442809,-0.01,-0.0613874355365756,0.0005985517054796219,False,False,lower,-1.0,129,False,False,13.400000000001144,-0.1896447092294693,-0.0,0.0,0.0,1.0,1.0,0.0,-0.0,0.0,0.0,-0.0,0.846855692635502,1.8449592455432073
0.9396116733551025,0.10004417598247528,1.6121089458465576,0.304007887840271,0.8583526611328125,-0.009127712457234854,0.17135310173034668,0.5982685089111328,0.1772778034210205,-0.9984334707260132,-1.0,6.1842193603515625,True,7.3529839515686035,0.091244176030159,0.33121922612190247,0.8460007309913635,0.0,-0.0035389596223831176,-0.04844832298628532,-0.01,-0.06198728260866844,0.0005945363081991673,False,False,lower,-1.0,130,False,False,13.500000000001178,-0.35389596223831177,-0.0,0.0,0.0,1.0,1.0,0.0,-0.0,0.0,0.0,-0.0,0.816573127496842,1.8130341678744588
0.9303867816925049,0.10190711170434952,1.750524878501892,0.30158787965774536,0.8415453433990479,-0.024575464961565104,0.10729706287384033,-0.12433964014053345,-0.07383418083190918,-0.991999626159668,-1.0,6.627888202667236,True,6.055850028991699,0.09212935715913773,0.3358099162578583,0.8330293893814087,0.0,-0.0025412192940711975,-0.030867596370148354,-0.01,-0.04340881566421955,0.001069274265319109,False,False,lower,-1.0,131,False,False,13.600000000001211,-0.25412192940711975,-0.0,0.0,0.0,1.0,1.0,0.0,-0.0,0.0,0.0,-0.0,0.8037429440916531,1.8012017247975818
0.7223262786865234,0.10328388214111328,2.3634541034698486,0.2781124711036682,0.8239302039146423,0.03610376705148234,0.056751370429992676,-0.1261780858039856,-0.07659679651260376,-0.9996976256370544,-1.0,6.4478864669799805,True,4.6734514236450195,0.09310135990381241,0.33410876989364624,0.8192054033279419,0.0,-0.002561010420322418,-0.012891892948257766,-0.01,-0.025452903368580186,0.0006001507863402367,False,False,lower,-1.0,132,False,False,13.700000000001245,-0.2561010420322418,-0.0,0.0,0.0,1.0,1.0,0.0,-0.0,0.0,0.0,-0.0,0.8089404235919073,1.806379413171585
0.8957303762435913,0.10163231194019318,1.5374215841293335,0.30858927965164185,0.8227007389068604,-0.11832895944552546,0.03743267059326172,-0.032971084117889404,-0.08084499835968018,-0.3763589859008789,-1.0,6.237600326538086,True,3.586912155151367,0.09329579025506973,0.33201467990875244,0.8083400130271912,0.0,-0.00037667576223611833,-0.012064704045263497,-0.01,-0.022441379807499613,0.0006514689885079861,False,False,lower,-1.0,133,False,False,13.800000000001278,-0.03766757622361183,-0.0,0.0,0.0,1.0,1.0,0.0,-0.0,0.0,0.0,-0.0,0.815026014427166,1.81464933866493
0.7963588237762451,0.10247369110584259,1.9764058589935303,0.29703494906425476,0.8166730403900146,0.0023659267919212638,0.12433385848999023,-0.03115469217300415,0.0027451515197753906,-0.9994258880615234,-0.9989303946495056,6.1988091468811035,True,2.73781418800354,0.09473464637994766,0.3317640721797943,0.7998490333557129,0.0,-0.0025382229685783388,-0.017037335024367994,-0.01,-0.02957555799294633,0.0005278331227600574,False,False,lower,-0.9989303946495056,134,False,False,13.900000000001311,-0.25382229685783386,-0.0,0.0,0.0,1.0,1.0,0.0,-0.0,0.0,0.0,-0.0,0.8161502037239374,1.813611980755359
0.7895204424858093,0.10268941521644592,1.7904139757156372,0.2928850054740906,0.7987033128738403,-0.01748744911738095,0.03228282928466797,-0.15942776203155518,-0.05724537372589111,-0.37404048442840576,-0.9999994039535522,6.008890151977539,True,1.699584722518921,0.0952276661992073,0.3298991024494171,0.7894667387008667,0.0,-0.00042410679161548616,-0.019305026933293723,-0.01,-0.029729133724909207,0.0006532599218189716,False,False,lower,-0.9999994039535522,135,False,False,14.000000000001345,-0.042410679161548615,-0.0,0.0,0.0,1.0,0.9866687789259615,0.0,-0.0,0.0,0.0,-0.0,0.8216608332037603,1.8145711158751254
0.001270400476641953,0.10078266263008118,1.8313401937484741,0.2800605595111847,0.7742562294006348,-1.5546520229632073,-0.03848785161972046,0.03831911087036133,-0.12104624509811401,0.19323551654815674,0.9999988079071045,5.796685695648193,False,-0.03345012664794922,0.09570960700511932,0.32780787348747253,0.772136390209198,0.0,-0.00013735456392168998,-1.4027349191138425,-0.01,-1.4128722736777641,0.0005266261287033558,False,False,release_settle,0.9999988079071045,136,False,False,14.100000000001378,-0.013735456392168999,-0.0,0.0,0.0,0.0,0.0,1.0,-0.0,0.0,1.0,-0.0,0.0,14.999862645436078
0.00040159933269023895,0.09826813638210297,1.5426326990127563,0.28534895181655884,0.7712420225143433,-0.018966578682027627,0.04943251609802246,0.07420694828033447,-0.1615012288093567,0.5841381549835205,0.7818892002105713,5.800049781799316,False,-0.00013709068298339844,0.09570927917957306,0.327841579914093,0.7724695205688477,0.0,-0.0009381256997585297,-0.012710260674357432,-0.01,-0.02364838637411596,0.0005249488167464733,False,False,release_settle,0.7818892002105713,137,False,False,14.200000000001411,-0.09381256997585297,-0.0,0.0,0.0,0.0,0.0,0.0,-0.0,0.0,0.0,-0.0,0.0,-0.0009381256997585297
5.007136678614188e-06,0.09941282868385315,1.9365572929382324,0.2783929109573364,0.7675265073776245,-0.04565129315857995,0.03005087375640869,0.06541359424591064,-0.1404014229774475,0.42518091201782227,0.9836728572845459,5.800061225891113,False,0.0,0.09570927917957306,0.32784169912338257,0.7724708914756775,0.0,-0.0005141834169626236,-0.020013547167181955,-0.01,-0.030527730584144576,0.0005233148112893105,False,False,release_settle,0.9836728572845459,138,False,False,14.300000000001445,-0.05141834169626236,-0.0,0.0,0.0,0.0,0.0,0.0,-0.0,0.0,0.0,-0.0,0.0,-0.0005141834169626236
3.3137939681182615e-06,0.0995016098022461,1.8244868516921997,0.28157296776771545,0.7677973508834839,-0.016378458000265973,0.018573284149169922,0.033568620681762695,-0.11055636405944824,-0.13643878698349,0.9391599893569946,5.800061225891113,False,0.0,0.09570927917957306,0.32784169912338257,0.7724708914756775,0.0,-8.077518083155155e-05,-0.011722693741321566,-0.01,-0.021803468922153117,0.0005279043689370155,False,False,release_settle,0.9391599893569946,139,False,False,14.400000000001478,-0.008077518083155155,-0.0,0.0,0.0,0.0,0.0,0.0,-0.0,0.0,0.0,-0.0,0.0,-8.077518083155155e-05
5.689771569450386e-07,0.10253281891345978,2.092414140701294,0.27741512656211853,0.7669485807418823,-0.017316002872756968,-0.04656916856765747,-0.03034353256225586,-0.05696225166320801,-0.2935093641281128,0.9996280670166016,5.800061225891113,False,0.0,0.09570927917957306,0.32784169912338257,0.7724708914756775,0.0,-0.00023120466619729995,0.0007683452218770759,-0.01,-0.009462859444320224,0.0005245390348136425,False,False,release_settle,0.9996280670166016,140,False,False,14.500000000001512,-0.023120466619729996,-0.0,0.0,0.0,0.0,0.0,0.0,-0.0,0.0,0.0,-0.0,0.0,-0.00023120466619729995
1.0868184290302452e-06,0.10116109997034073,1.9838787317276,0.2767123878002167,0.7695356607437134,-0.003516025217414227,-0.049720823764801025,-0.049640774726867676,-0.0605999231338501,-0.14326614141464233,0.9999830722808838,5.800061225891113,False,0.0,0.09570927917957306,0.32784169912338257,0.7724708914756775,0.0,-7.283476181328296e-05,0.0026262441277503656,-0.01,-0.007446590634062918,0.0006865821778774261,False,False,release_settle,0.9999830722808838,141,False,False,14.600000000001545,-0.007283476181328297,-0.0,0.0,0.0,0.0,0.0,0.0,-0.0,0.0,0.0,-0.0,0.0,-7.283476181328296e-05
8.509898634656565e-07,0.10184112936258316,2.041887044906616,0.2758963704109192,0.7692914605140686,-0.012441021107546751,-0.003995716571807861,0.030903339385986328,-0.08262157440185547,-0.021205484867095947,0.997888445854187,5.800061225891113,False,0.0,0.09570927917957306,0.32784169912338257,0.7724708914756775,0.0,-2.0617446862161158e-05,-0.001324235424399356,-0.01,-0.011344852871261517,0.0005277618765830994,False,False,release_settle,0.997888445854187,142,False,False,14.700000000001578,-0.002061744686216116,-0.0,0.0,0.0,0.0,0.0,0.0,-0.0,0.0,0.0,-0.0,0.0,-2.0617446862161158e-05
6.494446438409796e-07,0.10114441812038422,1.7917811870574951,0.28233763575553894,0.7696566581726074,-0.0029160849858225514,-0.008897781372070312,0.08221495151519775,-0.07930594682693481,-0.11793392896652222,0.996492862701416,5.800061225891113,False,0.0,0.09570927917957306,0.32784169912338257,0.7724708914756775,0.0,-6.759078241884709e-05,-0.002228780835866917,-0.01,-0.012296371618285763,0.0005220049060881138,False,False,release_settle,0.996492862701416,143,False,False,14.800000000001612,-0.006759078241884708,-0.0,0.0,0.0,0.0,0.0,0.0,-0.0,0.0,0.0,-0.0,0.0,-6.759078241884709e-05
1.1776572819144349e-06,0.09976355731487274,1.6970505714416504,0.2837778925895691,0.769677460193634,-0.01791492313841015,-0.02209526300430298,0.07335221767425537,-0.08594125509262085,0.6807531118392944,0.9997107982635498,5.800061225891113,False,0.0,0.09570927917957306,0.32784169912338257,0.7724708914756775,0.0,-0.0011916986852884292,-0.008905500248074516,-0.01,-0.020097198933362946,0.0005234568379819393,False,False,release_settle,0.9997107982635498,144,False,False,14.900000000001645,-0.11916986852884293,-0.0,0.0,0.0,0.0,0.0,0.0,-0.0,0.0,0.0,-0.0,0.0,-0.0011916986852884292
1.056413680089463e-06,0.09887434542179108,1.8073618412017822,0.2795591950416565,0.7696976065635681,-0.042652230101133094,0.01939237117767334,0.13766133785247803,-0.12932580709457397,0.9943854808807373,0.9978622198104858,5.800061225891113,False,0.0,0.09570927917957306,0.32784169912338257,0.7724708914756775,0.0,-0.0025621360540390016,-0.027384860515594467,-0.01,-0.03994699656963347,0.0006447527557611465,False,False,release_settle,0.9978622198104858,145,False,False,15.000000000001679,-0.25621360540390015,-0.0,0.0,0.0,0.0,0.0,0.0,-0.0,0.0,0.0,-0.0,0.0,-0.0025621360540390016
1.5398362620544503e-06,0.09886962920427322,2.0740010738372803,0.2717288136482239,0.769524097442627,-0.052505044855767735,0.04124438762664795,0.13760662078857422,-0.12341570854187012,0.9997239112854004,0.9884500503540039,5.800061225891113,False,0.0,0.09570927917957306,0.32784169912338257,0.7724708914756775,0.0,-0.002588290274143219,-0.03405625283718111,-0.01,-0.046644543111324335,0.0005694492720067501,False,False,release_settle,0.9884500503540039,146,False,False,15.100000000001712,-0.2588290274143219,-0.0,0.0,0.0,0.0,0.0,0.0,-0.0,0.0,0.0,-0.0,0.0,-0.002588290274143219
8.254544354713289e-07,0.10015712678432465,2.2275843620300293,0.26809069514274597,0.7698422074317932,-0.04503368905430756,0.10695350170135498,0.14352238178253174,-0.13364827632904053,0.9998753070831299,0.9120441675186157,5.800061225891113,False,0.0,0.09570927917957306,0.32784169912338257,0.7724708914756775,0.0,-0.0026241254806518557,-0.03348642542958258,-0.01,-0.04611055091023444,0.000528533011674881,False,False,release_settle,0.9120441675186157,147,False,False,15.200000000001745,-0.26241254806518555,-0.0,0.0,0.0,0.0,0.0,0.0,-0.0,0.0,0.0,-0.0,0.0,-0.0026241254806518557
8.351981932719355e-07,0.09973093867301941,2.2413814067840576,0.2678247094154358,0.7692680954933167,-0.041046229071183715,0.11601996421813965,0.09657132625579834,-0.14888691902160645,0.9999680519104004,0.9214179515838623,5.800061225891113,False,0.0,0.09570927917957306,0.32784169912338257,0.7724708914756775,0.0,-0.0026122251152992247,-0.03196252152323725,-0.01,-0.04457474663853648,0.00046548014506697655,False,False,release_settle,0.9214179515838623,148,False,False,15.300000000001779,-0.2612225115299225,-0.0,0.0,0.0,0.0,0.0,0.0,-0.0,0.0,0.0,-0.0,0.0,-0.0026122251152992247
1.385183622915065e-06,0.09981368482112885,2.4523496627807617,0.2618817985057831,0.7689647078514099,-0.0428571649136554,0.09768986701965332,-0.019077956676483154,-0.08509141206741333,0.9998525381088257,0.9755840301513672,5.800061225891113,False,0.0,0.09570927917957306,0.32784169912338257,0.7724708914756775,0.0,-0.0025421321392059327,-0.030160766243934656,-0.01,-0.04270289838314059,0.0004625292494893074,False,False,release_settle,0.9755840301513672,149,False,False,15.400000000001812,-0.25421321392059326,-0.0,0.0,0.0,0.0,0.0,0.0,-0.0,0.0,0.0,-0.0,0.0,-0.0025421321392059327
1.7956398323804024e-06,0.10013638436794281,2.338752269744873,0.2656087875366211,0.7689683437347412,14.767375195443847,0.10189199447631836,-0.1692720651626587,-0.021287620067596436,0.993903398513794,0.9990272521972656,5.800061225891113,False,0.0,0.09570927917957306,0.32784169912338257,0.7724708914756775,15.0,-0.00256833016872406,-0.25299155712127686,-0.01,14.734440112709999,0.000465999823063612,False,False,release_settle,0.9990272521972656,150,False,True,15.500000000001846,-0.256833016872406,-0.0,0.0,0.0,0.0,0.0,0.0,-0.0,0.0,0.0,-0.0,0.0,-0.00256833016872406
