#{"t_start": 1791153474.929551, "env_id": "None"}
r,l,t,task_success
-14.083357,300,10.839674,False
-14.061807,300,11.870148,False
-14.098309,300,12.901908,False
10.077061,224,14.61676,True
-14.82575,300,17.778866,False
-15.940341,300,21.311237,False
-14.600663,300,24.567675,False
-15.764339,300,28.276295,False
-14.487389,300,36.766153,False
-17.931971,300,39.902309,False
-14.493174,300,43.43301,False
-14.197227,300,47.914174,False
-14.370621,300,52.416034,False
-14.360733,300,55.752744,False
-14.344022,300,59.685012,False
-14.178596,300,63.997059,False
-14.344368,300,75.987564,False
-14.272128,300,79.834306,False
-14.327445,300,83.880298,False
-14.37051,300,87.705028,False
-14.269598,300,91.486555,False
-14.265978,300,95.139133,False
-14.260992,300,98.774374,False
-14.230718,300,102.751418,False
-14.27006,300,107.035627,False
-14.336431,300,115.999779,False
-14.326747,300,120.04396,False
-14.364933,300,123.809053,False
-14.242527,300,127.877855,False
-14.1701,300,131.972617,False
-14.167801,300,135.758273,False
-14.171214,300,139.28728,False
-14.115104,300,142.866562,False
