#{"t_start": 1791197385.633452, "env_id": "None"}
r,l,t,task_success
-14.469934,300,34.182978,False
-14.062677,300,35.155864,False
-14.212452,300,36.119516,False
10.663773,240,37.995875,True
11.133616,140,39.560884,True
10.642602,166,41.323935,True
11.961401,144,42.910051,True
12.277738,122,44.313225,True
11.680609,106,45.49829,True
-17.535517,300,48.625616,False
12.274781,123,50.044822,True
11.750003,152,51.7925,True
-16.964219,300,66.2455,False
-17.306953,300,69.343786,False
-18.322218,300,72.566443,False
-21.40428,300,75.688663,False
-18.121227,300,78.780827,False
-21.41601,300,81.907133,False
-17.293346,300,85.033608,False
-21.11554,300,88.119368,False
-20.326584,300,104.71892,False
-17.447697,300,107.852969,False
-22.484042,300,110.985939,False
-19.180889,300,114.137203,False
-27.079529,300,117.244713,False
-19.15451,300,120.364473,False
3.717114,231,122.838627,True
11.377352,129,124.31505,True
-21.014453,300,127.423149,False
11.517199,119,128.711587,True
12.860701,104,129.907913,True
-22.822949,300,147.357684,False
10.177025,140,148.944963,True
-23.841452,300,152.011954,False
9.749988,219,154.359203,True
11.395233,120,155.67779,True
7.705157,220,158.018676,True
12.323045,130,159.568997,True
8.618774,233,162.01403,True
-19.869733,300,165.056263,False
12.273847,139,166.515149,True
11.951267,147,168.184639,True
12.719409,108,169.434147,True
8.269258,184,183.212257,True
10.131882,137,184.740105,True
10.179741,133,186.224914,True
-18.013839,300,189.435411,False
12.176408,144,190.952841,True
11.27791,126,192.403701,True
11.063179,141,194.036304,True
11.949651,153,195.677099,True
12.390164,124,197.313755,True
12.376661,128,198.697348,True
12.445182,116,200.210197,True
-16.042056,300,203.268865,False
11.393214,123,204.674384,True
12.239087,130,206.165521,True
11.543819,117,207.47857,True
9.068172,208,209.680263,True
12.445657,120,222.988549,True
11.590173,173,225.117262,True
11.27446,196,227.15459,True
12.307415,131,228.612744,True
-16.015469,300,231.663864,False
9.279837,195,233.794982,True
-19.95939,300,236.998251,False
12.334899,120,238.331286,True
12.212024,136,239.929188,True
12.592439,113,241.14754,True
12.283247,129,242.58206,True
11.574554,118,244.080941,True
-18.114231,300,247.628635,False
12.359479,125,249.410602,True
-16.10001,300,265.297775,False
11.994585,151,267.259471,True
12.445864,117,268.776257,True
-16.095014,300,272.21959,False
12.7007,114,273.885196,True
10.200036,126,275.457664,True
12.341183,128,276.961141,True
12.353869,125,278.478471,True
11.318936,128,280.003167,True
12.409385,119,281.42981,True
-16.071303,300,284.839052,False
12.255609,126,286.609852,True
12.470198,112,288.029371,True
12.748137,105,289.353866,True
12.628829,107,290.826737,True
12.541565,115,292.19631,True
11.71251,113,293.631671,True
12.023511,146,306.940331,True
12.930706,98,308.099173,True
12.704927,105,309.332948,True
12.840533,99,310.531168,True
12.438851,117,311.953855,True
12.399469,119,313.367201,True
12.486793,117,314.622818,True
8.759405,166,316.493938,True
12.564146,116,317.795217,True
12.382664,121,319.183314,True
10.856634,150,320.851466,True
12.14623,139,322.397955,True
12.318233,121,323.807949,True
11.127199,172,325.69651,True
9.867485,159,327.477515,True
11.547053,114,328.772378,True
12.235023,130,330.230773,True
10.935467,146,331.889843,True
12.339279,127,333.345198,True
