seed,variant,tag,q_gate,held_width_rollout_cm,transition_width_reset_cm,h8_held_height_mae_cm,h8_grasp_f1,h8_held_detected,h8_held_targets,h8_false_held,h30_held_height_mae_cm,h30_grasp_f1,action_height_effect_mae_cm,position_height_effect_mae_cm
0,baseline,seed_0,True,3.4254811704158783,0.5973986815661192,2.379842758178711,0.8711943793911007,186,226,15,10.553191184997559,0.4444444444444445,12.08780152457101,14.427982012430826
0,robot,width_robot_seed_0,True,2.6395024731755257,0.4589540418237448,2.051304817199707,0.896551724137931,195,226,14,8.558816909790039,0.75,9.933694022042411,12.21738576889038
0,visual,width_visual_seed_0,True,1.9271889701485634,0.6455680355429649,2.359071731567383,0.8679245283018867,184,226,14,7.621885776519775,0.782608695652174,9.34759793962751,11.524287223815918
1,baseline,seed_1,True,3.2751869410276413,0.6357165519148111,2.898974895477295,0.766304347826087,141,226,1,11.066896438598633,0.125,12.262094906398229,12.638335545857748
1,robot,width_robot_seed_1,True,2.8516599908471107,0.5064163822680712,2.6869473457336426,0.8277634961439588,161,226,2,10.448963165283203,0.4444444444444445,11.737525531223842,13.232228438059488
1,visual,width_visual_seed_1,True,1.9871722906827927,0.6533599458634853,2.7798609733581543,0.82687338501292,160,226,1,8.126137733459473,0.64,9.280644961765834,10.240809281667074
2,baseline,seed_2,False,2.6902813464403152,0.6370604038238525,3.394449472427368,0.6931818181818182,122,226,4,12.472545623779297,0.0,12.789377076285225,13.491306781768799
2,robot,width_robot_seed_2,False,2.3318687453866005,0.43475045822560787,2.8191442489624023,0.7567567567567567,140,226,4,10.887465476989746,0.0,11.300954818725586,13.238548278808594
2,visual,width_visual_seed_2,False,1.8406346440315247,0.6060413550585508,3.0376248359680176,0.7186629526462396,129,226,4,9.393729209899902,0.4444444444444445,9.798198018755231,11.085441748301188
