D_Q_one_step_height_mae_cm,D_Q_one_step_xyz_mae_cm,D_one_step_ee_mae_cm,D_one_step_latent_normalized_mse,Q_actual_observation_held_probability,Q_actual_observation_x,Q_actual_observation_xyz_mae_cm,Q_actual_observation_y,Q_actual_observation_z,Q_observed_supported_reward,action_dx,action_dy,action_dyaw,action_dz,action_gripper,actual_goal_distance_cm,actual_held,actual_lift_cm,actual_object_x,actual_object_y,actual_object_z,best_candidate_score,control_component_goal,control_component_penalties,control_component_progress,control_component_time,control_reward,decision_seconds,guide_score,kept_guide,obstacle_contact,planner_fallback_to_RL_Q,predicted_first_supported_reward,predicted_penalty_sum,predicted_score,step,table_contact,task_success,time_s,true_component_action,true_component_collision,true_component_drop,true_component_fail,true_component_grasp,true_component_lift,true_component_place,true_component_proximity,true_component_reach,true_component_success,true_component_table_hit,true_component_transport,true_original_reward,valid_candidates
0.016760826110839844,0.1817246377468109,0.08798249065876007,0.03248288482427597,8.948439244704787e-06,0.17032340168952942,0.16743093729019165,-0.22455629706382751,0.7726441621780396,0.0006747499108314516,0.9976613521575928,-0.9904202222824097,-7.778406143188477e-05,-0.9869751334190369,1.0,50.14974594116211,False,0.0,0.17367295920848846,-0.22605639696121216,0.7724708914756775,-0.03466842905687707,0.0,-0.007375950813293457,0.017545115053653717,-0.01,0.00016916424036025977,0.3003419400010898,-0.07970273534664471,True,False,False,-0.0005070742918178439,0.0,-0.07970273534664471,1,False,False,0.6000000000000004,-0.7375950813293457,-0.0,0.0,0.0,0.0,0.0,0.0,-0.0,0.03544462643422308,0.0,-0.0,0.0,0.010346362403818084,64
0.03204345703125,0.2023746520280838,0.0932839959859848,0.026503950357437134,3.7379115838120924e-06,0.17233560979366302,0.17797747254371643,-0.2221354842185974,0.772389829158783,-0.014132448732852937,0.9991433620452881,-0.993480920791626,-0.004044771194458008,-0.9906056523323059,1.0,50.14974594116211,False,0.0,0.17367295920848846,-0.22605639696121216,0.7724708914756775,-0.04173321603622904,0.0,-0.007416519522666931,0.003202228546142577,-0.01,-0.014214290976524355,0.36901588900036586,-0.08753550680111503,True,False,False,-0.013815307058393955,0.0,-0.08753550680111503,2,False,False,0.7000000000000005,-0.7416519522666931,-0.0,0.0,0.0,0.0,0.0,0.0,-0.0,0.04227186425852103,0.0,-0.0,0.0,0.013719412606593585,64
0.013548135757446289,0.26021450757980347,0.035099685192108154,0.03419380635023117,6.758833023923216e-06,0.1696050465106964,0.2993057370185852,-0.22129712998867035,0.7726228833198547,-0.012904394268989565,0.9992308616638184,-0.9929494857788086,0.009753823280334473,-0.9911375641822815,1.0,50.14974594116211,False,0.0,0.17367295920848846,-0.22605639696121216,0.7724708914756775,-0.039999820602057264,0.0,-0.007417149543762207,0.0038664299249649044,-0.01,-0.013550719618797303,0.4670639449996088,-0.08298784515539642,True,False,False,-0.012931597419083118,0.0,-0.08298784515539642,3,False,False,0.8000000000000006,-0.7417149543762207,-0.0,0.0,0.0,0.0,0.0,0.0,-0.0,0.0505097680328801,0.0,-0.0,0.0,0.017837734472677842,64
0.023639202117919922,0.2772008180618286,0.04881831258535385,0.03333720564842224,7.028414074738976e-06,0.17554068565368652,0.15534013509750366,-0.22344452142715454,0.7726514935493469,-0.014020140171051024,0.9990637302398682,-0.9916587471961975,0.005037665367126465,-0.9903708696365356,1.0,50.14974594116211,False,0.0,0.17367295920848846,-0.22605639696121216,0.7724708914756775,-0.03730593595806424,0.0,-0.007405937910079956,0.0045398932695388805,-0.01,-0.012866044640541075,0.5099671030002355,-0.07809497910060242,True,False,False,-0.01278668362647295,0.0,-0.07809497910060242,4,False,False,0.9000000000000007,-0.7405937910079956,-0.0,0.0,0.0,0.0,0.0,0.0,-0.0,0.06019149091114284,0.0,-0.0,0.0,0.022689807545491464,64
0.021201372146606445,0.15374919772148132,0.06768110394477844,0.06823541224002838,5.872186648048228e-06,0.17595535516738892,0.16427338123321533,-0.22868187725543976,0.7724912166595459,-0.013151192665100097,0.999173641204834,-0.991786539554596,-0.0015647411346435547,-0.991361677646637,1.0,50.14974594116211,False,0.0,0.17367295920848846,-0.22605639696121216,0.7724708914756775,-0.024226287526242674,0.0,-0.007411972284317017,0.005240451395511624,-0.01,-0.012171520888805394,0.3521969869998429,-0.07077456500944929,True,False,False,-0.01196152064949274,0.0,-0.07077456500944929,5,False,False,1.0000000000000007,-0.7411972284317017,-0.0,0.0,0.0,0.0,0.0,0.0,-0.0,0.07138624816592054,0.0,-0.0,0.0,0.028281151798643253,64
0.02625584602355957,0.08941590785980225,0.11585485190153122,0.059129226952791214,1.1795730642916169e-05,0.176749125123024,0.19990503787994385,-0.22322922945022583,0.772564709186554,-0.010772466659545898,0.998961329460144,-0.9918757677078247,0.002146005630493164,-0.9938563704490662,1.0,50.14974594116211,False,0.0,0.17367295920848846,-0.22605639696121216,0.7724708914756775,-0.01742970270278984,0.0,-0.0074237406253814696,0.005887122452259065,-0.01,-0.011536618173122404,0.36554074000014225,-0.06458122954937905,True,False,False,-0.010860418900847435,0.0,-0.06458122954937905,6,False,False,1.1000000000000008,-0.742374062538147,-0.0,0.0,0.0,0.0,0.0,0.0,-0.0,0.08400050594543651,0.0,-0.0,0.0,0.03457651234733679,64
0.011444091796875,0.15330663323402405,0.06196765974164009,0.060022469609975815,4.296985480323201e-06,0.17805908620357513,0.16869059205055237,-0.2255689650774002,0.7726580500602722,-0.01184681326150894,0.9988322257995605,-0.9917486906051636,-0.008855998516082764,-0.9955701231956482,1.0,50.14974594116211,False,0.0,0.17367295920848846,-0.22605639696121216,0.7724708914756775,-0.011795652526721326,0.0,-0.007431173920631409,0.006366635262966158,-0.01,-0.011064538657665251,0.389835502999631,-0.05845355817624176,True,False,False,-0.011277557350695133,0.0,-0.05845355817624176,7,False,False,1.2000000000000008,-0.7431173920631409,-0.0,0.0,0.0,0.0,0.0,0.0,-0.0,0.09771091448114333,0.0,-0.0,0.0,0.041424283319940254,64
0.05030035972595215,0.26022493839263916,0.022464681416749954,0.05271885544061661,1.0308853234164417e-05,0.1768387109041214,0.1720339059829712,-0.22430533170700073,0.7727150917053223,-0.010017382800579074,0.9984602928161621,-0.9920437932014465,-0.007509946823120117,-0.99587482213974,1.0,50.14974594116211,False,0.0,0.17367295920848846,-0.22605639696121216,0.7724708914756775,-0.007387437448805198,0.0,-0.007432242631912231,0.006873859763145446,-0.01,-0.010558382868766786,0.393579489998956,-0.047987840208205866,True,False,False,-0.009883138351142406,0.0,-0.047987840208205866,8,False,False,1.300000000000001,-0.7432242631912231,-0.0,0.0,0.0,0.0,0.0,0.0,-0.0,0.1125845161868253,0.0,-0.0,0.0,0.04886001546150042,64
0.017839670181274414,0.1831263303756714,0.0314369797706604,0.054537318646907806,3.9475617086282e-06,0.17950387299060822,0.3623262047767639,-0.22167645394802094,0.7731298208236694,-0.00991976290941238,0.9980781078338623,-0.9916520714759827,-0.0052855610847473145,-0.9962161183357239,1.0,50.14974594116211,False,0.0,0.17367295920848846,-0.22605639696121216,0.7724708914756775,0.006746349332799195,0.0,-0.007430019974708557,0.007579349577426911,-0.01,-0.009850670397281647,0.3424607479992119,-0.03807266085820193,True,False,False,-0.009907548315823078,0.0,-0.03807266085820193,9,False,False,1.400000000000001,-0.7430019974708557,-0.0,0.0,0.0,0.0,0.0,0.0,-0.0,0.12903356426050205,0.0,-0.0,0.0,0.05708676215554247,64
0.036966800689697266,0.44759413599967957,0.0410127118229866,0.04833048954606056,3.5665940231410787e-05,0.17595705389976501,0.10047852993011475,-0.22655479609966278,0.7727027535438538,-0.009191843569278723,0.9980931282043457,-0.9907135963439941,-0.002362191677093506,-0.9968479871749878,1.0,50.14974594116211,False,0.0,0.17367295920848846,-0.22605639696121216,0.7724708914756775,0.012444501364429386,0.0,-0.007428537011146545,0.008558905124664312,-0.01,-0.008869631886482234,0.4524950479990366,-0.02732710239810577,True,False,False,-0.009940603747963905,0.0,-0.02732710239810577,10,False,False,1.500000000000001,-0.7428537011146545,-0.0,0.0,0.0,0.0,0.0,0.0,-0.0,0.1476276800115417,0.0,-0.0,0.0,0.0663853029946243,64
0.02676844596862793,0.09580303728580475,0.018130119889974594,0.06346738338470459,4.803589035873301e-06,0.18283024430274963,0.6650457382202148,-0.21562643349170685,0.7728350162506104,-0.007472611963748935,0.9970767498016357,-0.9882936477661133,0.0007306337356567383,-0.9964114427566528,1.0,50.14974594116211,False,0.0,0.17367295920848846,-0.22605639696121216,0.7724708914756775,0.023932621162573154,0.0,-0.007409306764602662,0.009814045131206511,-0.01,-0.0075952616333961505,0.42061220000141475,-0.009106255515346594,True,False,False,-0.0074583906680345535,0.0,-0.009106255515346594,11,False,False,1.6000000000000012,-0.7409306764602661,-0.0,0.0,0.0,0.0,0.0,0.0,-0.0,0.16894515806006483,0.0,-0.0,0.0,0.07706327226542975,64
0.050514936447143555,0.783051073551178,0.02121080830693245,0.057855959981679916,8.772366527409758e-06,0.1808200478553772,0.3956059515476227,-0.22142131626605988,0.7725569009780884,-0.007126656174659736,0.9978095293045044,-0.9833742380142212,-0.006157934665679932,-0.9970880746841431,1.0,50.14974594116211,False,0.0,0.17367295920848846,-0.22605639696121216,0.7724708914756775,0.03102133759371871,0.0,-0.007392178177833557,0.011294434666633602,-0.01,-0.006097743511199956,0.31880227199872024,0.002841227796470019,True,False,False,-0.0071779051795601845,0.0,0.002841227796470019,12,False,False,1.7000000000000013,-0.7392178177833557,-0.0,0.0,0.0,0.0,0.0,0.0,-0.0,0.1934687189736739,0.0,-0.0,0.0,0.0893421813090034,64
0.018292665481567383,0.4889249801635742,0.009894371032714844,0.0586308017373085,1.7149694713225472e-06,0.1793278306722641,0.5150517225265503,-0.2166939377784729,0.7729051113128662,-0.002500066757202145,0.9965925216674805,-0.9752557277679443,-0.008329391479492188,-0.9956742525100708,1.0,50.14974594116211,False,0.0,0.17367295920848846,-0.22605639696121216,0.7724708914756775,0.04072836115919877,0.0,-0.007339392304420472,0.012942369878292087,-0.01,-0.004397022426128385,0.36545103400021617,0.014553667378416811,True,False,False,-0.005716684274375439,0.0,0.014553667378416811,13,False,False,1.8000000000000014,-0.7339392304420471,-0.0,0.0,0.0,0.0,0.0,0.0,-0.0,0.22156919966247934,0.0,-0.0,0.0,0.1034452075268192,64
0.03840327262878418,0.637306809425354,0.045888371765613556,0.06331528723239899,2.8993933938181726e-06,0.17770595848560333,0.26387524604797363,-0.2222537249326706,0.7725514769554138,-0.0035680565237998932,0.996488094329834,-0.9444922208786011,-0.005534470081329346,-0.9934921264648438,1.0,50.14974594116211,False,0.0,0.17367295920848846,-0.22605639696121216,0.7724708914756775,0.056499224269009565,0.0,-0.007180278301239014,0.014735136926174175,-0.01,-0.002445141375064839,0.44853009400139854,0.01326199045992527,True,False,False,-0.005490822251886129,0.0,0.01326199045992527,14,False,False,1.9000000000000015,-0.7180278301239014,-0.0,0.0,0.0,0.0,0.0,0.0,-0.0,0.25357517790581185,0.0,-0.0,0.0,0.11960731065166691,64
0.015914440155029297,0.24425338208675385,0.05046725273132324,0.05397024005651474,2.436601562294527e-06,0.17560628056526184,0.14701783657073975,-0.22366644442081451,0.7725581526756287,0.0004160654544830278,0.9929368495941162,-0.8884808421134949,-0.013587594032287598,-0.9841557741165161,1.0,50.14974594116211,False,0.0,0.17367295920848846,-0.22605639696121216,0.7724708914756775,0.06291565619974049,0.0,-0.006860172152519226,0.01667504578828813,-0.01,-0.0001851263642310974,0.3671674399993208,0.012710217770658729,True,False,False,9.694695108919404e-07,0.0,0.012710217770658729,15,False,False,2.0000000000000013,-0.6860172152519226,-0.0,0.0,0.0,0.0,0.0,0.0,-0.0,0.2898235117564556,0.0,-0.0,0.0,0.13805158372570858,64
0.0019550323486328125,0.2851143479347229,0.058887649327516556,0.058456901460886,3.717318350027199e-06,0.170729398727417,0.09949902445077896,-0.22606180608272552,0.7725068926811218,0.004776313900947569,0.9849224090576172,-0.7347029447555542,-0.013477444648742676,-0.9462496638298035,1.0,50.14974594116211,False,0.0,0.17367295920848846,-0.22605639696121216,0.7724708914756775,0.0761396956124526,0.0,-0.00601357638835907,0.018707511723041526,-0.01,0.002693935334682455,0.3947046800003591,-0.00519968083508591,True,False,False,0.0017914525233209133,0.0,-0.00519968083508591,16,False,False,2.0999999999999903,-0.601357638835907,-0.0,0.0,0.0,0.0,0.0,0.0,-0.0,0.3305440259943423,0.0,-0.0,0.0,0.1592584366088121,64
0.006496906280517578,0.13418397307395935,0.05949388071894646,0.05514091998338699,1.0478447620698716e-06,0.17610977590084076,0.08431822061538696,-0.22608058154582977,0.7725394368171692,0.0026662632822990525,0.9555466175079346,-0.510016679763794,0.001401066780090332,-0.7645848393440247,1.0,50.14974594116211,False,0.0,0.17367295920848846,-0.22605639696121216,0.7724708914756775,0.06542966732382129,0.0,-0.0043944457173347475,0.020261451005935655,-0.01,0.005867005288600907,0.36611720199834963,-0.023566884120917224,True,False,False,0.007300031371414661,0.0,-0.023566884120917224,17,False,False,2.1999999999999793,-0.43944457173347473,-0.0,0.0,0.0,0.0,0.0,0.0,-0.0,0.3748149274461253,0.0,-0.0,0.0,0.18301301800572792,64
0.007647275924682617,0.13680309057235718,0.07031883299350739,0.0646544098854065,7.747715926598175e-07,0.17537444829940796,0.11195441335439682,-0.22465257346630096,0.7727242112159729,0.008882485628128036,0.9494278430938721,-0.39444994926452637,-0.008926808834075928,-0.5843740701675415,1.0,50.14974594116211,False,0.0,0.17367295920848846,-0.22605639696121216,0.7724708914756775,0.0557623904906233,0.0,-0.0034964415431022644,0.021361416280269607,-0.01,0.007864974737167343,0.3372298869999213,-0.05255140144609739,True,False,False,0.006374354474246502,0.0,-0.05255140144609739,18,False,False,2.2999999999999683,-0.34964415431022644,-0.0,0.0,0.0,0.0,0.0,0.0,-0.0,0.4217554785822468,0.0,-0.0,0.0,0.20738129774802114,64
0.03721117973327637,0.23503254354000092,0.05402415990829468,0.06929654628038406,5.374026272875199e-07,0.17701399326324463,0.1709481179714203,-0.22777675092220306,0.7725379467010498,0.006992901563644412,0.9161012172698975,-0.2895040512084961,-0.009097754955291748,-0.4132702350616455,1.0,50.14974594116211,False,0.0,0.17367295920848846,-0.22605639696121216,0.7724708914756775,0.07768504848995422,0.0,-0.002734822630882263,0.021794927716255186,-0.01,0.009060105085372923,0.3084837520000292,-0.03929031708235678,True,False,False,0.008358508348464966,0.0,-0.03929031708235678,19,False,False,2.3999999999999573,-0.2734822630882263,-0.0,0.0,0.0,0.0,0.0,0.0,-0.0,0.47004573668039984,0.0,-0.0,0.0,0.23228804570931766,64
0.011420249938964844,0.14288970828056335,0.06051212549209595,0.08207667618989944,2.95520095505708e-07,0.17896051704883575,0.2325594425201416,-0.22472235560417175,0.772826075553894,0.004988661408424385,0.8555798530578613,-0.29629063606262207,-0.01799076795578003,-0.17262935638427734,1.0,50.14974594116211,False,0.0,0.17367295920848846,-0.22605639696121216,0.7724708914756775,0.07417582187957358,0.0,-0.0021248239278793333,0.017087675929069512,-0.01,0.004962852001190178,0.3478967000010016,-0.0859837252918137,True,False,False,0.004624946974217892,0.0,-0.0859837252918137,20,False,False,2.4999999999999463,-0.21248239278793335,-0.0,0.0,0.0,0.0,0.0,0.0,-0.0,0.509314299908443,0.0,-0.0,0.0,0.2525323260263422,64
0.049489736557006836,0.2945810556411743,0.10141084343194962,0.08322856575250626,5.034617629462446e-07,0.17747312784194946,0.2249300479888916,-0.22836337983608246,0.7731116414070129,-0.001110742986202227,0.7965507507324219,-0.20823848247528076,0.0030057430267333984,0.02526235580444336,1.0,50.14974594116211,False,0.0,0.17367295920848846,-0.22605639696121216,0.7724708914756775,0.05409019526229266,0.0,-0.001696259081363678,0.009210036695003532,-0.01,-0.0024862223863601467,0.34804688500116754,-0.0775622713769792,True,False,False,-0.0003670871374197304,0.0,-0.0775622713769792,21,False,False,2.5999999999999353,-0.1696259081363678,-0.0,0.0,0.0,0.0,0.0,0.0,-0.0,0.533064996925722,0.0,-0.0,0.0,0.2648362393814973,64
0.04283785820007324,0.18397966027259827,0.03457466512918472,0.08257920295000076,1.1484059996291762e-06,0.18035690486431122,0.3872091770172119,-0.221376433968544,0.7727232575416565,-0.011238632127642647,0.5782395601272583,-0.1963430643081665,-0.015124499797821045,0.1561882495880127,1.0,50.14974594116211,False,0.0,0.17367295920848846,-0.22605639696121216,0.7724708914756775,0.061652623437282054,0.0,-0.0009938377887010574,0.0001847465336322629,-0.01,-0.010809091255068794,0.3476701969993883,-0.08694902749849207,True,False,False,-0.009667837992310524,0.0,-0.08694902749849207,22,False,False,2.6999999999999242,-0.09938377887010574,-0.0,0.0,0.0,0.0,0.0,0.0,-0.0,0.5388226346914021,0.0,-0.0,0.0,0.268417479557,64
0.054895877838134766,0.43052682280540466,0.10147789865732193,0.08074557781219482,8.194073188860784e-07,0.1792668104171753,0.2973973751068115,-0.22370405495166779,0.7734466195106506,-0.01321677610278131,0.5134055614471436,-0.022171318531036377,0.09293842315673828,0.1538752317428589,1.0,50.14974594116211,False,0.0,0.17367295920848846,-0.22605639696121216,0.7724708914756775,0.05581420941381325,0.0,-0.0007409799098968506,-0.004987659305334069,-0.01,-0.01572863921523092,0.34786873099983495,-0.04375186184721085,True,False,False,-0.012531169690191746,0.0,-0.04375186184721085,23,False,False,2.7999999999999132,-0.07409799098968506,-0.0,0.0,0.0,0.0,0.0,0.0,-0.0,0.534189348669273,0.0,-0.0,0.0,0.26635369442473966,64
0.052350759506225586,0.343500554561615,0.07601380348205566,0.09544876217842102,2.17085107578896e-06,0.1754181683063507,0.23997575044631958,-0.22144871950149536,0.773317277431488,-0.015808980874717243,0.3034372329711914,-0.01190328598022461,-0.0483054518699646,0.13385462760925293,1.0,50.14974594116211,False,0.0,0.17367295920848846,-0.22605639696121216,0.7724708914756775,0.06703700069257462,0.0,-0.00028116580098867415,-0.006312425583601011,-0.01,-0.016593591384589684,0.31520833899958234,-0.11034918686380475,True,False,False,-0.014734788797795773,0.0,-0.11034918686380475,24,False,False,2.899999999999902,-0.028116580098867416,-0.0,0.0,0.0,0.0,0.0,0.0,-0.0,0.5268326923688844,0.0,-0.0,0.0,0.2631351803834535,64
0.06564855575561523,0.24319787323474884,0.07413674890995026,0.10989556461572647,3.584328851502505e-06,0.17801199853420258,0.23653805255889893,-0.22422519326210022,0.7733967900276184,-0.012967630382627236,0.12775695323944092,0.0072928667068481445,0.005486488342285156,-0.2692577838897705,1.0,50.14974594116211,False,0.0,0.17367295920848846,-0.22605639696121216,0.7724708914756775,0.07555789778479476,0.0,-0.0002222621999680996,-0.0028875905275345115,-0.01,-0.013109852727502612,0.34590019400093297,0.042157724798090615,True,False,False,-0.012319892644882202,0.0,0.042157724798090615,25,False,False,2.999999999999891,-0.02222621999680996,-0.0,0.0,0.0,0.0,0.0,0.0,-0.0,0.5263208046880178,0.0,-0.0,0.0,0.26293814014404077,64
0.0512540340423584,0.24073024094104767,0.030472874641418457,0.12939977645874023,2.588637926237425e-07,0.1769842505455017,0.2416084259748459,-0.22271649539470673,0.7730679512023926,-0.004526666328310942,0.03672516345977783,0.011718034744262695,0.06691944599151611,-0.5996643304824829,1.0,50.14974594116211,False,0.0,0.17367295920848846,-0.22605639696121216,0.7724708914756775,0.08150792283857536,0.0,-0.0009139039367437363,0.006818918585777267,-0.01,-0.004094985350966469,0.37112947999958124,0.06273507991783117,True,False,False,-0.00561932846903801,0.0,0.06273507991783117,26,False,False,3.09999999999988,-0.09139039367437363,-0.0,0.0,0.0,0.0,0.0,0.0,-0.0,0.5454126493934273,0.0,-0.0,0.0,0.2717924207599699,64
0.03973245620727539,0.24691422283649445,0.09161929786205292,0.11571668088436127,3.1035580150273745e-07,0.1734481006860733,0.04051873832941055,-0.22551672160625458,0.7729219198226929,0.0034151537716388745,0.0015900135040283203,0.05000102519989014,0.22622549533843994,-0.8978542685508728,1.0,50.14974594116211,False,0.0,0.17367295920848846,-0.22605639696121216,0.7724708914756775,0.09166128201615277,0.0,-0.0021495571732521057,0.016048322021961214,-0.01,0.0038987648487091085,0.389849013001367,0.08684872404852852,True,False,False,0.004812197294086218,0.0,0.08684872404852852,27,False,False,3.199999999999869,-0.21495571732521057,-0.0,0.0,0.0,0.0,0.0,0.0,-0.0,0.5833426779331707,0.0,-0.0,0.0,0.28952178179333327,64
0.04462599754333496,0.12703338265419006,0.10620355606079102,0.10354571044445038,5.730487941946194e-07,0.17459633946418762,0.17741620540618896,-0.2223220020532608,0.7731356024742126,0.011708292961120591,-0.1027103066444397,-0.0092812180519104,0.10847020149230957,-0.9680163264274597,1.0,50.14974594116211,False,0.0,0.17367295920848846,-0.22605639696121216,0.7724708914756775,0.06914063473269796,0.0,-0.0023986423015594483,0.023225334584712987,-0.01,0.010826692283153538,0.36816562700005306,0.06263188224064994,True,False,False,0.009426696226000786,0.0,0.06263188224064994,28,False,False,3.299999999999858,-0.23986423015594482,-0.0,0.0,0.0,0.0,0.0,0.0,-0.0,0.6361549692765954,0.0,-0.0,0.0,0.31567884233673826,64
0.06079673767089844,0.19357749819755554,0.0729973167181015,0.11713416874408722,6.767494369341875e-07,0.16942960023880005,0.1990094780921936,-0.22502559423446655,0.7731670141220093,0.013018070012330985,-0.07199674844741821,0.014015555381774902,-0.01926332712173462,-0.9692439436912537,1.0,50.14974594116211,False,0.0,0.17367295920848846,-0.22605639696121216,0.7724708914756775,0.6129773946967919,0.0,-0.0023629622161388396,0.02591519966721534,-0.01,0.013552237451076499,0.3649372140007472,0.4479170592227018,True,False,False,0.014406395144760609,0.0,0.4479170592227018,29,False,False,3.399999999999847,-0.23629622161388397,-0.0,0.0,0.0,0.0,0.0,0.0,-0.0,0.694934766264643,0.0,-0.0,0.0,0.34510442091618265,64
0.04801154136657715,0.13957172632217407,0.10520914942026138,0.1351136416196823,1.4169680184750177e-07,0.17540472745895386,0.0795602798461914,-0.22614304721355438,0.7730392813682556,0.014002772346138925,-0.15729403495788574,3.3736228942871094e-05,-0.0587695837020874,-0.9644887447357178,1.0,50.14974594116211,False,0.0,0.17367295920848846,-0.22605639696121216,0.7724708914756775,0.5838826826034066,0.0,-0.0023960845172405244,0.026636381596326808,-0.01,0.014240297079086283,0.4028308739998465,0.4967884107674921,True,False,False,0.01503667701035738,0.0,0.4967884107674921,30,False,False,3.499999999999836,-0.23960845172405243,-0.0,0.0,0.0,0.0,0.0,0.0,-0.0,0.7557651383539611,0.0,-0.0,0.0,0.37548648465974,64
0.059598684310913086,0.07849086821079254,0.08462220430374146,0.10763458162546158,1.4773885936847364e-07,0.17273151874542236,0.13256022334098816,-0.22845739126205444,0.773105263710022,0.013415067568421365,-0.07277172803878784,-0.026835083961486816,-0.1928918957710266,-0.9140223860740662,1.0,50.14974594116211,False,0.0,0.17367295920848846,-0.22605639696121216,0.7724708914756775,0.5532025188670107,0.0,-0.0021966502070426943,0.026234592422842984,-0.01,0.014037942215800289,0.37333015900003375,0.46214837777238205,True,False,False,0.014377225190401077,0.0,0.46214837777238205,31,False,False,3.599999999999825,-0.2196650207042694,-0.0,0.0,0.0,0.0,0.0,0.0,-0.0,0.81639839214377,0.0,-0.0,0.0,0.4060025458648423,64
0.06957650184631348,0.10158916562795639,0.10937601327896118,0.1109825000166893,5.199899888452819e-08,0.17335250973701477,0.30354607105255127,-0.2341780960559845,0.7731351256370544,0.005753878727555275,-0.07980698347091675,-0.05295264720916748,-0.16449451446533203,-0.8073059916496277,1.0,50.14974594116211,False,0.0,0.17367295920848846,-0.22605639696121216,0.7724708914756775,0.5214468727921872,0.0,-0.0017199362814426422,0.023816270753741264,-0.01,0.012096334472298622,0.36717816200143716,0.4992828616564054,True,False,False,0.009600110352039337,0.0,0.4992828616564054,32,False,False,3.699999999999814,-0.17199362814426422,-0.0,0.0,0.0,0.0,0.0,0.0,-0.0,0.8727584335162124,0.0,-0.0,0.0,0.4346592804766636,64
0.053876638412475586,0.24372637271881104,0.08572538197040558,0.1332959681749344,3.4693488260018057e-07,0.17300663888454437,0.32334625720977783,-0.2185777723789215,0.7740263342857361,0.018700880147516724,-0.06689655780792236,-0.08381593227386475,-0.17543470859527588,-0.5878437757492065,1.0,50.14974594116211,False,0.0,0.17367295920848846,-0.22605639696121216,0.7724708914756775,0.501056509878026,0.0,-0.0009695947915315628,0.01781159497797491,-0.01,0.006842000186443346,0.3681061930001306,0.4988180161887749,True,False,False,0.004086747765541077,0.0,0.4988180161887749,33,False,False,3.799999999999803,-0.09695947915315628,-0.0,0.0,0.0,0.0,0.0,0.0,-0.0,0.9175573111643407,0.0,-0.0,0.0,0.45780906079063877,64
0.09704828262329102,0.24666984379291534,0.0848039984703064,0.11313706636428833,1.603584536269409e-07,0.17225167155265808,0.2893413305282593,-0.2197335958480835,0.7734070420265198,-0.0010368455387651768,0.12645041942596436,0.04268205165863037,0.05595517158508301,-0.31805533170700073,1.0,50.14974594116211,False,0.0,0.17367295920848846,-0.22605639696121216,0.7724708914756775,0.4688686445822085,0.0,-0.0003052541054785252,0.00867828199639914,-0.01,-0.0016269721090793857,0.3749063390005176,0.46479718640609957,True,False,False,-0.006920594722032547,0.0,0.46479718640609957,34,False,False,3.899999999999792,-0.030525410547852516,-0.0,0.0,0.0,0.0,0.0,0.0,-0.0,0.9443573513757704,0.0,-0.0,0.0,0.47187342158240664,64
0.08129477500915527,0.12490252405405045,0.07518132030963898,0.12216483056545258,1.4340483289743133e-07,0.1671861708164215,0.276943564414978,-0.22561204433441162,0.7738480567932129,-0.008773345979861895,0.13586711883544922,0.0183866024017334,0.015609145164489746,-0.026567459106445312,0.9999911785125732,50.14974594116211,False,0.0,0.17367295920848846,-0.22605639696121216,0.7724708914756775,0.4538068374507897,0.0,-4.936853889375925e-05,0.0009369887039065161,-0.01,-0.009112379834987243,0.384483198999078,0.4491410190221192,True,False,False,-0.011841665022075176,0.0,0.4491410190221192,35,False,False,3.999999999999781,-0.004936853889375925,-0.0,0.0,0.0,0.0,0.0,0.0,-0.0,0.9557892978195304,0.0,-0.0,0.0,0.47784528037087143,64
0.1968860626220703,0.21837849915027618,0.11648932844400406,0.12251947820186615,0.7712973356246948,0.16569654643535614,0.3955652415752411,-0.21682153642177582,0.773761510848999,0.3925615287581141,-0.002736508846282959,0.00015485286712646484,-0.14112627506256104,0.2630263566970825,-0.9999916553497314,50.026084899902344,True,0.12567639350891113,0.16885098814964294,-0.2255001962184906,0.7737276554107666,0.44737309413316323,0.0,-0.00022276749834418297,0.4044984910405426,-0.01,0.3942757235421984,0.39209604899951955,0.44189699217510886,True,False,False,0.4096280038356781,0.0,0.44189699217510886,36,False,False,4.0999999999997705,-0.022276749834418297,-0.0,0.0,0.0,1.0,0.5931909246191358,0.0,-0.0,0.0,0.0,-0.0,0.09471044570032405,0.8910831405115478,64
0.13256072998046875,0.20304669439792633,0.056871771812438965,0.13593953847885132,0.9997771382331848,0.16948245465755463,0.2419878989458084,-0.22325383126735687,0.7832539081573486,0.09390581150931028,-0.012301445007324219,0.06723546981811523,-0.083523690700531,0.5514521598815918,-0.9999999403953552,49.96882247924805,True,0.6247639656066895,0.1684781312942505,-0.22497376799583435,0.7787185311317444,0.03628001606279578,0.0,-0.0007893690466880799,0.05315639370668679,-0.01,0.04236702465999871,0.33797259499988286,0.032853358254684537,True,False,False,0.021846186369657516,0.0,0.032853358254684537,37,False,False,4.1999999999997595,-0.07893690466880798,-0.0,0.0,0.0,1.0,0.7179637783082976,0.0,-0.0,0.0,0.0,-0.0,0.09502092965397158,0.9532134497614323,64
0.2927064895629883,0.16666850447654724,0.030804673209786415,0.15666727721691132,0.9999698400497437,0.17329570651054382,0.2513105869293213,-0.22264347970485687,0.7878227233886719,0.03409195705332614,-0.008249461650848389,-0.019884884357452393,-0.04722970724105835,0.9707915782928467,-1.0,49.879600524902344,True,1.594853401184082,0.16786696016788483,-0.22415734827518463,0.7884194254875183,-0.0814928347419231,0.0,-0.002362826019525528,0.11098937148042864,-0.01,0.09862654546090312,0.3730274739991728,-0.08723488078633501,True,False,False,0.06078975647687912,0.0,-0.08723488078633501,38,False,False,4.2999999999997485,-0.2362826019525528,-0.0,0.0,0.0,1.0,0.9604849270683724,0.0,-0.0,0.0,0.0,-0.0,0.09550662112669206,1.0733862586413527,64
0.15369653701782227,0.2779121398925781,0.05256086587905884,0.11491824686527252,0.9999901056289673,0.16894781589508057,0.26960474252700806,-0.220785990357399,0.7989158630371094,0.0051244178258611495,-0.02778935432434082,-0.023401200771331787,0.012392163276672363,0.9944562911987305,-1.0,49.87606430053711,True,2.952927350997925,0.16735036671161652,-0.22419238090515137,0.8020001649856567,-0.13191508630416904,0.0,-0.002476041913032532,0.008821211510224636,-0.01,-0.0036548304028078964,0.3771731569995609,-0.13533911695574075,True,False,False,0.003998982720077038,0.0,-0.13533911695574075,39,False,False,4.3999999999997375,-0.24760419130325317,-0.0,0.0,0.0,1.0,1.0,0.0,-0.0,0.0,0.0,-0.0,0.09552588746970847,1.093049845556676,64
0.1125335693359375,0.2530510425567627,0.09098301827907562,0.12251725792884827,0.9985122084617615,0.16929733753204346,0.9893472194671631,-0.20759330689907074,0.8056117296218872,-0.016025619124659548,-0.011921703815460205,0.002142786979675293,0.045269012451171875,0.9911856651306152,-1.0,49.86379623413086,True,4.353279113769531,0.16658751666545868,-0.2241719514131546,0.816003680229187,-0.1534091077506326,0.0,-0.002461612522602081,-0.01088895754000574,-0.01,-0.02335057006260782,0.3774304739999934,-0.1587537445351851,True,False,False,-0.02194267511367798,0.0,-0.1587537445351851,40,False,False,4.499999999999726,-0.24616125226020813,-0.0,0.0,0.0,1.0,1.0,0.0,-0.0,0.0,0.0,-0.0,0.0955928715051092,1.093131258982507,64
1.1362195014953613,0.655520498752594,0.051983196288347244,0.11977170407772064,0.9999659061431885,0.1688428819179535,0.5728378891944885,-0.2126002013683319,0.8255122900009155,-0.025941994184245108,0.02290356159210205,0.19689059257507324,0.06769454479217529,0.8805873394012451,-1.0,49.75041198730469,True,5.70041561126709,0.16611212491989136,-0.22309182584285736,0.8294750452041626,-0.156734231774674,0.0,-0.002048267722129822,-0.01034098221530777,-0.01,-0.022389249937437593,0.37192410900024697,-0.1638972602147471,True,False,False,-0.028721854090690613,0.0,-0.1638972602147471,41,False,False,4.599999999999715,-0.20482677221298218,-0.0,0.0,0.0,1.0,1.0,0.0,-0.0,0.0,0.0,-0.0,0.09621400969097471,1.0941657419688449,64
0.24175643920898438,0.5231356024742126,0.11776834726333618,0.1269649863243103,0.999982476234436,0.16896745562553406,0.33989596366882324,-0.21779242157936096,0.8362898230552673,-0.02488319522121543,0.021575927734375,0.09267294406890869,0.028374671936035156,0.6060948371887207,-1.0,49.52381134033203,True,6.819361686706543,0.16615277528762817,-0.22079993784427643,0.8406645059585571,-0.13702838969816916,0.0,-0.000943024680018425,-0.00972180048920901,-0.01,-0.020664825169227435,0.380572605999987,-0.14513638328906067,True,False,False,-0.020835861563682556,0.0,-0.14513638328906067,42,False,False,4.699999999999704,-0.0943024680018425,-0.0,0.0,0.0,1.0,1.0,0.0,-0.0,0.0,0.0,-0.0,0.09746690878899011,1.0965238841089717,64
0.5800902843475342,0.3065750002861023,0.033736228942871094,0.13562798500061035,0.9999115467071533,0.16673995554447174,0.476955384016037,-0.20619618892669678,0.848592221736908,-0.014676593108292986,-0.009046494960784912,0.015570640563964844,0.0052721500396728516,0.441570520401001,-0.9999999403953552,49.40475845336914,True,7.619124412536621,0.1659332811832428,-0.2196282595396042,0.8486621379852295,-0.13419286466479224,0.0,-0.0004883414879441262,-0.01031687280376925,-0.01,-0.020805214291713378,0.374336383998525,-0.14155475208275708,True,False,False,-0.022335110232234,0.0,-0.14155475208275708,43,False,False,4.799999999999693,-0.04883414879441261,-0.0,0.0,0.0,1.0,1.0,0.0,-0.0,0.0,0.0,-0.0,0.09813131884390913,1.097642977355965,64
0.05532503128051758,0.3202010989189148,0.05587140843272209,0.12562502920627594,0.9999650716781616,0.1671537458896637,0.5381032824516296,-0.2102801501750946,0.8481162190437317,-0.02380084204902981,0.04997110366821289,0.15196239948272705,-0.060422539710998535,0.3195449113845825,-1.0,49.30424499511719,True,8.203339576721191,0.16575641930103302,-0.2186378538608551,0.8545042872428894,-0.12972281105051403,0.0,-0.00032837379723787307,-0.010422661857975024,-0.01,-0.0207510356552129,0.321564682000826,-0.13943688466357973,True,False,False,-0.02346951700747013,0.0,-0.13943688466357973,44,False,False,4.899999999999682,-0.03283737972378731,-0.0,0.0,0.0,1.0,1.0,0.0,-0.0,0.0,0.0,-0.0,0.09869563751754906,1.0983672637203112,64
0.4435718059539795,0.19774635136127472,0.13018301129341125,0.1135697215795517,0.9999922513961792,0.16640549898147583,0.5301764011383057,-0.20864437520503998,0.8667396903038025,-0.021556964566810326,-0.37131428718566895,0.6435441970825195,0.020042896270751953,0.2452542781829834,-1.0,48.823368072509766,True,8.642864227294922,0.1637497842311859,-0.21405379474163055,0.8588995337486267,-0.11460909946097073,0.0,-0.0015314370393753052,-0.008271801005026003,-0.01,-0.01980323804440131,0.37260831099956704,-0.12657675001145932,True,False,False,-0.02372491918504238,0.0,-0.12657675001145932,45,False,False,4.999999999999671,-0.15314370393753052,-0.0,0.0,0.0,1.0,1.0,0.0,-0.0,0.0,0.0,-0.0,0.101438214599881,1.0999067775605056,64
0.785595178604126,0.4410679042339325,0.12334386259317398,0.12328921258449554,0.999890923500061,0.15796279907226562,0.5354007482528687,-0.19362661242485046,0.8666831254959106,-0.013374844140231809,-0.3712812662124634,0.8067935705184937,-0.17134547233581543,0.1974104642868042,-1.0,47.82113265991211,True,8.980965614318848,0.15864740312099457,-0.20460145175457,0.862280547618866,-0.10431101159661518,0.0,-0.0021427395939826966,-0.005124404897470125,-0.01,-0.01726714449145282,0.3672289030000684,-0.11542168242118138,True,False,False,-0.01890142820775509,0.0,-0.11542168242118138,46,False,False,5.09999999999966,-0.21427395939826965,-0.0,0.0,0.0,1.0,1.0,0.0,-0.0,0.0,0.0,-0.0,0.10738767800492854,1.105244938410946,64
0.7521510124206543,0.5682429075241089,0.13105422258377075,0.11811193823814392,0.9999649524688721,0.15567995607852936,0.42959997057914734,-0.18890979886054993,0.8709257245063782,-0.0206749613027731,-0.4526869058609009,0.9205242395401001,-0.12408822774887085,0.1789109706878662,-1.0,46.5857048034668,True,9.263688087463379,0.15258032083511353,-0.19288021326065063,0.8651077747344971,-0.08533858410364066,0.0,-0.0027492433786392213,-0.0033649452777249067,-0.01,-0.016114188656364128,0.362884906000545,-0.10035852657026384,True,False,False,-0.01685795746743679,0.0,-0.10035852657026384,47,False,False,5.199999999999649,-0.2749243378639221,-0.0,0.0,0.0,1.0,1.0,0.0,-0.0,0.0,0.0,-0.0,0.11517448960282606,1.1124252462241868,64
0.7956862449645996,0.4609525203704834,0.11621365696191788,0.11124788969755173,0.99998939037323,0.1460411548614502,0.2561817765235901,-0.1783517450094223,0.8719125986099243,-0.016776619820765105,-0.6433725953102112,0.9797224998474121,-0.035905420780181885,-0.011603057384490967,-1.0,45.207672119140625,True,9.437084197998047,0.14491482079029083,-0.17983999848365784,0.866841733455658,-0.09009772055078019,0.0,-0.003438020646572113,-0.00193514403381978,-0.01,-0.015373164680391894,0.3879104160005227,-0.1087154932684523,True,False,False,-0.018429359421133995,0.0,-0.1087154932684523,48,False,False,5.299999999999638,-0.3438020646572113,-0.0,0.0,0.0,1.0,1.0,0.0,-0.0,0.0,0.0,-0.0,0.12448417786507271,1.1210461572185006,64
0.8244335651397705,0.45944997668266296,0.11056909710168839,0.13931185007095337,0.999996542930603,0.13799186050891876,0.7108936309814453,-0.15850898623466492,0.8783127665519714,-0.010020683018089907,-0.753557562828064,0.9938827753067017,-0.019411802291870117,-0.03132212162017822,-1.0,43.77808380126953,True,9.483247756958008,0.13550423085689545,-0.16633877158164978,0.8673033714294434,-0.0834264719891287,0.0,-0.003892524540424347,-0.0009517262736564724,-0.01,-0.01484425081408082,0.367111104000287,-0.0972030140123914,True,False,False,-0.01830657385289669,0.0,-0.0972030140123914,49,False,False,5.399999999999627,-0.3892524540424347,-0.0,0.0,0.0,1.0,1.0,0.0,-0.0,0.0,0.0,-0.0,0.13488126278214463,1.1309887382417203,64
1.0236144065856934,0.5620056986808777,0.03371039777994156,0.13300426304340363,0.9999793767929077,0.13084407150745392,0.416977196931839,-0.15199552476406097,0.8769579529762268,-0.019121959437626755,-0.5639168620109558,0.9853165149688721,-0.12638390064239502,0.1367335319519043,-1.0,42.39497375488281,True,9.677803039550781,0.12712907791137695,-0.15308082103729248,0.8692489266395569,-0.062206164502735264,0.0,-0.0033087992668151857,-0.0006363443210501973,-0.01,-0.013945143587865383,0.2825538159995631,-0.08451705392586467,True,False,False,-0.014969139359891415,0.0,-0.08451705392586467,50,False,False,5.499999999999616,-0.33087992668151855,-0.0,0.0,0.0,1.0,1.0,0.0,-0.0,0.0,0.0,-0.0,0.1457019631136316,1.1423931638468163,64
0.48082470893859863,0.1982184797525406,0.12718191742897034,0.1263062059879303,0.9999909400939941,0.12016795575618744,0.6613103151321411,-0.1267126202583313,0.8768569231033325,-0.0021557006181324124,-0.4687371850013733,0.9875456094741821,-0.05208772420883179,0.00222623348236084,-1.0,40.9927978515625,True,9.81287956237793,0.1193445548415184,-0.13947129249572754,0.8705996870994568,-0.06078363887260021,0.0,-0.0029941973090171813,0.00020657301983595389,-0.01,-0.012787624289181228,0.36723715500011167,-0.07475555418521594,True,False,False,-0.012593358755111694,0.0,-0.07475555418521594,51,False,False,5.599999999999605,-0.29941973090171814,-0.0,0.0,0.0,1.0,1.0,0.0,-0.0,0.0,0.0,-0.0,0.15748335298217442,1.1544891556731571,64
0.4791676998138428,0.40552788972854614,0.04518330097198486,0.13073794543743134,0.9999741315841675,0.11221863329410553,0.30058351159095764,-0.11934687197208405,0.8728270530700684,-0.017286090065664207,-0.3591569662094116,0.9931212663650513,-0.042802512645721436,-0.022495388984680176,-1.0,39.59561538696289,True,9.82491397857666,0.11272437125444412,-0.12575161457061768,0.8707200288772583,-0.05133926794604787,0.0,-0.00279405415058136,0.0008991934430160331,-0.01,-0.011894860707565328,0.3260203600002569,-0.06970853000577201,True,False,False,-0.016914648935198784,0.0,-0.06970853000577201,52,False,False,5.699999999999594,-0.279405415058136,-0.0,0.0,0.0,1.0,1.0,0.0,-0.0,0.0,0.0,-0.0,0.17008340724463455,1.1672893530940531,64
0.19904375076293945,0.1579470932483673,0.06633426249027252,0.12349334359169006,0.9999886751174927,0.10716136544942856,0.40193846821784973,-0.10460595041513443,0.8744436502456665,-0.009635497767316795,-0.2080174684524536,0.9950132369995117,-0.029082894325256348,-0.03903555870056152,-1.0,38.20492172241211,True,9.80120849609375,0.10789722204208374,-0.11196757853031158,0.8704829812049866,-0.0338917564777583,0.0,-0.002589230239391327,0.0016075001281712353,-0.01,-0.010981730111220092,0.3669277580011112,-0.05604641146391983,True,False,False,-0.014574355445802212,0.0,-0.05604641146391983,53,False,False,5.799999999999583,-0.2589230239391327,-0.0,0.0,0.0,1.0,1.0,0.0,-0.0,0.0,0.0,-0.0,0.1835261564563131,1.1809369262169218,64
0.39334893226623535,0.4512970745563507,0.04651099443435669,0.11094263941049576,0.9999649524688721,0.10459059476852417,0.34318044781684875,-0.08961806446313858,0.8714857697486877,-0.008422350840564592,-0.09183931350708008,0.9955377578735352,-0.04210352897644043,-0.04236865043640137,-1.0,36.81618118286133,True,9.761465072631836,0.10497568547725677,-0.09812815487384796,0.8700855374336243,-0.023982044430658763,0.0,-0.0025077444314956666,0.002390505821266098,-0.01,-0.010117238610229569,0.3692650409993803,-0.05101608169551143,True,False,False,-0.009180674329400063,0.0,-0.05101608169551143,54,False,False,5.899999999999572,-0.25077444314956665,-0.0,0.0,0.0,1.0,1.0,0.0,-0.0,0.0,0.0,-0.0,0.19789561251087795,1.1953878680793824,64
0.1786947250366211,0.33886629343032837,0.037177152931690216,0.12383660674095154,0.999932050704956,0.10067971050739288,0.6015494465827942,-0.07134592533111572,0.872050940990448,-0.003474707612802881,-0.031539320945739746,0.9960696697235107,-0.029464900493621826,-0.04149901866912842,-1.0,35.42633056640625,True,9.718918800354004,0.10343462228775024,-0.08424663543701172,0.8696600794792175,0.010307611397520521,0.0,-0.002489349693059921,0.0032423866109883015,-0.01,-0.00924696308207162,0.36732466200010094,-0.029193984516954246,True,False,False,-0.010319449007511139,0.0,-0.029193984516954246,55,False,False,5.999999999999561,-0.24893496930599213,-0.0,0.0,0.0,1.0,1.0,0.0,-0.0,0.0,0.0,-0.0,0.21327071407570508,1.210781364382645,64
0.08203983306884766,0.4596559703350067,0.03546327352523804,0.1517995297908783,0.9999855756759644,0.1014934629201889,0.1928774118423462,-0.06651781499385834,0.8698922991752625,-0.018909933476117795,0.012714624404907227,0.9964585304260254,-0.017922639846801758,-0.0556483268737793,-1.0,34.034889221191406,True,9.669608116149902,0.10273433476686478,-0.0703379362821579,0.8691669702529907,0.016046131774133523,0.0,-0.002491272985935211,0.004139718992301367,-0.01,-0.008351553993633845,0.36519349399895873,-0.027821149442414733,True,False,False,-0.011778322979807854,0.0,-0.027821149442414733,56,False,False,6.09999999999955,-0.24912729859352112,-0.0,0.0,0.0,1.0,1.0,0.0,-0.0,0.0,0.0,-0.0,0.22970745308091212,1.227216180094977,64
0.009757280349731445,0.1994979828596115,0.03244566172361374,0.11524614691734314,0.999958872795105,0.10005756467580795,0.6844421625137329,-0.040825799107551575,0.8712801933288574,0.008654947219885106,-0.02039361000061035,0.9966528415679932,-0.03556668758392334,-0.061643004417419434,-1.0,32.64220428466797,True,9.606515884399414,0.10225825756788254,-0.05641423165798187,0.8685360550880432,0.01644316676292336,0.0,-0.002496994137763977,0.005071965663393296,-0.01,-0.007425028474370681,0.3697970869998244,-0.022544331042120287,True,False,False,-0.007273078430444002,0.0,-0.022544331042120287,57,False,False,6.199999999999539,-0.2496994137763977,-0.0,0.0,0.0,1.0,1.0,0.0,-0.0,0.0,0.0,-0.0,0.24725195494187913,1.244754960804115,64
0.2886950969696045,0.6674908399581909,0.034276023507118225,0.09221403300762177,0.9999356269836426,0.09970751404762268,0.45889899134635925,-0.034237924963235855,0.871181309223175,-0.015957464487086945,0.033788204193115234,0.9969336986541748,-0.0017798542976379395,-0.05901426076889038,-1.0,31.249996185302734,True,9.537088394165039,0.1018785759806633,-0.04249430447816849,0.8678417801856995,0.030530717203909555,0.0,-0.002496260851621628,0.006017269472715192,-0.01,-0.006478991378906436,0.4028004539995891,-0.012693156753718102,True,False,False,-0.006601273547858,0.0,-0.012693156753718102,58,False,False,6.299999999999528,-0.24962608516216278,-0.0,0.0,0.0,1.0,1.0,0.0,-0.0,0.0,0.0,-0.0,0.2659285485386397,1.263432287687018,64
0.30982494354248047,0.38576918840408325,0.028618983924388885,0.09797751158475876,0.9999388456344604,0.09981244802474976,0.5793643593788147,-0.020052779465913773,0.8740756511688232,-0.00450119565696971,0.022687077522277832,0.9965665340423584,-0.03481912612915039,-0.05013054609298706,-1.0,29.85745620727539,True,9.474486351013184,0.10181724280118942,-0.028569016605615616,0.8672157526016235,0.03746405381463262,0.0,-0.002493462413549423,0.007004290277483616,-0.01,-0.0054891721360658076,0.3286370160003571,0.0006912204755362703,True,False,False,-0.007928297854959965,0.0,0.0006912204755362703,59,False,False,6.399999999999517,-0.24934624135494232,-0.0,0.0,0.0,1.0,1.0,0.0,-0.0,0.0,0.0,-0.0,0.28579074782631864,1.283297285412769,64
0.5141615867614746,0.4896465241909027,0.018948130309581757,0.10898667573928833,0.9998538494110107,0.09949378669261932,0.6019813418388367,-0.002583179622888565,0.8703694343566895,0.001854383779642363,0.044768691062927246,0.9961104393005371,-0.048051536083221436,-0.03716576099395752,-1.0,28.46587562561035,True,9.424906730651855,0.10183408111333847,-0.014652851037681103,0.8667199611663818,0.037525470774734684,0.0,-0.0024948261678218843,0.007999625347928419,-0.01,-0.004495200819893466,0.3365746500003297,-0.007427409136614641,True,False,False,-0.005974559113383293,0.0,-0.007427409136614641,60,False,False,6.499999999999506,-0.24948261678218842,-0.0,0.0,0.0,1.0,1.0,0.0,-0.0,0.0,0.0,-0.0,0.3068589340071023,1.3043641078392805,64
0.23796558380126953,0.582192063331604,0.06335531175136566,0.11944440752267838,0.9999089241027832,0.09961393475532532,0.37891462445259094,0.0024895593523979187,0.8720777034759521,-0.017443539224576057,0.054138779640197754,0.9963412284851074,-0.01969742774963379,-0.0277864933013916,-1.0,27.07425880432129,True,9.391159057617188,0.10206186026334763,-0.0007347296923398972,0.8663824796676636,0.05192100978476005,0.0,-0.0024919673800468446,0.009031857527696419,-0.01,-0.003460109852350426,0.37008282100032375,0.018401592654877872,True,False,False,-0.0014003340620547533,0.0,0.018401592654877872,61,False,False,6.599999999999495,-0.24919673800468445,-0.0,0.0,0.0,1.0,1.0,0.0,-0.0,0.0,0.0,-0.0,0.3291826410283467,1.3266906736483,64
0.5537569522857666,0.4479251205921173,0.02331261709332466,0.11347174644470215,0.9996260404586792,0.09949575364589691,0.3612927496433258,0.019744310528039932,0.8677021265029907,0.0037100643790853914,0.02074301242828369,0.9956884384155273,-0.054163992404937744,-0.026991605758666992,-1.0,25.68332862854004,True,9.366941452026367,0.1022045761346817,0.013176171109080315,0.8661403059959412,0.038349867152594926,0.0,-0.002488720118999481,0.010069569204344209,-0.01,-0.0024191509146552726,0.3755159550000826,0.007577496351647324,True,False,False,0.0015102885663509369,0.0,0.007577496351647324,62,False,False,6.699999999999484,-0.24887201189994812,-0.0,0.0,0.0,1.0,1.0,0.0,-0.0,0.0,0.0,-0.0,0.3527799762571441,1.3502912561381446,64
0.17538070678710938,0.3416423499584198,0.0393698588013649,0.10869187116622925,0.9991838335990906,0.09959740936756134,0.7202587723731995,0.042579393833875656,0.8695278167724609,0.01606338946524695,0.02029097080230713,0.9961564540863037,-0.026782691478729248,-0.0251467227935791,-1.0,24.293006896972656,True,9.344315528869629,0.10209095478057861,0.02707894705235958,0.8659140467643738,0.04486589206547544,0.0,-0.0024852228164672853,0.01111860607611681,-0.01,-0.0013666167403504751,0.3577386859997205,0.0252863286882348,True,False,False,-0.0022520895581692457,0.0,0.0252863286882348,63,False,False,6.799999999999473,-0.24852228164672852,-0.0,0.0,0.0,1.0,1.0,0.0,-0.0,0.0,0.0,-0.0,0.37767537935836926,1.375190156541902,64
0.2999246120452881,0.4142822325229645,0.03746362775564194,0.09527480602264404,0.998427152633667,0.0984121561050415,1.000305414199829,0.06051254644989967,0.8723652362823486,0.009059309181060283,0.06548857688903809,0.9962079524993896,0.008296012878417969,-0.03045046329498291,-1.0,22.901939392089844,True,9.319681167602539,0.10220243781805038,0.040991201996803284,0.8656677007675171,0.014328224700179176,0.0,-0.0024942876398563385,0.01219672371994207,-0.01,-0.00029756391991426785,0.29117516800033627,0.006354330090691269,True,False,False,-0.01676368899643421,0.0,0.006354330090691269,64,False,False,6.899999999999462,-0.24942876398563385,-0.0,0.0,0.0,1.0,1.0,0.0,-0.0,0.0,0.0,-0.0,0.4039112095576153,1.401416921917759,64
0.654059648513794,0.8257408738136292,0.04240088164806366,0.10838419198989868,0.9990741014480591,0.09964799880981445,1.025278091430664,0.07421399652957916,0.8738782405853271,0.0017866322835863265,0.09758114814758301,0.9960601329803467,0.01130831241607666,0.011780023574829102,-1.0,21.512287139892578,True,9.311288833618164,0.10279317200183868,0.05489528924226761,0.8655837774276733,0.027330376189832972,0.0,-0.0025048112869262697,0.013230379698424999,-0.01,0.000725568411498729,0.39564045299994177,0.02213114087192588,True,False,False,-0.008897370658814907,0.0,0.02213114087192588,65,False,False,6.999999999999451,-0.25048112869262695,-0.0,0.0,0.0,1.0,1.0,0.0,-0.0,0.0,0.0,-0.0,0.4314561622730928,1.4289513509861664,64
0.5474984645843506,0.6903668642044067,0.05368267372250557,0.10620348155498505,0.9987823367118835,0.09923060983419418,0.458224356174469,0.07607777416706085,0.8681461215019226,-0.023236664696102603,0.10517168045043945,0.9949624538421631,-0.005784869194030762,0.07857990264892578,-1.0,20.12553596496582,True,9.370624542236328,0.10370942205190659,0.06877883523702621,0.8661771416664124,0.028810776693609937,0.0,-0.00251804918050766,0.014217131898348612,-0.01,0.0016990827178409514,0.3007025879996945,0.020279160622523603,True,False,False,-0.014561912044882774,0.0,0.020279160622523603,66,False,False,7.09999999999944,-0.251804918050766,-0.0,0.0,0.0,1.0,1.0,0.0,-0.0,0.0,0.0,-0.0,0.4602760057740958,1.457757956593588,64
0.2876579761505127,0.4418889582157135,0.01642853021621704,0.09767386317253113,0.9995943903923035,0.09938544780015945,0.5855791568756104,0.09223569929599762,0.8704304099082947,0.008420998799686732,0.045603036880493164,0.9940115213394165,-0.05933201313018799,0.10739469528198242,-1.0,18.741769790649414,True,9.503805160522461,0.10443035513162613,0.08263469487428665,0.8675089478492737,0.07271487007454516,0.0,-0.0025129812955856324,0.01517322911066743,-0.01,0.0026602478150817973,0.2811549530015327,0.05984954347738254,True,False,False,-0.0008648246293887496,0.0,0.05984954347738254,67,False,False,7.199999999999429,-0.25129812955856323,-0.0,0.0,0.0,1.0,1.0,0.0,-0.0,0.0,0.0,-0.0,0.4903528201100219,1.4878398388144363,64
0.2617001533508301,0.5666812658309937,0.054778654128313065,0.10384434461593628,0.9997594952583313,0.09932753443717957,0.39180243015289307,0.10219216346740723,0.8684770464897156,-0.0047794994671454035,0.03932154178619385,0.994304895401001,-0.034431636333465576,0.12212145328521729,-1.0,17.35770034790039,True,9.672385215759277,0.10465724021196365,0.09648549556732178,0.869194746017456,0.10599524366276179,0.0,-0.002515718936920166,0.01616584136261867,-0.01,0.003650122425698505,0.28127953600051114,0.08129563897745457,True,False,False,0.004050125367939472,0.0,0.08129563897745457,68,False,False,7.299999999999418,-0.2515718936920166,-0.0,0.0,0.0,1.0,1.0,0.0,-0.0,0.0,0.0,-0.0,0.5217360164098057,1.5192202974728855,64
0.04425048828125,0.34451979398727417,0.041031092405319214,0.09911218285560608,0.9996046423912048,0.09936469793319702,0.5603507161140442,0.11953425407409668,0.8687969446182251,0.01346636202310588,0.027631163597106934,0.994931697845459,-0.03955507278442383,0.12944936752319336,-1.0,15.973784446716309,True,9.859156608581543,0.10470698773860931,0.11033153533935547,0.8710624575614929,0.1046374959655705,0.0,-0.002522435784339905,0.017106638382437866,-0.01,0.004584202598097961,0.2826080400009232,0.05966004813117138,True,False,False,0.002924226690083742,0.0,0.05966004813117138,69,False,False,7.399999999999407,-0.2522435784339905,-0.0,0.0,0.0,1.0,1.0,0.0,-0.0,0.0,0.0,-0.0,0.5543865030374089,1.551864067253069,64
0.029343366622924805,0.5557196736335754,0.04701489955186844,0.10327102988958359,0.9998358488082886,0.09987570345401764,0.31809237599372864,0.12671475112438202,0.8707303404808044,-0.010611531124908922,0.03903555870056152,0.995720386505127,-0.006217837333679199,0.11007082462310791,-1.0,14.5877685546875,True,10.043144226074219,0.10473077744245529,0.1241990476846695,0.8729023337364197,0.10591766002105396,0.0,-0.0025128427147865294,0.018049753403106106,-0.01,0.005536910688319576,0.28385413000069093,0.05742850310431824,True,False,False,0.011437805369496346,0.0,0.05742850310431824,70,False,False,7.499999999999396,-0.25128427147865295,-0.0,0.0,0.0,1.0,1.0,0.0,-0.0,0.0,0.0,-0.0,0.5883194336596997,1.5858065909449133,64
0.2278149127960205,0.27769458293914795,0.02170180156826973,0.11089692264795303,0.9996452331542969,0.09902280569076538,0.4882300794124603,0.14262208342552185,0.8698079586029053,0.011794313506709377,0.009454607963562012,0.9955335855484009,-0.02707493305206299,0.038045644760131836,-1.0,13.20042896270752,True,10.176187515258789,0.10470232367515564,0.13807950913906097,0.8742327690124512,0.09062409972188973,0.0,-0.002483392804861069,0.01891363593826889,-0.01,0.006430243133407822,0.3118245290006598,0.049176470096188946,True,False,False,0.0029599436093121767,0.0,0.049176470096188946,71,False,False,7.599999999999385,-0.24833928048610687,-0.0,0.0,0.0,1.0,1.0,0.0,-0.0,0.0,0.0,-0.0,0.62346778497107,1.620984392166209,64
0.31061768531799316,0.5487444400787354,0.049543630331754684,0.1078546792268753,0.9996205568313599,0.09951600432395935,0.27203214168548584,0.1537053883075714,0.8728818297386169,4.0185497383981965e-05,0.0019757747650146484,0.9962031841278076,-0.015327870845794678,-0.07185196876525879,-1.0,11.810441970825195,True,10.192614555358887,0.1044352650642395,0.15197889506816864,0.8743970394134521,0.08272507566207396,0.0,-0.0024945558607578277,0.019739013955789364,-0.01,0.007244458095031536,0.2980808070005878,0.038603543036452394,True,False,False,0.01805197075009346,0.0,0.038603543036452394,72,False,False,7.699999999999374,-0.24945558607578278,-0.0,0.0,0.0,1.0,1.0,0.0,-0.0,0.0,0.0,-0.0,0.6598048295931151,1.6573102737323573,64
0.26644468307495117,0.3149069845676422,0.041557349264621735,0.11440420150756836,0.9995964169502258,0.09912800043821335,0.6032928824424744,0.17794150114059448,0.8741357326507568,0.03610705039629702,-0.031398653984069824,0.9965713024139404,-0.02679729461669922,-0.2138175368309021,-1.0,10.419110298156738,True,10.041433334350586,0.10391735285520554,0.16588257253170013,0.8728852272033691,0.04412124846309464,0.0,-0.0026014405488967896,0.020446647812394803,-0.01,0.007845207263498013,0.3094226789999084,0.000972715124197332,True,False,False,0.010175801813602448,0.0,0.000972715124197332,73,False,False,7.799999999999363,-0.26014405488967896,-0.0,0.0,0.0,1.0,1.0,0.0,-0.0,0.0,0.0,-0.0,0.6972237076644422,1.6946222671155453,64
0.3403306007385254,0.5878918170928955,0.10477378964424133,0.10911710560321808,0.9998899698257446,0.10046081990003586,0.16053518652915955,0.18032915890216827,0.8707975745201111,-0.02352202271786199,0.008429527282714844,0.997505784034729,0.042423367500305176,-0.35836005210876465,-1.0,9.024775505065918,True,9.690218925476074,0.10333720594644547,0.17981398105621338,0.869373083114624,0.0068796507057691785,0.0,-0.0028132760524749757,0.02110316299088133,-0.01,0.008289886938406354,0.2909138000013627,-0.03510080261248115,True,False,False,0.004469237755984068,0.0,-0.03510080261248115,74,False,False,7.899999999999352,-0.28132760524749756,-0.0,0.0,0.0,1.0,1.0,0.0,-0.0,0.0,0.0,-0.0,0.7356837370385332,1.7328704609860581,64
0.27083754539489746,0.3144952356815338,0.03559713810682297,0.1118522584438324,0.9995231628417969,0.10072246193885803,0.6152870655059814,0.2033751755952835,0.8683810830116272,0.035998089215170115,0.0067119598388671875,0.5661952495574951,-0.01464623212814331,-0.4962073564529419,-1.0,7.842227935791016,True,9.140324592590332,0.10293149203062057,0.19163253903388977,0.8638741374015808,0.004908478171005591,0.0,-0.0014176459610462189,0.015606396418829105,-0.01,0.004188750457782886,0.27722131299924513,-0.02453412880255343,True,False,False,0.01627323217689991,0.0,-0.02453412880255343,75,False,False,7.999999999999341,-0.1417645961046219,-0.0,0.0,0.0,1.0,1.0,0.0,-0.0,0.0,0.0,-0.0,0.768979879972925,1.7675622340118788,64
0.6813883781433105,0.7701449394226074,0.08317604660987854,0.11327019333839417,0.9994887113571167,0.10333054512739182,0.5536362528800964,0.2094775289297104,0.8626297116279602,-0.012444422639874376,0.04192769527435303,0.49903297424316406,0.013972759246826172,-0.6379923224449158,-1.0,7.060357093811035,True,8.39356803894043,0.10296346992254257,0.19945865869522095,0.856406569480896,-0.051113300624862905,0.0,-0.0016450533270835877,0.004408110000510224,-0.01,-0.007236943326573365,0.28575381500013464,-0.07457366742149601,True,False,False,0.0009834843222051859,0.0,-0.07457366742149601,76,False,False,8.099999999999374,-0.16450533270835876,-0.0,0.0,0.0,1.0,1.0,0.0,-0.0,0.0,0.0,-0.0,0.7913010461692445,1.789655992842161,64
0.8299052715301514,0.6209574937820435,0.008846074342727661,0.11667220294475555,0.999067485332489,0.1013798639178276,0.49203088879585266,0.21693988144397736,0.848927915096283,-0.007910431158610249,0.06297564506530762,0.3383976221084595,-0.015503287315368652,-0.6796392202377319,-1.0,6.452762126922607,True,7.498347759246826,0.1032833382487297,0.2055559754371643,0.8474543690681458,-0.07047786545491767,0.0,-0.0014515717327594757,-0.0005894400095427521,-0.01,-0.012041011742302227,0.24463357300010102,-0.08547637636878408,True,False,False,-0.014698809944093227,0.0,-0.08547637636878408,77,False,False,8.199999999999408,-0.14515717327594757,-0.0,0.0,0.0,1.0,1.0,0.0,-0.0,0.0,0.0,-0.0,0.808799604373012,1.8073480326402525,64
0.4402279853820801,0.5410333871841431,0.05401968955993652,0.11766283959150314,0.9926855564117432,0.10174746066331863,0.18818727135658264,0.209138885140419,0.8410983681678772,-0.052174451829057625,0.04394793510437012,0.3297523260116577,-0.013574182987213135,-0.6170265078544617,-1.0,6.003136157989502,True,6.58944845199585,0.10371524840593338,0.2100837230682373,0.838365375995636,-0.09180782130383536,0.0,-0.0012289350479841232,-0.005189802521217812,-0.01,-0.016418737569201935,0.2891409340008977,-0.10057757455551224,True,False,False,-0.020135866478085518,0.0,-0.10057757455551224,78,False,False,8.299999999999441,-0.12289350479841232,-0.0,0.0,0.0,1.0,1.0,0.0,-0.0,0.0,0.0,-0.0,0.8218280391862423,1.820599104138258,64
0.871741771697998,0.5147742629051208,0.05395760014653206,0.10097114741802216,0.9977537989616394,0.1017041727900505,0.7786112427711487,0.22551502287387848,0.8408492207527161,0.018518764239783173,-0.029331684112548828,0.2991434335708618,-0.0483698844909668,-0.4320526123046875,-1.0,5.593722343444824,True,5.823999404907227,0.1035870760679245,0.2141779214143753,0.8307108879089355,-0.06041798049127738,0.0,-0.0006983905285596847,-0.006419470548824746,-0.01,-0.01711786107738443,0.28538603099877946,-0.0885654515746468,True,False,False,-0.00020231599046383053,0.0,-0.0885654515746468,79,False,False,8.399999999999475,-0.06983905285596848,-0.0,0.0,0.0,1.0,1.0,0.0,-0.0,0.0,0.0,-0.0,0.8337460429021676,1.833047652373608,64
0.7037520408630371,0.5094590187072754,0.20062153041362762,0.09546837210655212,0.9987350106239319,0.10123647749423981,0.630407989025116,0.22799895703792572,0.8370747566223145,-0.02315731125804489,0.009439826011657715,0.8110859394073486,-0.12875336408615112,0.19505763053894043,-1.0,4.990564823150635,True,5.521374702453613,0.10294072329998016,0.22018107771873474,0.8276846408843994,-0.11166279828369219,0.0,-0.0017814360558986665,-0.0008681858826193878,-0.01,-0.012649621938518055,0.2812701750008273,-0.13415119315564794,True,False,False,-0.02598417177796364,0.0,-0.13415119315564794,80,False,False,8.499999999999508,-0.17814360558986664,-0.0,0.0,0.0,1.0,1.0,0.0,-0.0,0.0,0.0,-0.0,0.8513917626849262,1.8496103266290276,64
0.7965147495269775,0.4203205406665802,0.058717280626297,0.1304279863834381,0.99863201379776,0.10164918005466461,0.7800256609916687,0.24005357921123505,0.8441676497459412,0.004611442581583693,0.08550560474395752,0.6700787544250488,-0.08398813009262085,0.5615396499633789,-0.9986535906791687,3.9942429065704346,True,5.945187568664551,0.10291562974452972,0.23016414046287537,0.8319227695465088,-0.12360570907548313,0.0,-0.0019467438757419587,0.01054377379557292,-0.01,-0.0014029700801690395,0.2887177630000224,-0.16089976082438406,True,False,False,-0.032697394490242004,0.0,-0.16089976082438406,81,False,False,8.599999999999541,-0.19467438757419586,-0.0,0.0,0.0,1.0,1.0,0.0,-0.0,0.0,0.0,-0.0,0.8807430105554196,1.8787962666796776,64
0.5270302295684814,0.49597272276878357,0.1731477677822113,0.10848747193813324,0.998601496219635,0.10176552832126617,0.5607739090919495,0.2447788566350937,0.8479781746864319,-0.016610139017643907,0.16410255432128906,0.4902019500732422,-0.09970366954803467,0.5307216644287109,-0.04625201225280762,3.152825355529785,True,6.708794593811035,0.10413458943367004,0.23874403536319733,0.8395588397979736,-0.16904366933800485,0.0,-0.0013970847427845002,0.005896376322933605,-0.01,-0.005500708419850895,0.2522292190005828,-0.18768164764999007,True,False,False,-0.010854261927306652,0.0,-0.18768164764999007,82,False,False,8.699999999999575,-0.13970847427845,-0.0,0.0,0.0,1.0,1.0,0.0,-0.0,0.0,0.0,-0.0,0.9056963151151015,1.904299230372317,64
0.677412748336792,0.5747171640396118,0.2028636634349823,0.15037371218204498,0.9977959394454956,0.10107776522636414,0.6756824851036072,0.25761842727661133,0.8495619893074036,0.00791924895210256,0.16611027717590332,0.4065370559692383,0.03581392765045166,0.4018062353134155,-0.7972409129142761,2.5410425662994385,True,7.4106035232543945,0.10606997460126877,0.2453252226114273,0.8465769290924072,-0.19149204425672464,0.0,-0.0008889897167682648,-0.001019407865312516,-0.01,-0.01190839758208078,0.2797874719999527,-0.2361934666381993,True,False,False,-0.00742941303178668,0.0,-0.2361934666381993,83,False,False,8.799999999999608,-0.08889897167682648,-0.0,0.0,0.0,1.0,1.0,0.0,-0.0,0.0,0.0,-0.0,0.9239160754417718,1.9230270857250036,64
1.170790195465088,1.1978211402893066,0.15307515859603882,0.12962760031223297,0.9966973066329956,0.10272001475095749,0.4339441657066345,0.2589000463485718,0.8513081669807434,-0.02757725058215498,0.19757747650146484,0.5511894226074219,0.0938882827758789,0.12176680564880371,-0.9859355092048645,2.0031142234802246,True,7.86258602142334,0.1084786131978035,0.25185173749923706,0.8510967493057251,-0.23191394086446698,0.0,-0.0009162221103906631,-0.0033370324963846176,-0.01,-0.014253254606775281,0.280894243000148,-0.26261366400016073,True,False,False,-0.004377936478704214,0.0,-0.26261366400016073,84,False,False,8.899999999999642,-0.09162221103906631,-0.0,0.0,0.0,1.0,1.0,0.0,-0.0,0.0,0.0,-0.0,0.9399788071137317,1.9390625850033412,64
0.7310152053833008,0.8655306696891785,0.0662582665681839,0.12026946246623993,0.9947841763496399,0.1033114418387413,1.0495548248291016,0.2747589647769928,0.8622010350227356,-0.014492736567549737,0.10751843452453613,0.7775416374206543,0.008604884147644043,-0.05094099044799805,-0.9999994039535522,1.42552649974823,True,7.9825758934021,0.11057163029909134,0.26043689250946045,0.8522966504096985,-0.23243750650069825,0.0,-0.0015470005571842193,-0.002291147913472402,-0.01,-0.013838148470656621,0.3337851470005262,-0.2627716687439139,True,False,False,-0.012579057365655899,0.0,-0.2627716687439139,85,False,False,8.999999999999675,-0.15470005571842194,-0.0,0.0,0.0,1.0,1.0,0.0,-0.0,0.0,0.0,-0.0,0.9572602498757662,1.955713249318582,64
1.40455961227417,1.037420630455017,0.06933833658695221,0.11134923994541168,0.982364296913147,0.10559222102165222,0.6439619064331055,0.27708813548088074,0.8587526679039001,-0.041508251505117486,0.13189005851745605,0.8925659656524658,-0.009753286838531494,-0.1496458649635315,-0.9999994039535522,1.2077163457870483,True,7.884645462036133,0.11197269707918167,0.271585077047348,0.8513173460960388,-1.6430088448751201,0.0,-0.0020913949608802797,-0.013113747888061855,-0.01,-0.025205142848942135,0.2959480490007991,-1.646676228806643,True,False,False,-0.0606083869934082,0.0,-1.646676228806643,86,False,False,9.099999999999708,-0.20913949608802795,-0.0,0.0,0.0,1.0,1.0,0.0,-0.0,0.0,0.0,-0.0,0.9637843359390541,1.9616929409781738,64
0.5255818367004395,0.7172629237174988,0.07979373633861542,0.11878784745931625,0.973995566368103,0.10527301579713821,0.5943524241447449,0.28179892897605896,0.8589907884597778,-0.04145635345233267,0.08481395244598389,0.2439587116241455,-0.02994990348815918,-0.031500279903411865,-1.0,1.6575921773910522,True,7.749289512634277,0.11280432343482971,0.28052666783332825,0.8499637842178345,-1.6161837238112333,0.0,-0.00017149630934000016,-0.03297430047367511,-0.01,-0.04314579678301511,0.28502320699954,-1.6250265286786436,True,False,False,-0.06763521581888199,0.0,-1.6250265286786436,87,False,False,9.199999999999742,-0.017149630934000015,-0.0,0.0,0.0,1.0,1.0,0.0,-0.0,0.0,0.0,-0.0,0.9503131782532752,1.9501416819439352,64
1.3127267360687256,0.7464289665222168,0.166791170835495,0.11274987459182739,0.9713951349258423,0.11073168367147446,0.393599271774292,0.2835300862789154,0.8503994941711426,-0.04554032324694545,0.06476235389709473,0.4664672613143921,0.04930078983306885,-0.9973716735839844,-0.999995768070221,2.163560390472412,True,7.2426438331604,0.11460884660482407,0.28595873713493347,0.8448973298072815,-1.60229137453246,0.0,-0.003047416806221008,-0.034480841463806255,-0.01,-0.04752825827002726,0.3044222799999261,-1.613640632271685,True,False,False,-0.03943188861012459,0.0,-1.613640632271685,88,False,False,9.299999999999775,-0.30474168062210083,-0.0,0.0,0.0,1.0,1.0,0.0,-0.0,0.0,0.0,-0.0,0.9351841731458737,1.9321367563396525,64
0.8040070533752441,0.3127453029155731,0.16814222931861877,0.12680304050445557,0.9746130108833313,0.11211898177862167,0.6703858971595764,0.2839675843715668,0.8441766500473022,-0.03533338842249763,-0.06658738851547241,0.05025625228881836,-0.002505183219909668,-0.9406769275665283,-1.0,2.437655210494995,True,5.947834014892578,0.11405179649591446,0.2899189293384552,0.8319492340087891,-1.5818096346279207,0.0,-0.002229597270488739,-0.02745376138929001,-0.01,-0.03968335865977875,0.2864932880002016,-1.6153410215270017,True,False,False,-0.05024023354053497,0.0,-1.6153410215270017,89,False,False,9.399999999999809,-0.2229597270488739,-0.0,0.0,0.0,1.0,1.0,0.0,-0.0,0.0,0.0,-0.0,0.927000441277716,1.9247708440072273,64
1.222836971282959,0.5907788872718811,0.07332116365432739,0.12752863764762878,0.993067741394043,0.11043517291545868,0.45292651653289795,0.28202372789382935,0.8159441947937012,-0.024361606506880483,0.0413508415222168,-0.11547607183456421,0.012594223022460938,-0.9990948438644409,-1.0,2.402754783630371,True,4.614555835723877,0.11349371820688248,0.2898807227611542,0.8186164498329163,-1.5724336767596796,0.0,-0.002533484399318695,-0.018238908168279888,-0.01,-0.030772392567598582,0.30620077300045523,-1.598064877646281,True,False,False,-0.03574053570628166,0.0,-1.598064877646281,90,False,False,9.499999999999842,-0.2533484399318695,-0.0,0.0,0.0,1.0,1.0,0.0,-0.0,0.0,0.0,-0.0,0.9280419069462655,1.9255084225469468,63
0.3541290760040283,0.3402930796146393,0.1014024019241333,0.11380910873413086,0.9976683259010315,0.11274830251932144,0.18995404243469238,0.28391754627227783,0.8086276054382324,-0.038928565895899325,-0.04975944757461548,-0.01890277862548828,0.04882347583770752,-0.5081994533538818,-1.0,2.2192788124084473,True,3.475862741470337,0.1129276230931282,0.2880387604236603,0.8072295188903809,-1.5758058542111752,0.0,-0.0006587093323469162,-0.0138573064509242,-0.01,-0.024516015783271117,0.2895427429994015,-1.600770995695879,True,False,False,-0.034031644463539124,0.0,-1.600770995695879,91,False,False,9.599999999999875,-0.06587093323469162,-0.0,0.0,0.0,1.0,1.0,0.0,-0.0,0.0,0.0,-0.0,0.9335198299634767,1.9328611206311297,64
0.4010021686553955,0.34288913011550903,0.06039068102836609,0.13537128269672394,0.9962674975395203,0.11183501034975052,0.5062242746353149,0.27286991477012634,0.798284649848938,-0.011329008178514614,-0.015407741069793701,-0.17311668395996094,0.05517721176147461,-0.8133866190910339,-0.991908073425293,2.1180901527404785,True,2.6073217391967773,0.11262548714876175,0.2870067059993744,0.7985441088676453,-1.5732399231407572,0.0,-0.0017371228337287902,-0.016342579785194378,-0.01,-0.028079702618923168,0.2889167350003845,-1.5780825492352648,True,False,False,-0.0335063710808754,0.0,-1.5780825492352648,92,False,False,9.699999999999909,-0.17371228337287903,-0.0,0.0,0.0,1.0,1.0,0.0,-0.0,0.0,0.0,-0.0,0.9365426490409935,1.9348055262072648,64
0.2721130847930908,0.6566929221153259,0.14875656366348267,0.11130444705486298,0.996393620967865,0.1146504282951355,0.18449550867080688,0.28208205103874207,0.7921460866928101,-0.04996333444715102,-0.032282352447509766,-0.22625738382339478,0.01792597770690918,-0.06658095121383667,-0.9998257756233215,1.775343656539917,True,1.8739640712738037,0.11149697750806808,0.2835279107093811,0.7912105321884155,-1.5855518682902443,0.0,-0.000142472293227911,-0.009220586678903242,-0.01,-0.019363058972131152,0.29164893599954667,-1.609918230240065,True,False,False,-0.029131369665265083,0.0,-1.609918230240065,93,False,False,9.799999999999942,-0.0142472293227911,-0.0,0.0,0.0,1.0,1.0,0.0,-0.0,0.0,0.0,-0.0,0.946789980030364,1.9466475077371361,63
0.07693767547607422,0.3056337237358093,0.07332588732242584,0.12487128376960754,0.00012672699813265353,0.1109158992767334,0.11368940025568008,0.2781803607940674,0.7713243365287781,-1.5177059411952565,-0.088905930519104,-0.07864022254943848,0.02258586883544922,-0.24345260858535767,1.0,1.5496673583984375,False,-0.05552172660827637,0.11094538867473602,0.2809702157974243,0.7719156742095947,-1.5734544126157748,0.0,-0.0001846695877611637,-1.5079379603516518,-0.01,-1.518122629939413,0.2855028810008662,-1.582587512592172,True,False,False,-1.5127501487731934,0.0,-1.582587512592172,94,False,False,9.899999999999975,-0.01846695877611637,-0.0,0.0,0.0,0.0,0.0,1.0,-0.0,0.0,1.0,-0.0,0.0,14.99981533041224,54
0.07746219635009766,0.09243835508823395,0.0383327379822731,0.11664368212223053,6.716521511407336e-06,0.11253858357667923,0.19647528231143951,0.28471091389656067,0.7718973159790039,-0.005350095434114326,0.07807934284210205,-0.11600279808044434,0.10125231742858887,0.021339893341064453,0.9998533725738525,1.5504411458969116,False,-0.00022649765014648438,0.11095171421766281,0.2809748351573944,0.772468626499176,-0.07504847808365174,0.0,-7.565113715827466e-05,0.0020560243353247576,-0.01,-0.008019626801833516,0.294450699000663,-0.08238372465574498,True,False,False,-0.00475718080997467,0.0,-0.08238372465574498,95,False,False,10.000000000000009,-0.007565113715827465,-0.0,0.0,0.0,0.0,0.0,0.0,-0.0,0.0,0.0,-0.0,0.0,-7.565113715827466e-05,64
0.0032007694244384766,0.21357361972332,0.05545367673039436,0.12883128225803375,5.448320621326275e-07,0.10930202156305313,0.3852064609527588,0.2711586654186249,0.7723805904388428,-0.020242526531219475,-0.019407153129577637,-0.0465468168258667,0.0007388591766357422,-0.22287976741790771,0.9999995231628418,1.5504432916641235,False,0.0,0.1109517440199852,0.2809748351573944,0.7724708914756775,-0.07999368891408738,0.0,-0.0001305479556322098,-0.002119605168700245,-0.01,-0.012250153124332456,0.29724703900137683,-0.1078688508826319,True,False,False,-0.009401872754096985,0.0,-0.1078688508826319,96,False,False,10.100000000000042,-0.013054795563220978,-0.0,0.0,0.0,0.0,0.0,0.0,-0.0,0.0,0.0,-0.0,0.0,-0.0001305479556322098,64
0.07800459861755371,0.20137827098369598,0.06882424652576447,0.1392732858657837,5.4606434929382885e-08,0.11127669364213943,0.42037516832351685,0.26952502131462097,0.7733073830604553,-0.010570393772795816,0.06642115116119385,-0.06572473049163818,0.08378124237060547,0.10168695449829102,0.9999363422393799,1.5504432916641235,False,0.0,0.1109517440199852,0.2809748351573944,0.7724708914756775,-0.07378175220155221,0.0,-6.522760726511478e-05,-0.0013493997231125987,-0.01,-0.011414627330377713,0.3017911790011567,-0.08145475527203093,True,False,False,-0.0017769435653463006,0.0,-0.08145475527203093,97,False,False,10.200000000000076,-0.006522760726511478,-0.0,0.0,0.0,0.0,0.0,0.0,-0.0,0.0,0.0,-0.0,0.0,-6.522760726511478e-05,64
0.0947713851928711,0.15260478854179382,0.08837978541851044,0.12573391199111938,3.373961362740374e-06,0.10938597470521927,0.2564951777458191,0.2749195396900177,0.7725446820259094,-0.010884142881259315,0.03248298168182373,-0.01889348030090332,0.00016939640045166016,-0.0839431881904602,0.9999926090240479,1.5504432916641235,False,0.0,0.1109517440199852,0.2809748351573944,0.7724708914756775,-0.09722573432398915,0.0,-2.1146489307284354e-05,-0.00595706567168236,-0.01,-0.015978212160989644,0.34812953300024674,-0.12418777779099704,True,False,False,-0.0031715973746031523,0.0,-0.12418777779099704,98,False,False,10.300000000000109,-0.0021146489307284355,-0.0,0.0,0.0,0.0,0.0,0.0,-0.0,0.0,0.0,-0.0,0.0,-2.1146489307284354e-05,64
0.03604888916015625,0.17717307806015015,0.04584690183401108,0.11715677380561829,9.376093430546462e-07,0.11022138595581055,0.32926973700523376,0.27227967977523804,0.772923469543457,-0.013594577007461358,0.0076863765716552734,-0.03384000062942505,0.03879213333129883,-0.07085371017456055,0.9999974966049194,1.5504432916641235,False,0.0,0.1109517440199852,0.2809748351573944,0.7724708914756775,-0.10040755016740077,0.0,-1.9323260057717563e-05,-0.0027119449526071815,-0.01,-0.0127312682126649,0.29091603699998814,-0.16633799129284088,True,False,False,-0.008550271391868591,0.0,-0.16633799129284088,99,False,False,10.400000000000142,-0.0019323260057717562,-0.0,0.0,0.0,0.0,0.0,0.0,-0.0,0.0,0.0,-0.0,0.0,-1.9323260057717563e-05,64
0.10307431221008301,0.17963001132011414,0.03276342898607254,0.1578431874513626,3.759856099350145e-06,0.10867413878440857,0.1782941222190857,0.2790244221687317,0.7735916972160339,-0.0066379783209413335,0.0005900859832763672,-0.02668893337249756,0.060202598571777344,-0.12918353080749512,0.9999973773956299,1.5504432916641235,False,0.0,0.1109517440199852,0.2809748351573944,0.7724708914756775,-0.09785767188071035,0.0,-5.256346426904202e-05,-0.0020439514517784363,-0.01,-0.012096514916047478,0.26190551000036066,-0.19264850469250389,True,False,False,-0.005533418618142605,0.0,-0.19264850469250389,100,False,False,10.500000000000176,-0.0052563464269042015,-0.0,0.0,0.0,0.0,0.0,0.0,-0.0,0.0,0.0,-0.0,0.0,-5.256346426904202e-05,64
0.17102956771850586,0.29959800839424133,0.06925240159034729,0.13975876569747925,1.4315056660052505e-06,0.11280788481235504,0.2362467348575592,0.2757759392261505,0.7724385261535645,-0.012413826109841472,-0.03643512725830078,-0.041065096855163574,0.09782826900482178,-0.2146744728088379,0.9999998807907104,1.5504432916641235,False,0.0,0.1109517440199852,0.2809748351573944,0.7724708914756775,13.440029374157827,0.0,-0.0001466734055429697,9.635038673877494e-05,-0.01,-0.010050323018804194,0.3008311860012327,13.429915617456444,True,False,False,-0.007047860883176327,0.0,13.429915617456444,101,False,False,10.60000000000021,-0.01466734055429697,-0.0,0.0,0.0,0.0,0.0,0.0,-0.0,0.0,0.0,-0.0,0.0,-0.0001466734055429697,64
0.16538500785827637,0.2538311183452606,0.0956801027059555,0.15745244920253754,8.955439625424333e-06,0.11697094142436981,0.23610766232013702,0.2806622385978699,0.7732223272323608,-0.007276890706270938,-0.047534167766571045,-0.020318150520324707,0.12259924411773682,-0.31857848167419434,0.9999997615814209,1.5504432916641235,False,0.0,0.1109517440199852,0.2809748351573944,0.7724708914756775,13.588001834901268,0.0,-0.0002979878708720207,0.0030414721369743103,-0.01,-0.007256515733897711,0.2777366720001737,13.577928609915098,True,False,False,0.00022776566038373858,0.0,13.577928609915098,102,False,False,10.700000000000243,-0.029798787087202072,-0.0,0.0,0.0,0.0,0.0,0.0,-0.0,0.0,0.0,-0.0,0.0,-0.0002979878708720207,64
0.1492321491241455,0.2634783387184143,0.12951144576072693,0.15840882062911987,1.4722718333359808e-06,0.10969887673854828,0.1907331347465515,0.278234601020813,0.7741997838020325,-0.008846838045865309,-0.10715174674987793,-0.004635274410247803,0.12005305290222168,0.48033058643341064,1.0,1.5504432916641235,False,0.0,0.1109517440199852,0.2809748351573944,0.7724708914756775,13.733300063395808,0.0,-0.0006415829807519913,-0.004086733534932163,-0.01,-0.014728316515684155,0.27034873199954745,13.722395337038709,True,False,False,-0.012421605177223682,0.0,13.722395337038709,103,False,False,10.800000000000276,-0.06415829807519913,-0.0,0.0,0.0,0.0,0.0,0.0,-0.0,0.0,0.0,-0.0,0.0,-0.0006415829807519913,64
0.17726421356201172,0.3141966760158539,0.1606181263923645,0.17860208451747894,1.7382360965711996e-05,0.10897476226091385,0.2814347743988037,0.27528268098831177,0.7732447981834412,-0.041621682979166484,-0.20539498329162598,-0.12199699878692627,0.19142699241638184,0.9966278076171875,1.0,1.5504432916641235,False,0.0,0.1109517440199852,0.2809748351573944,0.7724708914756775,13.881040288681262,0.0,-0.0027174541354179384,-0.02665181398391725,-0.01,-0.039369268119335186,0.24063603699869418,13.870082474312524,True,False,False,-0.031352512538433075,0.0,13.870082474312524,104,False,False,10.90000000000031,-0.2717454135417938,-0.0,0.0,0.0,0.0,0.0,0.0,-0.0,0.0,0.0,-0.0,0.0,-0.0027174541354179384,64
0.037038326263427734,0.27520033717155457,0.11033216863870621,0.14618134498596191,2.3782542484696023e-05,0.11345653235912323,0.1739688217639923,0.27873173356056213,0.772942066192627,-0.05130714729428292,-0.2664068937301636,-0.18312042951583862,0.20662689208984375,0.9989222288131714,1.0,1.5504432916641235,False,0.0,0.1109517440199852,0.2809748351573944,0.7724708914756775,14.06185311546398,0.0,-0.0028626149892807006,-0.03597437903285028,-0.01,-0.04883699402213098,0.22528487500130723,14.052085697742731,True,False,False,-0.046375125646591187,0.0,14.052085697742731,105,False,False,11.000000000000343,-0.28626149892807007,-0.0,0.0,0.0,0.0,0.0,0.0,-0.0,0.0,0.0,-0.0,0.0,-0.0028626149892807006,64
0.03317594528198242,0.0699065625667572,0.16597607731819153,0.13248220086097717,8.354921874342836e-07,0.10639195889234543,0.2202153205871582,0.2794492244720459,0.771949827671051,-0.045501446723937994,-0.28773051500320435,-0.13232839107513428,0.21738767623901367,0.999793291091919,1.0,1.5504432916641235,False,0.0,0.1109517440199852,0.2809748351573944,0.7724708914756775,14.253301320762187,0.0,-0.0028678593039512634,-0.03387646399438382,-0.01,-0.04674432329833508,0.20531103500070458,14.24553988545239,True,False,False,-0.045865073800086975,0.0,14.24553988545239,106,False,False,11.100000000000376,-0.28678593039512634,-0.0,0.0,0.0,0.0,0.0,0.0,-0.0,0.0,0.0,-0.0,0.0,-0.0028678593039512634,64
0.048989057540893555,0.17276355624198914,0.1360277235507965,0.11506225913763046,7.694906344113406e-06,0.10497740656137466,0.31881582736968994,0.2783382534980774,0.7715173363685608,-0.0452084571123123,-0.22723841667175293,-0.09041380882263184,0.1860114336013794,0.9999923706054688,1.0,1.5504432916641235,False,0.0,0.1109517440199852,0.2809748351573944,0.7724708914756775,14.440615435540677,0.0,-0.00273599237203598,-0.0330327655375004,-0.01,-0.04576875790953638,0.17628599599993322,14.43534096494317,True,False,False,-0.044213440269231796,0.0,14.43534096494317,107,False,False,11.20000000000041,-0.273599237203598,-0.0,0.0,0.0,0.0,0.0,0.0,-0.0,0.0,0.0,-0.0,0.0,-0.00273599237203598,64
0.09794831275939941,0.2490130513906479,0.10373865813016891,0.14788657426834106,1.2786626939487178e-06,0.10215825587511063,0.5164340138435364,0.27441275119781494,0.7726083397865295,14.626880223155021,-0.18020284175872803,-0.03914421796798706,0.14762771129608154,1.0,1.0,1.5504432916641235,False,0.0,0.1109517440199852,0.2809748351573944,0.7724708914756775,14.629347801208496,15.0,-0.0026394981145858765,-0.35811494290828705,-0.01,14.629245558977127,0.18092537399934372,14.626880645751953,True,False,False,14.626880645751953,0.0,14.626880645751953,108,False,True,11.300000000000443,-0.26394981145858765,-0.0,0.0,0.0,0.0,0.0,0.0,-0.0,0.0,0.0,-0.0,0.0,-0.0026394981145858765,64
