decision_step,held_probability,imagined_step,predicted_x,predicted_y,predicted_z,supported_reward
1,1.0747354508566787e-06,1,0.17728391289710999,-0.23804502189159393,0.7713122963905334,-0.003551902947947383
1,5.1953698232409806e-08,2,0.17941835522651672,-0.23514889180660248,0.7713794112205505,-0.01860014535486698
1,2.8107324467896433e-08,3,0.18188095092773438,-0.2285117208957672,0.7716667056083679,-0.014802232384681702
1,1.1707096092550273e-07,4,0.18007898330688477,-0.22763444483280182,0.7719816565513611,-0.013683161698281765
1,2.9763109310465552e-08,5,0.18296915292739868,-0.2261120080947876,0.77178555727005,-0.015405595302581787
1,2.9043166094311346e-08,6,0.18180392682552338,-0.22931356728076935,0.7717732787132263,-0.011937763541936874
1,2.8372870275461537e-08,7,0.18285678327083588,-0.22889214754104614,0.7716962099075317,-0.013302264735102654
1,2.3649697311611817e-08,8,0.18322747945785522,-0.22950097918510437,0.7718737721443176,-0.013605358079075813
2,2.9187106065364787e-08,1,0.1769576370716095,-0.23118235170841217,0.7714537978172302,-0.017486266791820526
2,1.3996970693597177e-08,2,0.17959971725940704,-0.2254752516746521,0.7716759443283081,-0.014559617266058922
2,4.2036482739149506e-08,3,0.17910146713256836,-0.2258327305316925,0.7719616889953613,-0.013746020384132862
2,1.3707485813085896e-08,4,0.1816210150718689,-0.22537298500537872,0.7716776132583618,-0.015578152611851692
2,1.575202190906566e-08,5,0.18107911944389343,-0.22918759286403656,0.7717608213424683,-0.012300084345042706
2,1.5273469600174394e-08,6,0.18184277415275574,-0.22782061994075775,0.771702766418457,-0.013375729322433472
2,1.287952056117092e-08,7,0.18294064700603485,-0.2295309603214264,0.7718971371650696,-0.014390198513865471
2,2.255843511989042e-08,8,0.18180766701698303,-0.23100803792476654,0.771989643573761,-0.014552879147231579
3,1.5815633247484584e-08,1,0.1805107444524765,-0.22726553678512573,0.7718589901924133,-0.013448478654026985
3,5.621585330572998e-08,2,0.17979107797145844,-0.2259707748889923,0.7721006870269775,-0.012697424739599228
3,1.7496697424235208e-08,3,0.182449072599411,-0.2241837978363037,0.7719606757164001,-0.014721430838108063
3,2.0646645282340614e-08,4,0.18135222792625427,-0.22776460647583008,0.7719994783401489,-0.011822023428976536
3,1.997583432000738e-08,5,0.18224425613880157,-0.22652031481266022,0.7720022797584534,-0.012142934836447239
3,1.736000676544336e-08,6,0.18315967917442322,-0.22863560914993286,0.7721574306488037,-0.012977896258234978
3,3.301049034121206e-08,7,0.1817401647567749,-0.23002614080905914,0.7722965478897095,-0.012742233462631702
3,1.956396289415352e-08,8,0.18137165904045105,-0.22543826699256897,0.7722089290618896,-0.011236317455768585
4,6.636276594917945e-08,1,0.17767325043678284,-0.22437408566474915,0.77210533618927,-0.012663621455430984
4,1.4180287166709604e-08,2,0.18024930357933044,-0.22267378866672516,0.7718492746353149,-0.013618068769574165
4,1.5226117255906502e-08,3,0.17995908856391907,-0.22742758691310883,0.7717945575714111,-0.012115987949073315
4,1.5883834691976517e-08,4,0.18111789226531982,-0.22610320150852203,0.7718510031700134,-0.011822842061519623
4,1.2669059579195618e-08,5,0.18198616802692413,-0.2273290753364563,0.7720083594322205,-0.012818744406104088
4,2.7944713210104055e-08,6,0.1811751127243042,-0.22924639284610748,0.7722107172012329,-0.013134879991412163
4,1.6431044969067443e-08,7,0.1809670776128769,-0.2243681102991104,0.7720911502838135,-0.011434875428676605
4,3.036194584637997e-08,8,0.1806761920452118,-0.22586999833583832,0.7723329067230225,-0.012520987540483475
5,2.1723923993022254e-08,1,0.18343210220336914,-0.22357726097106934,0.7719629406929016,-0.015561578795313835
5,2.8027933751673118e-08,2,0.1820758581161499,-0.2270870804786682,0.7719475626945496,-0.011818991973996162
5,2.3791034919895537e-08,3,0.1837407946586609,-0.22608545422554016,0.7719712257385254,-0.01251080073416233
5,2.239881524701559e-08,4,0.18395031988620758,-0.22754216194152832,0.7720648050308228,-0.012506197206676006
5,4.2787490883711143e-08,5,0.18303506076335907,-0.22937020659446716,0.7721865177154541,-0.013057895936071873
5,2.7322794693418473e-08,6,0.18252383172512054,-0.22343049943447113,0.7720658183097839,-0.010969461873173714
5,4.849373524962175e-08,7,0.18262813985347748,-0.2263283133506775,0.7722604274749756,-0.012746771797537804
5,1.0619151424862139e-07,8,0.18300354480743408,-0.2266068458557129,0.7719475030899048,-0.01268598809838295
6,1.8242403143631236e-08,1,0.17986762523651123,-0.2287566214799881,0.7719109058380127,-0.012411870062351227
6,1.8593333095395792e-08,2,0.18078526854515076,-0.22784648835659027,0.7718339562416077,-0.013214260339736938
6,1.6687536685822124e-08,3,0.18163728713989258,-0.22987458109855652,0.7719658613204956,-0.014518925920128822
6,3.416016980395398e-08,4,0.18051236867904663,-0.2315249890089035,0.7720718383789062,-0.014532679691910744
6,1.98632221781736e-08,5,0.18084460496902466,-0.2266080528497696,0.7720913887023926,-0.012897535227239132
6,3.465076048314586e-08,6,0.18044963479042053,-0.2281939834356308,0.7722902894020081,-0.01370268501341343
6,7.113604283404129e-08,7,0.18097130954265594,-0.22850102186203003,0.7720048427581787,-0.014037972316145897
6,1.6617660136830636e-08,8,0.1802092045545578,-0.22681824862957,0.7722048759460449,-0.011811351403594017
7,2.360292228331673e-08,1,0.18221844732761383,-0.2267633080482483,0.7720840573310852,-0.013913020491600037
7,1.9335299583644883e-08,2,0.18210071325302124,-0.2290111929178238,0.7721285223960876,-0.01288406178355217
7,3.779347679255807e-08,3,0.18145328760147095,-0.22974254190921783,0.7723268866539001,-0.013103014789521694
7,2.2400438837166803e-08,4,0.1815180778503418,-0.22499173879623413,0.7722723484039307,-0.01175750233232975
7,4.194278346858482e-08,5,0.18115092813968658,-0.22706839442253113,0.7723863124847412,-0.01277051493525505
7,7.81743167976856e-08,6,0.1814960241317749,-0.22681695222854614,0.772084653377533,-0.012735072523355484
7,1.7474318880772444e-08,7,0.18211409449577332,-0.2259988635778427,0.7722935676574707,-0.01176541205495596
7,2.4548024057935436e-08,8,0.18238496780395508,-0.2249356210231781,0.7725294828414917,-0.010549304075539112
8,1.53901495991704e-08,1,0.18012787401676178,-0.22547228634357452,0.7724205255508423,-0.013364666141569614
8,2.4896626982240377e-08,2,0.17943638563156128,-0.2278456836938858,0.7725144624710083,-0.014111719094216824
8,1.2082861822193536e-08,3,0.1796657294034958,-0.2221553772687912,0.7725859880447388,-0.011968428269028664
8,2.941086130192616e-08,4,0.17879927158355713,-0.22513000667095184,0.772722065448761,-0.013175589963793755
8,5.9029897414575316e-08,5,0.17886337637901306,-0.22484946250915527,0.7723801136016846,-0.013049276545643806
8,1.1227870189145506e-08,6,0.17854322493076324,-0.22295795381069183,0.7726364135742188,-0.011274253949522972
8,1.66575180315931e-08,7,0.1784878373146057,-0.22172605991363525,0.7728797197341919,-0.010494513437151909
8,1.1827820500798225e-08,8,0.17693820595741272,-0.2217758297920227,0.7731506824493408,-0.00849106814712286
9,3.070672249805284e-08,1,0.1805652379989624,-0.23285320401191711,0.7722468972206116,-0.011182690039277077
9,1.959458728606478e-08,2,0.18141120672225952,-0.22813116014003754,0.7721744179725647,-0.010544707998633385
9,3.408591098263969e-08,3,0.18109342455863953,-0.2310992330312729,0.7722899317741394,-0.011638493277132511
9,7.001007418239169e-08,4,0.18157781660556793,-0.23013614118099213,0.7720003128051758,-0.011144919320940971
9,1.3174392243797683e-08,5,0.18234433233737946,-0.22919443249702454,0.7721431255340576,-0.010321534238755703
9,2.258254383491476e-08,6,0.18308767676353455,-0.22882498800754547,0.772364616394043,-0.009165060706436634
9,1.3814651644850073e-08,7,0.18229040503501892,-0.22866763174533844,0.7725238800048828,-0.007247184403240681
9,4.353378546539943e-09,8,0.18397977948188782,-0.22548848390579224,0.7722904682159424,-0.008749945089221
10,1.5029824496082256e-08,1,0.18179461359977722,-0.22798752784729004,0.7722439765930176,-0.010995868593454361
10,3.4397832138211015e-08,2,0.18152347207069397,-0.2306743860244751,0.7724874019622803,-0.012917408719658852
10,6.390242646148181e-08,3,0.1815299093723297,-0.22954508662223816,0.7721885442733765,-0.01206463947892189
10,1.4417804727884231e-08,4,0.18081146478652954,-0.22800645232200623,0.7723577618598938,-0.010729549452662468
10,2.3320108510915816e-08,5,0.1809672862291336,-0.22622057795524597,0.7725927233695984,-0.009821531362831593
10,1.559617501811772e-08,6,0.17967817187309265,-0.22666044533252716,0.7727625966072083,-0.008599471300840378
10,4.287079136133798e-09,7,0.1808512657880783,-0.22378207743167877,0.7725048065185547,-0.01007356308400631
10,6.9990688800203316e-09,8,0.18179310858249664,-0.22579437494277954,0.7726078033447266,-0.007920430973172188
11,2.55039083185693e-08,1,0.17425322532653809,-0.22651170194149017,0.7722127437591553,-0.012134904973208904
11,5.137035685720548e-08,2,0.17523671686649323,-0.2258036732673645,0.7719135880470276,-0.012511324137449265
11,1.3595418124623393e-08,3,0.17511504888534546,-0.22429059445858002,0.7720916271209717,-0.011164356954395771
11,2.1009295636531533e-08,4,0.17604607343673706,-0.22359901666641235,0.7722844481468201,-0.010891027748584747
11,1.2233710933173825e-08,5,0.17508210241794586,-0.22425542771816254,0.7724575996398926,-0.00917899888008833
11,3.794434544346359e-09,6,0.17645704746246338,-0.22205610573291779,0.7722377777099609,-0.010537462309002876
11,5.649357426307233e-09,7,0.17695480585098267,-0.2243940681219101,0.7722532153129578,-0.008186079561710358
11,1.1437619740206628e-08,8,0.17874476313591003,-0.22418709099292755,0.7723740935325623,-0.009455334395170212
12,5.1820389757040175e-08,1,0.18295098841190338,-0.23215252161026,0.7722469568252563,-0.01088075153529644
12,2.0795802413431375e-08,2,0.1843099743127823,-0.23122245073318481,0.772313117980957,-0.010659045539796352
12,3.500061751537942e-08,3,0.18462547659873962,-0.22855578362941742,0.7725191116333008,-0.008726024068892002
12,1.9667787398702785e-08,4,0.18430094420909882,-0.2284158617258072,0.7726423740386963,-0.008020593784749508
12,6.257325324554586e-09,5,0.18569868803024292,-0.22503754496574402,0.7723886370658875,-0.009296978823840618
12,8.725896449846005e-09,6,0.18646478652954102,-0.2264413982629776,0.7724146246910095,-0.007030887994915247
12,1.6771970479112497e-08,7,0.18839094042778015,-0.2265651971101761,0.7724621295928955,-0.008421503938734531
12,1.0251990367748931e-08,8,0.18955588340759277,-0.22622817754745483,0.7721694707870483,-0.0091406824067235
13,1.5672812381239964e-08,1,0.1821371614933014,-0.22948342561721802,0.7721174359321594,-0.01053688209503889
13,2.84779435588689e-08,2,0.18120203912258148,-0.2282857894897461,0.7723822593688965,-0.008467148058116436
13,1.81001631460731e-08,3,0.18062660098075867,-0.23036135733127594,0.7725092768669128,-0.008673319593071938
13,4.76680028782539e-09,4,0.1812393218278885,-0.22835782170295715,0.7722872495651245,-0.009758129715919495
13,7.575856386665691e-09,5,0.1817200779914856,-0.23000206053256989,0.7723954319953918,-0.007702406961470842
13,1.4476940535246285e-08,6,0.1830964833498001,-0.22969290614128113,0.7725584506988525,-0.008411793038249016
13,1.0660689220287622e-08,7,0.18381699919700623,-0.229131281375885,0.7723833918571472,-0.008997767232358456
13,1.4554101923636154e-08,8,0.1826450079679489,-0.22699826955795288,0.7725453972816467,-0.012979833409190178
14,2.163745449479393e-08,1,0.18284271657466888,-0.22813479602336884,0.772095799446106,-0.008241303265094757
14,1.5370494210742436e-08,2,0.1818549633026123,-0.22833475470542908,0.7723150253295898,-0.0072534698992967606
14,4.524777441616834e-09,3,0.18266016244888306,-0.22559557855129242,0.7720729112625122,-0.008787124417722225
14,7.160060988553596e-09,4,0.1834845393896103,-0.2279578000307083,0.7721881866455078,-0.007136202417314053
14,1.4510002088741203e-08,5,0.18556241691112518,-0.22827784717082977,0.7722885608673096,-0.008504083380103111
14,1.0661725724503412e-08,6,0.18650910258293152,-0.2275487333536148,0.7721431851387024,-0.00894241314381361
14,1.3984000624134296e-08,7,0.1858207881450653,-0.2259487360715866,0.7723038792610168,-0.014028625562787056
14,1.0872777345127815e-08,8,0.18772421777248383,-0.22721396386623383,0.7720046043395996,-0.02270367369055748
15,2.5591472052610698e-08,1,0.17917385697364807,-0.2349315732717514,0.7721613049507141,-0.00909489206969738
15,7.26966664643669e-09,2,0.17967750132083893,-0.23278392851352692,0.7720427513122559,-0.00949244573712349
15,1.0089006963198699e-08,3,0.1806575059890747,-0.23444263637065887,0.772111713886261,-0.007326307240873575
15,2.0522692878444104e-08,4,0.18250273168087006,-0.23273062705993652,0.7722557187080383,-0.0075545404106378555
15,1.3156311595707848e-08,5,0.18336215615272522,-0.23136083781719208,0.772067666053772,-0.008429430425167084
15,1.7633924542792556e-08,6,0.18222279846668243,-0.2295333445072174,0.772196352481842,-0.01385297067463398
15,1.338338950773732e-08,7,0.1839882880449295,-0.23052258789539337,0.7718832492828369,-0.022426191717386246
15,5.64685009862842e-08,8,0.1849043071269989,-0.23002943396568298,0.7720839977264404,-0.02862238883972168
16,6.781479378048516e-09,1,0.1835273951292038,-0.22709912061691284,0.7722967863082886,-0.007141228765249252
16,1.0861646693172133e-08,2,0.18460871279239655,-0.2305929958820343,0.7723445892333984,-0.005995582789182663
16,2.1393940841107906e-08,3,0.18616902828216553,-0.23109227418899536,0.7724645733833313,-0.006794129032641649
16,1.3753368222069184e-08,4,0.18719249963760376,-0.23054638504981995,0.7722042202949524,-0.007886871695518494
16,1.9280683716260683e-08,5,0.18620073795318604,-0.2282409369945526,0.772418737411499,-0.013435518369078636
16,1.398170734745463e-08,6,0.18821416795253754,-0.2299511730670929,0.7720314860343933,-0.02340315654873848
16,6.476948755107514e-08,7,0.18899723887443542,-0.2291625291109085,0.7722364664077759,-0.02972109243273735
16,5.966105476318262e-08,8,0.19005076587200165,-0.22847707569599152,0.7720187306404114,-0.03341483324766159
17,8.633865178353517e-09,1,0.17916885018348694,-0.2307569682598114,0.7722533941268921,-0.0038279350847005844
17,1.6044422679328818e-08,2,0.18166938424110413,-0.22901000082492828,0.7722600102424622,-0.004553542472422123
17,1.0468879096947603e-08,3,0.18193316459655762,-0.2283288687467575,0.7720202803611755,-0.00450181495398283
17,1.329885712664236e-08,4,0.1818842887878418,-0.2264767289161682,0.7720773220062256,-0.009827113710343838
17,1.0668703254168577e-08,5,0.18365243077278137,-0.22853171825408936,0.7716979384422302,-0.01771053858101368
17,3.207007637229253e-08,6,0.184669628739357,-0.22835248708724976,0.7717437148094177,-0.02413366734981537
17,4.4340644933527074e-08,7,0.18571960926055908,-0.22837939858436584,0.7716102600097656,-0.02890661545097828
17,8.860440203761755e-08,8,0.1864854395389557,-0.22705262899398804,0.7716930508613586,-0.031715746968984604
18,1.5387742635653012e-08,1,0.18490701913833618,-0.22851622104644775,0.7724229693412781,-0.007579502649605274
18,8.708172849480889e-09,2,0.1853417605161667,-0.22883065044879913,0.7721424102783203,-0.007799309212714434
18,1.3062745551906119e-08,3,0.1843358278274536,-0.22615088522434235,0.7722734808921814,-0.013564505614340305
18,9.424979907635134e-09,4,0.18601086735725403,-0.2276359647512436,0.7719069719314575,-0.02271496132016182
18,3.906492906935455e-08,5,0.18683269619941711,-0.22710376977920532,0.7720709443092346,-0.029597915709018707
18,4.625557536996894e-08,6,0.18807052075862885,-0.22653697431087494,0.7719590067863464,-0.03483980894088745
18,8.188317224266939e-08,7,0.1891188621520996,-0.22487317025661469,0.772049069404602,-0.03707076981663704
18,1.0842194342330913e-07,8,0.1896877884864807,-0.22321826219558716,0.7722213268280029,-0.03807670623064041
19,1.6045033746081572e-08,1,0.18109741806983948,-0.22878974676132202,0.7722253203392029,-0.008940061554312706
19,1.4634493616938471e-08,2,0.18039603531360626,-0.2273329347372055,0.77229243516922,-0.012126542627811432
19,1.2237002522397233e-08,3,0.18220244348049164,-0.22812575101852417,0.7719424962997437,-0.01923748478293419
19,3.634161060972474e-08,4,0.18349552154541016,-0.22814130783081055,0.7719601392745972,-0.02537897601723671
19,4.638527073552723e-08,5,0.18473805487155914,-0.2280822992324829,0.7717921137809753,-0.03007330559194088
19,9.958792190900567e-08,6,0.18558089435100555,-0.22686082124710083,0.7718715071678162,-0.03294014185667038
19,1.200982495674907e-07,7,0.1862499713897705,-0.2257300466299057,0.7718915343284607,-0.03414834663271904
19,1.802217610702428e-07,8,0.18661263585090637,-0.2243404984474182,0.772059440612793,-0.03360197693109512
20,1.672421312548522e-08,1,0.17978201806545258,-0.22417905926704407,0.7722996473312378,-0.010259829461574554
20,1.0345531542554909e-08,2,0.1811177283525467,-0.22504790127277374,0.7720226645469666,-0.017657779157161713
20,2.8504135940465858e-08,3,0.18209269642829895,-0.2245151549577713,0.7720636129379272,-0.02423173189163208
20,3.534531245463768e-08,4,0.18320868909358978,-0.2244117110967636,0.7719388604164124,-0.029738936573266983
20,8.530758321967369e-08,5,0.18416182696819305,-0.2230726033449173,0.7720504403114319,-0.03342606872320175
20,1.0111415349456365e-07,6,0.1849702000617981,-0.22199733555316925,0.772067129611969,-0.03416954725980759
20,1.5494687488626369e-07,7,0.18539926409721375,-0.22061829268932343,0.7722337245941162,-0.03308095410466194
20,2.3819873717911833e-07,8,0.1858326941728592,-0.21972592175006866,0.7724161148071289,-0.03270217776298523
21,9.355380470310593e-09,1,0.18264412879943848,-0.22626830637454987,0.7717213034629822,-0.01883867383003235
21,4.491100824566274e-08,2,0.18416981399059296,-0.23127101361751556,0.7717148661613464,-0.026408594101667404
21,5.328352159494898e-08,3,0.18484628200531006,-0.2313019335269928,0.7716387510299683,-0.03057197481393814
21,2.0114816834393423e-07,4,0.18577265739440918,-0.23010198771953583,0.7718700170516968,-0.03364415094256401
21,2.0792893451471173e-07,5,0.18620464205741882,-0.22907859086990356,0.7718825936317444,-0.03395061567425728
21,3.05740655903719e-07,6,0.1866324096918106,-0.22777007520198822,0.7720398306846619,-0.03256261721253395
21,4.0675456602912163e-07,7,0.187064528465271,-0.22723187506198883,0.7721757292747498,-0.0315072163939476
21,5.809599201711535e-07,8,0.1875344216823578,-0.2268846333026886,0.7723170518875122,-0.0317317396402359
22,4.090854943683553e-08,1,0.1781941056251526,-0.22973236441612244,0.7721010446548462,-0.02442771941423416
22,3.9507703775143455e-08,2,0.17914465069770813,-0.23057588934898376,0.7717985510826111,-0.02879125438630581
22,8.710468790695813e-08,3,0.17985516786575317,-0.22974227368831635,0.7718778848648071,-0.030376892536878586
22,1.6501229538334883e-07,4,0.18046966195106506,-0.22868712246418,0.7720357775688171,-0.03229468688368797
22,1.3171545276691177e-07,5,0.18081411719322205,-0.22818270325660706,0.771979570388794,-0.03128021955490112
22,1.337650417099212e-07,6,0.1808513104915619,-0.22808676958084106,0.7720150947570801,-0.02710035815834999
22,1.463371717136397e-07,7,0.18108795583248138,-0.22812654078006744,0.772074282169342,-0.02586616761982441
22,1.5539851005996752e-07,8,0.1816251426935196,-0.22813069820404053,0.7721216678619385,-0.025440404191613197
23,1.2904730795071373e-07,1,0.18127498030662537,-0.23340022563934326,0.7716053128242493,-0.028932632878422737
23,1.1931726362490735e-07,2,0.18222592771053314,-0.23194235563278198,0.771482527256012,-0.03037588857114315
23,2.1654616944033478e-07,3,0.18273058533668518,-0.230270117521286,0.7715694308280945,-0.03090962953865528
23,3.18165064072673e-07,4,0.18331460654735565,-0.22899474203586578,0.7716650366783142,-0.03147955238819122
23,3.2750108402979095e-07,5,0.18378540873527527,-0.22844184935092926,0.7717100381851196,-0.029953602701425552
23,3.2303029229296953e-07,6,0.1841752976179123,-0.22828711569309235,0.7717331051826477,-0.027031272649765015
23,3.644626076493296e-07,7,0.1846090853214264,-0.22817206382751465,0.7717522978782654,-0.024495426565408707
23,3.637365466602205e-07,8,0.18529567122459412,-0.2279500812292099,0.771737813949585,-0.023430204018950462
24,2.458340588873398e-07,1,0.18313482403755188,-0.23074236512184143,0.7720280885696411,-0.03126208484172821
24,1.197703198840827e-07,2,0.18424208462238312,-0.22906583547592163,0.7718262672424316,-0.03312734514474869
24,2.3057751263877435e-07,3,0.18564066290855408,-0.22789111733436584,0.7720133066177368,-0.03308373689651489
24,2.3610355981418252e-07,4,0.18651288747787476,-0.22804872691631317,0.7720547914505005,-0.03191615641117096
24,2.42605096900661e-07,5,0.18721216917037964,-0.22835838794708252,0.7720876932144165,-0.02905764803290367
24,2.6202860681223683e-07,6,0.1879209727048874,-0.22836828231811523,0.7721008062362671,-0.026156853884458542
24,2.61417596902902e-07,7,0.1889558732509613,-0.2279411107301712,0.7720924019813538,-0.0219995379447937
24,2.354712478336296e-07,8,0.1900223046541214,-0.22752265632152557,0.7720176577568054,-0.015780605375766754
25,2.567755643667624e-07,1,0.18616029620170593,-0.23123422265052795,0.7715476155281067,-0.03125319257378578
25,4.796123107553285e-07,2,0.18687698245048523,-0.22962962090969086,0.7717533111572266,-0.03163200616836548
25,5.690976081496046e-07,3,0.18794530630111694,-0.22996237874031067,0.77178955078125,-0.03116699866950512
25,5.803020712846774e-07,4,0.18834011256694794,-0.23027974367141724,0.7718209028244019,-0.030018063262104988
25,7.468684088962618e-07,5,0.18874968588352203,-0.23039551079273224,0.7718450427055359,-0.030804239213466644
25,7.798129786351637e-07,6,0.18910369277000427,-0.23009632527828217,0.7718424201011658,-0.031244514510035515
25,6.044658107384748e-07,7,0.1894679069519043,-0.22971029579639435,0.7717783451080322,-0.030986076220870018
25,4.361451431122987e-07,8,0.19008615612983704,-0.22967754304409027,0.7716450095176697,-0.0300125814974308
26,7.956911076689721e-07,1,0.18767818808555603,-0.22908619046211243,0.77166748046875,-0.03200967609882355
26,5.387959163272171e-07,2,0.18870514631271362,-0.22882725298404694,0.7716858386993408,-0.03140566870570183
26,4.894595804216806e-07,3,0.1890958845615387,-0.22884418070316315,0.7717205882072449,-0.02948800101876259
26,4.6030709199840203e-07,4,0.189669668674469,-0.2290174663066864,0.7717188596725464,-0.02776668593287468
26,3.781414079639944e-07,5,0.19047901034355164,-0.22897033393383026,0.7716916799545288,-0.02518095076084137
26,3.3368030472047394e-07,6,0.19166108965873718,-0.2288256734609604,0.7716569304466248,-0.02036604844033718
26,2.6774304728860443e-07,7,0.19291551411151886,-0.22873930633068085,0.7715710997581482,-0.014479726552963257
26,2.580073328317667e-07,8,0.1938820779323578,-0.22895929217338562,0.7714362144470215,-0.008830232545733452
27,2.2366823770880728e-07,1,0.18763461709022522,-0.2279721349477768,0.7717382907867432,-0.03408081829547882
27,2.4695680167496903e-07,2,0.18735027313232422,-0.22822847962379456,0.7718392014503479,-0.0281684547662735
27,2.6590177526486514e-07,3,0.18827472627162933,-0.22804850339889526,0.7718887329101562,-0.02629336155951023
27,3.008714486441022e-07,4,0.18945595622062683,-0.22764074802398682,0.771953284740448,-0.021499359980225563
27,2.843507047600724e-07,5,0.1908813863992691,-0.2271684855222702,0.7719696164131165,-0.015598157420754433
27,2.507615874947078e-07,6,0.19220617413520813,-0.22693605720996857,0.7719184160232544,-0.010213189758360386
27,2.5945894321921514e-07,7,0.1930653303861618,-0.2268761694431305,0.7718139290809631,-0.005659312941133976
27,2.78435265954613e-07,8,0.19316834211349487,-0.22657620906829834,0.7716234922409058,-0.0030493028461933136
28,6.077061129872163e-07,1,0.18194124102592468,-0.2319328933954239,0.7718045115470886,-0.027196470648050308
28,6.283274274210271e-07,2,0.18337838351726532,-0.23163481056690216,0.7717333436012268,-0.022873133420944214
28,5.69890516999294e-07,3,0.18410664796829224,-0.2304762601852417,0.7717272043228149,-0.01512190978974104
28,3.7186620716056495e-07,4,0.18508422374725342,-0.2297353595495224,0.7716964483261108,-0.0077331289649009705
28,3.321816848256276e-07,5,0.186090350151062,-0.22950826585292816,0.7716754078865051,-0.002398902550339699
28,4.2057385485350096e-07,6,0.1866069734096527,-0.22902487218379974,0.771682620048523,0.0002409331500530243
28,5.599914061349409e-07,7,0.18671098351478577,-0.22828371822834015,0.7716496586799622,-0.0016376599669456482
28,8.443843171335175e-07,8,0.1871148645877838,-0.2279629111289978,0.7715502977371216,-0.0058524953201413155
29,3.8356878917511494e-07,1,0.18272849917411804,-0.22990788519382477,0.7718910574913025,-0.025237582623958588
29,8.109112172860478e-07,2,0.18472279608249664,-0.23095904290676117,0.7722421884536743,-0.020258069038391113
29,4.6436659317805606e-07,3,0.18670311570167542,-0.23022110760211945,0.7722197771072388,-0.013531478121876717
29,3.615087393882277e-07,4,0.1880856156349182,-0.22999069094657898,0.7721884846687317,-0.006800739094614983
29,3.660583445252996e-07,5,0.18898165225982666,-0.2297053337097168,0.7721102833747864,-0.0019050873816013336
29,4.26040628553892e-07,6,0.1889391392469406,-0.22896461188793182,0.7719734907150269,-0.0005165096372365952
29,5.738784238928929e-07,7,0.18887092173099518,-0.22830703854560852,0.7717494964599609,-0.005786439403891563
29,1.193533876175934e-06,8,0.1895117163658142,-0.2284628450870514,0.7715261578559875,-0.012369167059659958
30,6.669675371995254e-07,1,0.18494829535484314,-0.23200823366641998,0.7722342014312744,-0.019500643014907837
30,6.971757784413057e-07,2,0.1862788200378418,-0.2312653660774231,0.7723510265350342,-0.012531610205769539
30,5.179395543564169e-07,3,0.18780669569969177,-0.23102952539920807,0.7722840309143066,-0.005646172910928726
30,3.751196402390633e-07,4,0.18825912475585938,-0.2302832305431366,0.7721467018127441,-0.0011155270040035248
30,4.1052146571018966e-07,5,0.18855887651443481,-0.22925783693790436,0.7720298171043396,-0.0013210363686084747
30,5.945560701547947e-07,6,0.18892058730125427,-0.22835597395896912,0.7718654870986938,-0.006287747994065285
30,1.2649535392483813e-06,7,0.18994560837745667,-0.2282329648733139,0.7716605067253113,-0.011461663991212845
30,3.3533131045260234e-06,8,0.19151687622070312,-0.2292681634426117,0.7715968489646912,-0.019004130735993385
31,2.160554259944547e-07,1,0.18423110246658325,-0.22801163792610168,0.7720947265625,-0.015079325065016747
31,2.3949391447786184e-07,2,0.18566814064979553,-0.2286193072795868,0.7719599604606628,-0.011188535019755363
31,2.766892635008844e-07,3,0.1864084154367447,-0.22886024415493011,0.7717887163162231,-0.00707621406763792
31,3.062396558561886e-07,4,0.1865273118019104,-0.22826148569583893,0.7715756297111511,-0.00569218210875988
31,3.8348466091520095e-07,5,0.1869935691356659,-0.2277037650346756,0.7713407874107361,-0.007799489423632622
31,6.547524549205264e-07,6,0.1881910264492035,-0.22797352075576782,0.7711793184280396,-0.010033376514911652
31,1.5854707271500956e-06,7,0.18989580869674683,-0.22913135588169098,0.7712898850440979,-0.015102557837963104
31,4.576698756864062e-06,8,0.19160209596157074,-0.23025956749916077,0.7717024683952332,-0.024178214371204376
32,4.401589990266075e-07,1,0.19089993834495544,-0.22583694756031036,0.7723379135131836,-0.009235428646206856
32,2.82631788195431e-07,2,0.19204407930374146,-0.22656524181365967,0.7719696164131165,-0.005777763202786446
32,3.0664998007523536e-07,3,0.19253559410572052,-0.22682397067546844,0.7717583775520325,-0.006296481937170029
32,4.360103673661797e-07,4,0.19292211532592773,-0.2270238846540451,0.7715892195701599,-0.010167375206947327
32,1.0695536047933274e-06,5,0.1938478946685791,-0.2280590832233429,0.7715171575546265,-0.013667900115251541
32,4.099262696399819e-06,6,0.19514882564544678,-0.23051685094833374,0.7716572880744934,-0.020132506266236305
32,1.7447029676986858e-05,7,0.19642062485218048,-0.2327069193124771,0.7719250321388245,-0.028801459819078445
32,3.158833715133369e-05,8,0.19795329868793488,-0.23306357860565186,0.7721905708312988,-0.03479459881782532
33,9.883306120173074e-07,1,0.19033832848072052,-0.23401102423667908,0.7728890180587769,-0.00763239711523056
33,2.56860062108899e-07,2,0.19045644998550415,-0.2329285889863968,0.772223174571991,-0.007409331388771534
33,3.749239851913444e-07,3,0.19049236178398132,-0.23263224959373474,0.7720925211906433,-0.009366082027554512
33,9.54568690758606e-07,4,0.19154155254364014,-0.2335377037525177,0.7719836235046387,-0.013024896383285522
33,2.9510376862162957e-06,5,0.19302870333194733,-0.23517219722270966,0.7719618082046509,-0.019550751894712448
33,1.1927650120924227e-05,6,0.19438078999519348,-0.23644262552261353,0.7721045613288879,-0.02726788818836212
33,4.988340879208408e-05,7,0.1960388422012329,-0.23651187121868134,0.7722156643867493,-0.03343306481838226
33,0.00011358649499015883,8,0.19800129532814026,-0.23556585609912872,0.7722269296646118,-0.03774598613381386
34,7.080857926666795e-07,1,0.18305331468582153,-0.231126606464386,0.7721589207649231,-0.0028912900015711784
34,3.161355550673761e-07,2,0.18345728516578674,-0.229152113199234,0.7717373967170715,-0.00487956777215004
34,5.355311714083655e-07,3,0.18404263257980347,-0.2287062257528305,0.7715924382209778,-0.006330492906272411
34,8.619682603239198e-07,4,0.18476438522338867,-0.2288278192281723,0.7714608907699585,-0.009863783605396748
34,1.7897125417221105e-06,5,0.18563014268875122,-0.2296585738658905,0.771541953086853,-0.02316940575838089
34,0.8993023037910461,6,0.18309025466442108,-0.23520243167877197,0.772343635559082,0.3408546447753906
34,0.9807460308074951,7,0.18396730720996857,-0.23329971730709076,0.7726972699165344,-0.030665148049592972
34,0.9752561450004578,8,0.18355566263198853,-0.23127920925617218,0.7715704441070557,-0.04856611788272858
35,7.284562002496386e-07,1,0.18133589625358582,-0.23214083909988403,0.7718347907066345,-0.005132023245096207
35,1.2180879593870486e-06,2,0.18357664346694946,-0.23149473965168,0.7716363072395325,-0.006010620854794979
35,1.5495943443966098e-06,3,0.18473687767982483,-0.23124639689922333,0.7714925408363342,-0.010000769980251789
35,2.298236950082355e-06,4,0.185806006193161,-0.2310875505208969,0.771523654460907,-0.029035065323114395
35,0.9433133006095886,5,0.1827457696199417,-0.23728786408901215,0.7721204161643982,0.3412560820579529
35,0.9553166627883911,6,0.18325604498386383,-0.23642484843730927,0.7715144753456116,-0.04337748885154724
35,0.9796966910362244,7,0.18278418481349945,-0.23302718997001648,0.7708149552345276,-0.04328649491071701
35,0.9880282878875732,8,0.18259108066558838,-0.23001109063625336,0.7701720595359802,-0.04293019324541092
36,1.6453082025691401e-06,1,0.17719464004039764,-0.2224670797586441,0.7714040875434875,-0.0059316810220479965
36,1.6799156128399773e-06,2,0.1785925328731537,-0.22303518652915955,0.7711662650108337,-0.010236579924821854
36,1.7484757108832127e-06,3,0.1800588071346283,-0.22418028116226196,0.7710686922073364,-0.01892918534576893
36,0.02007107622921467,4,0.17962995171546936,-0.23111777007579803,0.7703778743743896,-0.025855492800474167
36,0.9742184281349182,5,0.17890559136867523,-0.23061765730381012,0.7741546034812927,0.36885106563568115
36,0.994914174079895,6,0.17971214652061462,-0.23029516637325287,0.7751710414886475,-0.021261002868413925
36,0.9997151494026184,7,0.17724928259849548,-0.23103246092796326,0.7817834615707397,0.045884646475315094
36,0.999467670917511,8,0.1785389482975006,-0.2333170473575592,0.7935007810592651,0.06359553337097168
37,2.1617095171677647e-06,1,0.1793927103281021,-0.22383782267570496,0.7718827724456787,-0.0072813620790839195
37,2.0386754840728827e-05,2,0.17948538064956665,-0.22706589102745056,0.7722564339637756,-0.023519625887274742
37,0.9915288686752319,3,0.17710594832897186,-0.23024167120456696,0.7733327746391296,0.35771363973617554
37,0.9970884919166565,4,0.1786973774433136,-0.2323574423789978,0.7733153700828552,-0.036416202783584595
37,0.9990161657333374,5,0.1793590486049652,-0.23354707658290863,0.7740038633346558,-0.026986170560121536
37,0.9997919201850891,6,0.1765754520893097,-0.2328774482011795,0.7800782918930054,0.039110906422138214
37,0.9997836947441101,7,0.17739292979240417,-0.23529309034347534,0.7923842072486877,0.08363077044487
37,0.9998863935470581,8,0.17596367001533508,-0.2353207916021347,0.8074382543563843,-0.03895179554820061
38,1.3680798929271987e-06,1,0.18468976020812988,-0.2217329740524292,0.7717556357383728,-0.031124595552682877
38,0.946759045124054,2,0.18004612624645233,-0.22774726152420044,0.7716732621192932,0.3486943244934082
38,0.9912750720977783,3,0.1815195232629776,-0.22854475677013397,0.7715950608253479,-0.037452176213264465
38,0.9944250583648682,4,0.18245619535446167,-0.22794502973556519,0.7706108093261719,-0.04772970825433731
38,0.9966979026794434,5,0.18271099030971527,-0.2265382707118988,0.769752025604248,-0.04583679139614105
38,0.9969043135643005,6,0.18236693739891052,-0.22424720227718353,0.7691896557807922,-0.04206017777323723
38,0.996950626373291,7,0.18160828948020935,-0.22161877155303955,0.7687802910804749,-0.04035697504878044
38,0.9960945248603821,8,0.1812075823545456,-0.21935433149337769,0.7689541578292847,-0.033642008900642395
39,0.9105995893478394,1,0.1812553107738495,-0.2290751039981842,0.7713748812675476,0.3360728323459625
39,0.9658501148223877,2,0.18078747391700745,-0.228104367852211,0.7710282206535339,-0.039841488003730774
39,0.991958498954773,3,0.18064649403095245,-0.22497455775737762,0.7702776193618774,-0.04397672787308693
39,0.995790421962738,4,0.18077512085437775,-0.2225920855998993,0.7696060538291931,-0.04349450767040253
39,0.9974699020385742,5,0.18044058978557587,-0.2203824818134308,0.7688521146774292,-0.04464323818683624
39,0.9978262782096863,6,0.1803455650806427,-0.21841572225093842,0.7685379385948181,-0.03936747461557388
39,0.9976671934127808,7,0.1802491396665573,-0.2167484313249588,0.7686235904693604,-0.034598369151353836
39,0.9974258542060852,8,0.18028399348258972,-0.21588005125522614,0.7689191699028015,-0.032484911382198334
40,0.9807394742965698,1,0.17873221635818481,-0.23425033688545227,0.7745739221572876,-0.012226376682519913
40,0.999161958694458,2,0.17967237532138824,-0.23914919793605804,0.7778611779212952,0.002232559025287628
40,0.9997208714485168,3,0.17930899560451508,-0.23829078674316406,0.7862616777420044,0.06642526388168335
40,0.9997348189353943,4,0.17925570905208588,-0.23594413697719574,0.7993293404579163,0.008431898429989815
40,0.9998939037322998,5,0.17752313613891602,-0.23440568149089813,0.8152447938919067,-0.03849177435040474
40,0.999931812286377,6,0.17707234621047974,-0.23101134598255157,0.8304588198661804,-0.037666402757167816
40,0.9999594688415527,7,0.17694005370140076,-0.2265571802854538,0.8436614274978638,-0.03705145791172981
40,0.9999709129333496,8,0.17742615938186646,-0.22138014435768127,0.8551546931266785,-0.03655840456485748
41,0.9992018342018127,1,0.17839795351028442,-0.23750436305999756,0.7784584164619446,0.03241673484444618
41,0.9996567964553833,2,0.17919301986694336,-0.237369567155838,0.7867802977561951,0.06486645340919495
41,0.9997138381004333,3,0.17833712697029114,-0.23678340017795563,0.7998310923576355,0.0010504629462957382
41,0.9998914003372192,4,0.1767086684703827,-0.2363160401582718,0.8157398104667664,-0.03902926295995712
41,0.9999328851699829,5,0.17627783119678497,-0.2337740957736969,0.830523669719696,-0.03799775242805481
41,0.9999597072601318,6,0.1761815994977951,-0.22975367307662964,0.8429587483406067,-0.03703847527503967
41,0.9999696016311646,7,0.17672014236450195,-0.2250535935163498,0.8535639643669128,-0.03646799176931381
41,0.9999773502349854,8,0.17742213606834412,-0.22049354016780853,0.8625856637954712,-0.03626789525151253
42,0.999667763710022,1,0.1783881038427353,-0.2375393509864807,0.7827547192573547,0.06603062897920609
42,0.99943608045578,2,0.17918208241462708,-0.23406963050365448,0.7921932935714722,0.05357016250491142
42,0.9997938275337219,3,0.1757906973361969,-0.232157900929451,0.8063703179359436,-0.037277743220329285
42,0.9998292922973633,4,0.1749027669429779,-0.2283078283071518,0.8215177059173584,-0.03620048239827156
42,0.9998962879180908,5,0.1741468608379364,-0.2240208387374878,0.8354793190956116,-0.035866882652044296
42,0.9999188184738159,6,0.1743808090686798,-0.21913929283618927,0.8474931716918945,-0.03541525825858116
42,0.9999377727508545,7,0.17487244307994843,-0.21459417045116425,0.8577322959899902,-0.035437993705272675
42,0.9999550580978394,8,0.1755681037902832,-0.21050168573856354,0.8665212988853455,-0.03528892621397972
43,0.9995570778846741,1,0.17833051085472107,-0.23360556364059448,0.7995668053627014,-0.040853776037693024
43,0.999534010887146,2,0.1785578429698944,-0.2316773533821106,0.8121179342269897,-0.03837903216481209
43,0.9997045397758484,3,0.17767556011676788,-0.23011180758476257,0.8260893821716309,-0.038403335958719254
43,0.9998250603675842,4,0.1773223578929901,-0.22683772444725037,0.8389514088630676,-0.03750734031200409
43,0.9998781681060791,5,0.17721067368984222,-0.22215397655963898,0.8501155376434326,-0.036535486578941345
43,0.9999179840087891,6,0.1772381216287613,-0.21710355579853058,0.8599271774291992,-0.03594840690493584
43,0.9999423027038574,7,0.17758715152740479,-0.21226751804351807,0.8687572479248047,-0.035083480179309845
43,0.999955415725708,8,0.17836490273475647,-0.20818720757961273,0.8765668869018555,-0.034294091165065765
44,0.9998294115066528,1,0.1777782142162323,-0.23373863101005554,0.808725118637085,-0.04155869036912918
44,0.9998365640640259,2,0.17869271337985992,-0.23225849866867065,0.8229689598083496,-0.03855891153216362
44,0.9999001026153564,3,0.17758509516716003,-0.22892263531684875,0.8381611108779907,-0.03717512637376785
44,0.9999232292175293,4,0.177709698677063,-0.22394432127475739,0.8509533405303955,-0.036091674119234085
44,0.9999494552612305,5,0.1781785935163498,-0.2187803089618683,0.8613688349723816,-0.03559418022632599
44,0.9999651908874512,6,0.1795518845319748,-0.21451859176158905,0.8704984188079834,-0.034853801131248474
44,0.999975323677063,7,0.1815180480480194,-0.21163310110569,0.87781822681427,-0.03485461324453354
44,0.9999902248382568,8,0.17612352967262268,-0.20333358645439148,0.882805585861206,-0.035642415285110474
45,0.9999277591705322,1,0.1809389293193817,-0.22721005976200104,0.8250329494476318,-0.04315824806690216
45,0.9998953342437744,2,0.18039964139461517,-0.22555756568908691,0.8379688262939453,-0.03950554132461548
45,0.9998624324798584,3,0.1789696365594864,-0.22268308699131012,0.8505069017410278,-0.038214169442653656
45,0.9999513626098633,4,0.17863383889198303,-0.21821102499961853,0.8607363104820251,-0.03678138554096222
45,0.9999673366546631,5,0.17929449677467346,-0.21389316022396088,0.8693267107009888,-0.035367321223020554
45,0.9999732971191406,6,0.18033599853515625,-0.21082881093025208,0.8759577870368958,-0.03509676456451416
45,0.9999897480010986,7,0.1746561974287033,-0.2022963911294937,0.8809971213340759,-0.03546097129583359
45,0.9999922513961792,8,0.16774171590805054,-0.18960101902484894,0.8831086754798889,-0.03403879702091217
46,0.9998607635498047,1,0.17435310781002045,-0.22734546661376953,0.8383494019508362,-0.04236519709229469
46,0.9999250173568726,2,0.17551445960998535,-0.22160027921199799,0.8490793704986572,-0.038027286529541016
46,0.9999122619628906,3,0.1757776141166687,-0.21669872105121613,0.8586828112602234,-0.037525080144405365
46,0.9999390840530396,4,0.1767660528421402,-0.21263492107391357,0.8678422570228577,-0.03642629086971283
46,0.9999536275863647,5,0.17829973995685577,-0.2097950577735901,0.8748379349708557,-0.03616400435566902
46,0.999985933303833,6,0.17226405441761017,-0.20128880441188812,0.8800482749938965,-0.03685970976948738
46,0.9999901056289673,7,0.1656627058982849,-0.18857474625110626,0.8823867440223694,-0.03501075506210327
46,0.9999880790710449,8,0.15796703100204468,-0.17744015157222748,0.8835648894309998,-0.03613068908452988
47,0.9999080896377563,1,0.17431984841823578,-0.2242167741060257,0.8448851108551025,-0.03961116075515747
47,0.9997913241386414,2,0.17514844238758087,-0.22062917053699493,0.8535280227661133,-0.036746054887771606
47,0.9997782111167908,3,0.17634820938110352,-0.21832680702209473,0.8622615337371826,-0.036496084183454514
47,0.9999059438705444,4,0.17738132178783417,-0.21489495038986206,0.8698634505271912,-0.03556984290480614
47,0.9999743700027466,5,0.17090670764446259,-0.20364007353782654,0.8762527704238892,-0.03552650660276413
47,0.9999805688858032,6,0.16444294154644012,-0.18984825909137726,0.8797256946563721,-0.0345054566860199
47,0.9999768733978271,7,0.15701957046985626,-0.17779111862182617,0.8815467357635498,-0.03584282100200653
47,0.9999785423278809,8,0.14874140918254852,-0.16593781113624573,0.8826093077659607,-0.03594952076673508
48,0.999051034450531,1,0.1711343675851822,-0.2180224359035492,0.8510008454322815,-0.04067225754261017
48,0.9999091625213623,2,0.17515091598033905,-0.21240955591201782,0.8611663579940796,-0.03640599176287651
48,0.9998477697372437,3,0.1771308183670044,-0.20876777172088623,0.8675127625465393,-0.036824412643909454
48,0.9999691247940063,4,0.17106930911540985,-0.1990804821252823,0.8753542304039001,-0.037790216505527496
48,0.999981164932251,5,0.16548338532447815,-0.18613240122795105,0.8800727128982544,-0.03629525005817413
48,0.9999786615371704,6,0.15845975279808044,-0.17486131191253662,0.882615864276886,-0.037810180336236954
48,0.9999810457229614,7,0.15033699572086334,-0.16353541612625122,0.8840975165367126,-0.037920039147138596
48,0.9999810457229614,8,0.1409938484430313,-0.1512509435415268,0.8844718933105469,-0.037030719220638275
49,0.999976396560669,1,0.17726024985313416,-0.20272141695022583,0.8619880080223083,-0.035719066858291626
49,0.999945878982544,2,0.1791297048330307,-0.19621768593788147,0.8724929094314575,-0.034262873232364655
49,0.9999856948852539,3,0.17131714522838593,-0.1861630380153656,0.8790320754051208,-0.035920463502407074
49,0.9999886751174927,4,0.16618752479553223,-0.17210008203983307,0.8822761178016663,-0.03306259214878082
49,0.9999861717224121,5,0.1597326546907425,-0.16084188222885132,0.8851950168609619,-0.034919463098049164
49,0.9999867677688599,6,0.1513931155204773,-0.14988335967063904,0.886462926864624,-0.03639310598373413
49,0.9999866485595703,7,0.14194753766059875,-0.1379675716161728,0.8861632943153381,-0.03536093235015869
49,0.9999858140945435,8,0.13247700035572052,-0.125913605093956,0.8848201036453247,-0.03437702730298042
50,0.9998887777328491,1,0.17208920419216156,-0.20298151671886444,0.8738222718238831,-0.04037761688232422
50,0.9999006986618042,2,0.17301061749458313,-0.19357936084270477,0.8800820708274841,-0.03464007377624512
50,0.999976396560669,3,0.16632777452468872,-0.1776830404996872,0.884368896484375,-0.03422257676720619
50,0.9999784231185913,4,0.15950891375541687,-0.16278430819511414,0.8849461078643799,-0.03332535922527313
50,0.9999717473983765,5,0.15174600481987,-0.15001505613327026,0.8857561945915222,-0.033638402819633484
50,0.9999701976776123,6,0.14289681613445282,-0.13733088970184326,0.885613739490509,-0.03373929113149643
50,0.9999715089797974,7,0.13341501355171204,-0.12383192032575607,0.8838807344436646,-0.03203538805246353
50,0.9999709129333496,8,0.12505580484867096,-0.11006864160299301,0.8808426856994629,-0.030014049261808395
51,0.999987006187439,1,0.17549428343772888,-0.20062130689620972,0.8803149461746216,-0.036320388317108154
51,0.9999892711639404,2,0.16840893030166626,-0.18313908576965332,0.8837428092956543,-0.033331792801618576
51,0.9999901056289673,3,0.16085101664066315,-0.16740426421165466,0.8848775625228882,-0.032728880643844604
51,0.9999885559082031,4,0.15397143363952637,-0.15300312638282776,0.8863078951835632,-0.03183044493198395
51,0.9999873638153076,5,0.14630255103111267,-0.13918614387512207,0.8869903683662415,-0.031913936138153076
51,0.9999876022338867,6,0.13768652081489563,-0.12528130412101746,0.8860783576965332,-0.031056659296154976
51,0.9999874830245972,7,0.1295097917318344,-0.1115669459104538,0.8836289644241333,-0.029786638915538788
51,0.999987006187439,8,0.12265656143426895,-0.0977165699005127,0.8803320527076721,-0.027869820594787598
52,0.9999644756317139,1,0.16782289743423462,-0.18619590997695923,0.885696530342102,-0.03885965794324875
52,0.9999793767929077,2,0.16212469339370728,-0.17288997769355774,0.8860875964164734,-0.03461867570877075
52,0.99997878074646,3,0.15691354870796204,-0.15957632660865784,0.8860242366790771,-0.0341653898358345
52,0.9999786615371704,4,0.14967024326324463,-0.14685294032096863,0.8860200047492981,-0.03429216146469116
52,0.9999793767929077,5,0.1419348269701004,-0.13405708968639374,0.885360062122345,-0.033418167382478714
52,0.9999788999557495,6,0.13413196802139282,-0.12113118171691895,0.883850634098053,-0.03189034387469292
52,0.9999775886535645,7,0.1270434856414795,-0.10792303830385208,0.8815754652023315,-0.030040264129638672
52,0.9999768733978271,8,0.12100991606712341,-0.0937722772359848,0.878960907459259,-0.02718716487288475
53,0.999955415725708,1,0.16212362051010132,-0.17002442479133606,0.8817179203033447,-0.0356510765850544
53,0.9999822378158569,2,0.15635620057582855,-0.15758714079856873,0.8840041160583496,-0.03548644855618477
53,0.9999805688858032,3,0.14961938560009003,-0.144392192363739,0.8844991326332092,-0.03426892310380936
53,0.999980092048645,4,0.14146026968955994,-0.13085730373859406,0.8843690156936646,-0.03306567668914795
53,0.99997878074646,5,0.13348731398582458,-0.11716604232788086,0.8830099105834961,-0.03160018473863602
53,0.9999778270721436,6,0.12647128105163574,-0.10342521965503693,0.8806688189506531,-0.03005467727780342
53,0.9999775886535645,7,0.12107223272323608,-0.08912080526351929,0.8778176307678223,-0.027706928551197052
53,0.9999785423278809,8,0.11750832200050354,-0.07388956844806671,0.8749933838844299,-0.02451729215681553
54,0.999988317489624,1,0.15378382802009583,-0.15804468095302582,0.8843355774879456,-0.03765780106186867
54,0.9999794960021973,2,0.14770767092704773,-0.14437080919742584,0.8841350078582764,-0.03190399333834648
54,0.9999691247940063,3,0.14086562395095825,-0.13359199464321136,0.8834388256072998,-0.03397531807422638
54,0.9999716281890869,4,0.1330341100692749,-0.12149360775947571,0.8814521431922913,-0.03262374550104141
54,0.9999715089797974,5,0.12581871449947357,-0.10818323493003845,0.8785221576690674,-0.029805395752191544
54,0.9999716281890869,6,0.11972606927156448,-0.09389892220497131,0.8754596710205078,-0.026157405227422714
54,0.9999740123748779,7,0.11523465812206268,-0.07816708832979202,0.8727457523345947,-0.021491313353180885
54,0.9999775886535645,8,0.11208892613649368,-0.06163615733385086,0.8706463575363159,-0.01752202957868576
55,0.9999709129333496,1,0.14427292346954346,-0.14204099774360657,0.8845340013504028,-0.030274879187345505
55,0.9999698400497437,2,0.13748149573802948,-0.12877443432807922,0.8841482400894165,-0.0314604826271534
55,0.999970555305481,3,0.1311267614364624,-0.11785749346017838,0.8826280832290649,-0.033044662326574326
55,0.9999712705612183,4,0.12528353929519653,-0.10573919117450714,0.8798176646232605,-0.03102823905646801
55,0.9999749660491943,5,0.12000178545713425,-0.09195438027381897,0.8769353032112122,-0.027953270822763443
55,0.9999804496765137,6,0.11539231240749359,-0.07664769887924194,0.8746093511581421,-0.023775648325681686
55,0.9999841451644897,7,0.11133501678705215,-0.060457490384578705,0.8725181818008423,-0.019509708508849144
55,0.999984860420227,8,0.10868220776319504,-0.04303603246808052,0.8701775074005127,-0.01453275978565216
56,0.999972939491272,1,0.13970674574375153,-0.13009443879127502,0.8864144682884216,-0.03163575753569603
56,0.999956488609314,2,0.1322038173675537,-0.12014897167682648,0.8851407766342163,-0.03503948450088501
56,0.9999639987945557,3,0.1256350576877594,-0.10759913921356201,0.8829184770584106,-0.031243279576301575
56,0.9999678134918213,4,0.11993760615587234,-0.0940692126750946,0.8801437020301819,-0.028314970433712006
56,0.9999743700027466,5,0.11558187752962112,-0.07913607358932495,0.8777140974998474,-0.024280142039060593
56,0.9999796152114868,6,0.11233073472976685,-0.06302681565284729,0.8756114840507507,-0.020096084102988243
56,0.9999828338623047,7,0.1099473088979721,-0.04636410251259804,0.8737469911575317,-0.016554182395339012
56,0.9999833106994629,8,0.1085197851061821,-0.02932080067694187,0.8720811605453491,-0.012821375392377377
57,0.9999886751174927,1,0.13115373253822327,-0.11613419651985168,0.8858435153961182,-0.03036734089255333
57,0.9999709129333496,2,0.12519003450870514,-0.10891227424144745,0.8817464113235474,-0.034993939101696014
57,0.9999783039093018,3,0.11975353211164474,-0.09737736731767654,0.8788966536521912,-0.029384072870016098
57,0.9999810457229614,4,0.11574479937553406,-0.08307972550392151,0.8760688900947571,-0.023643653839826584
57,0.9999850988388062,5,0.1120721846818924,-0.06812158226966858,0.874211311340332,-0.019807500764727592
57,0.9999868869781494,6,0.10964981466531754,-0.051791854202747345,0.8724958896636963,-0.01509915478527546
57,0.9999866485595703,7,0.10800069570541382,-0.03591804951429367,0.8711414337158203,-0.012831510975956917
57,0.9999839067459106,8,0.10717014968395233,-0.020694687962532043,0.8701108694076538,-0.011013413779437542
58,0.9999581575393677,1,0.12527307868003845,-0.11271409690380096,0.8813871741294861,-0.03702142834663391
58,0.9999653100967407,2,0.11738777905702591,-0.0984860360622406,0.8776683807373047,-0.028441444039344788
58,0.9999616146087646,3,0.11138224601745605,-0.0845353826880455,0.8747534155845642,-0.02561325952410698
58,0.9999635219573975,4,0.10738633573055267,-0.06898705661296844,0.8724057674407959,-0.02027323842048645
58,0.9999662637710571,5,0.10460647940635681,-0.05301294103264809,0.8708897829055786,-0.016521109268069267
58,0.9999682903289795,6,0.10300648212432861,-0.03699091821908951,0.8700814843177795,-0.013109282590448856
58,0.9999635219573975,7,0.10210931301116943,-0.021881112828850746,0.869655191898346,-0.011260025203227997
58,0.9999496936798096,8,0.10141323506832123,-0.008000276982784271,0.8695720434188843,-0.01088966429233551
59,0.9999804496765137,1,0.11218356341123581,-0.10115919262170792,0.8758125305175781,-0.029597822576761246
59,0.9999579191207886,2,0.10751853883266449,-0.0896981805562973,0.8721126914024353,-0.027559131383895874
59,0.9999748468399048,3,0.10449753701686859,-0.07381313294172287,0.8708463311195374,-0.019033173099160194
59,0.9999749660491943,4,0.10225940495729446,-0.05711785703897476,0.8698630332946777,-0.014714519493281841
59,0.9999786615371704,5,0.1005307212471962,-0.04122147336602211,0.8699686527252197,-0.012239733710885048
59,0.999974250793457,6,0.0994403138756752,-0.025647319853305817,0.8703034520149231,-0.009105978533625603
59,0.9999617338180542,7,0.09849391132593155,-0.011723257601261139,0.8709096312522888,-0.00874666403979063
59,0.9999445676803589,8,0.09754624962806702,0.0011141076683998108,0.8721134066581726,-0.008583219721913338
60,0.9999051094055176,1,0.10519528388977051,-0.08820866048336029,0.8721432685852051,-0.03151794895529747
60,0.9999386072158813,2,0.1011541411280632,-0.07096900045871735,0.8691487312316895,-0.020060691982507706
60,0.9999467134475708,3,0.09823504090309143,-0.055205851793289185,0.8672728538513184,-0.01803615316748619
60,0.9999525547027588,4,0.09694837778806686,-0.03757103532552719,0.8663418889045715,-0.01195013988763094
60,0.9999470710754395,5,0.09604005515575409,-0.021743489429354668,0.8663874864578247,-0.011339911259710789
60,0.99992835521698,6,0.09538008272647858,-0.007252596318721771,0.8674787878990173,-0.011219799518585205
60,0.9999045133590698,7,0.09451866149902344,0.0053200386464595795,0.8695440292358398,-0.012957053259015083
60,0.9998995065689087,8,0.09379211068153381,0.01684478670358658,0.8725239038467407,-0.013665996491909027
61,0.9997811913490295,1,0.09788647294044495,-0.07976305484771729,0.8650887608528137,-0.025528615340590477
61,0.9999513626098633,2,0.09465213865041733,-0.057511985301971436,0.86480313539505,-0.01396273449063301
61,0.9999594688415527,3,0.09307901561260223,-0.03803181275725365,0.863890528678894,-0.012377224862575531
61,0.9999600648880005,4,0.09290417283773422,-0.019778437912464142,0.864717423915863,-0.00949666928499937
61,0.9999406337738037,5,0.09252238273620605,-0.005078885704278946,0.866331160068512,-0.0118621326982975
61,0.9999101161956787,6,0.09206409007310867,0.007297925651073456,0.8688533306121826,-0.013791808858513832
61,0.999897837638855,7,0.09166024625301361,0.018824800848960876,0.8721588850021362,-0.013891627080738544
61,0.9999046325683594,8,0.0914214700460434,0.03031749278306961,0.8757537603378296,-0.012783128768205643
62,0.9998683929443359,1,0.0930306538939476,-0.06953378021717072,0.8675731420516968,-0.022930949926376343
62,0.9999701976776123,2,0.09162291884422302,-0.05035824328660965,0.8679031133651733,-0.013834823854267597
62,0.9999569654464722,3,0.09019741415977478,-0.034404247999191284,0.8670017719268799,-0.014089822769165039
62,0.9999575614929199,4,0.08987264335155487,-0.01956585794687271,0.8685762882232666,-0.012408868409693241
62,0.999927282333374,5,0.0892225131392479,-0.006872605532407761,0.8700610399246216,-0.013859085738658905
62,0.9999021291732788,6,0.08834555745124817,0.00442732498049736,0.8725030422210693,-0.014954546466469765
62,0.9998995065689087,7,0.08749906718730927,0.015473347157239914,0.8754181265830994,-0.014296154491603374
62,0.9999125003814697,8,0.08678153157234192,0.02670418471097946,0.8785452842712402,-0.012958657927811146
63,0.9999222755432129,1,0.08388909697532654,-0.037033069878816605,0.8661090731620789,-0.007024866063147783
63,0.9999749660491943,2,0.08454956114292145,-0.018214944750070572,0.8690211772918701,-0.006682304199784994
63,0.9999632835388184,3,0.08690148591995239,-0.0025154389441013336,0.8708972334861755,-0.007958508096635342
63,0.9999520778656006,4,0.08770012110471725,0.010099921375513077,0.8737136125564575,-0.011533042415976524
63,0.9999490976333618,5,0.08826714754104614,0.022343888878822327,0.8769106268882751,-0.010897209867835045
63,0.9999533891677856,6,0.08866924047470093,0.03419984132051468,0.8800698518753052,-0.010374325327575207
63,0.9999626874923706,7,0.08912670612335205,0.046347476541996,0.8829245567321777,-0.008783090859651566
63,0.9999712705612183,8,0.08975459635257721,0.05912969261407852,0.8850179314613342,-0.006772116757929325
64,0.9999580383300781,1,0.08696594834327698,-0.03819350525736809,0.8703917264938354,-0.024108536541461945
64,0.9999709129333496,2,0.0876598060131073,-0.02465638518333435,0.8758640289306641,-0.013658803887665272
64,0.999947190284729,3,0.0885017141699791,-0.012381739914417267,0.8788725137710571,-0.013774896040558815
64,0.9999430179595947,4,0.08865536749362946,0.00021016225218772888,0.8823676705360413,-0.011942248791456223
64,0.9999451637268066,5,0.08877630531787872,0.013268403708934784,0.8852471709251404,-0.009725811891257763
64,0.9999562501907349,6,0.08881600201129913,0.026556722819805145,0.8875238299369812,-0.007928845472633839
64,0.9999669790267944,7,0.08877867460250854,0.0402950793504715,0.8889596462249756,-0.005943239666521549
64,0.9999744892120361,8,0.08879764378070831,0.054405927658081055,0.8893094658851624,-0.004401327110826969
65,0.9999494552612305,1,0.08715996891260147,-0.01953689381480217,0.8752764463424683,-0.018873009830713272
65,0.9999481439590454,2,0.08854693174362183,-0.006566092371940613,0.8801196217536926,-0.01704227179288864
65,0.9999325275421143,3,0.08951540291309357,0.005788344889879227,0.8840008974075317,-0.015775790438055992
65,0.9999406337738037,4,0.09040368348360062,0.018946878612041473,0.8874331116676331,-0.012224387377500534
65,0.9999516010284424,5,0.09142377227544785,0.032295070588588715,0.8896960616111755,-0.009741530753672123
65,0.9999648332595825,6,0.09234371781349182,0.046006686985492706,0.8907619118690491,-0.007359055336564779
65,0.9999736547470093,7,0.09328783303499222,0.0602615624666214,0.8904509544372559,-0.00520685687661171
65,0.999980092048645,8,0.09416251629590988,0.07481635361909866,0.8881477117538452,-0.004050382412970066
66,0.9999687671661377,1,0.08649232983589172,-0.011857762932777405,0.8849823474884033,-0.015368026681244373
66,0.9999290704727173,2,0.08684676140546799,0.0006686821579933167,0.8871889114379883,-0.013823850080370903
66,0.9999438524246216,3,0.08804449439048767,0.015175241976976395,0.8907316327095032,-0.009376848116517067
66,0.9999371767044067,4,0.08876661956310272,0.02911524474620819,0.8928525447845459,-0.009128796868026257
66,0.9999526739120483,5,0.08918897807598114,0.042974554002285004,0.8938890099525452,-0.008107112720608711
66,0.9999626874923706,6,0.08975940942764282,0.056883350014686584,0.8930453658103943,-0.007117215543985367
66,0.9999719858169556,7,0.09024608880281448,0.07071981579065323,0.8900195360183716,-0.006737908814102411
66,0.9999772310256958,8,0.09048676490783691,0.08428102731704712,0.8849199414253235,-0.006928303744643927
67,0.9999039173126221,1,0.09237432479858398,0.0020284056663513184,0.880216658115387,-0.008526507765054703
67,0.9999406337738037,2,0.09226100146770477,0.016339123249053955,0.8840416073799133,-0.008689245209097862
67,0.9999520778656006,3,0.0925852432847023,0.029469139873981476,0.8868383765220642,-0.009071672335267067
67,0.9999649524688721,4,0.09272296726703644,0.04311971366405487,0.8885857462882996,-0.006761784665286541
67,0.9999736547470093,5,0.0931043028831482,0.057623058557510376,0.8893749713897705,-0.0041251033544540405
67,0.9999791383743286,6,0.09340602904558182,0.07233225554227829,0.8886626958847046,-0.0030632303096354008
67,0.9999817609786987,7,0.09346124529838562,0.08662779629230499,0.8861775398254395,-0.0034558868501335382
67,0.9999821186065674,8,0.09327864646911621,0.10026438534259796,0.8822387456893921,-0.004461389034986496
68,0.9999703168869019,1,0.08819791674613953,0.012281473726034164,0.8838180899620056,-0.0038172039203345776
68,0.9999693632125854,2,0.08832473307847977,0.025438718497753143,0.8873655200004578,-0.01173048373311758
68,0.9999759197235107,3,0.08851439505815506,0.04034426063299179,0.8889649510383606,-0.007133270613849163
68,0.999980092048645,4,0.08879433572292328,0.05565188080072403,0.8884256482124329,-0.005308068823069334
68,0.9999842643737793,5,0.0890093445777893,0.07111527770757675,0.8848851919174194,-0.004373508971184492
68,0.9999862909317017,6,0.08892986923456192,0.08601683378219604,0.8787912130355835,-0.0049614268355071545
68,0.9999850988388062,7,0.08865393698215485,0.09969489276409149,0.8711650371551514,-0.006898841820657253
68,0.9999825954437256,8,0.08823227882385254,0.11238075792789459,0.8629690408706665,-0.007668151054531336
69,0.9999831914901733,1,0.09075474739074707,0.02736084908246994,0.8846412301063538,0.0007043518126010895
69,0.9999830722808838,2,0.09190592169761658,0.04234343767166138,0.8873844146728516,-0.00599454203620553
69,0.9999798536300659,3,0.09177206456661224,0.0554380863904953,0.8881673216819763,-0.008762373588979244
69,0.9999881982803345,4,0.09152822941541672,0.06994244456291199,0.8877034783363342,-0.005185314454138279
69,0.9999879598617554,5,0.09190025925636292,0.08511340618133545,0.8842889070510864,-0.00331803597509861
69,0.9999884366989136,6,0.09176712483167648,0.09917894005775452,0.8787060976028442,-0.005181791726499796
69,0.999987006187439,7,0.09173516929149628,0.11265042424201965,0.8718230128288269,-0.005420822650194168
69,0.9999839067459106,8,0.09183678030967712,0.12584279477596283,0.8641172647476196,-0.004501762334257364
70,0.9999797344207764,1,0.09172460436820984,0.0400797575712204,0.8859694600105286,-0.000264056958258152
70,0.9999834299087524,2,0.09211668372154236,0.05466059595346451,0.8875881433486938,-0.006170867942273617
70,0.9999822378158569,3,0.09235502779483795,0.06894322484731674,0.8865606784820557,-0.006171870976686478
70,0.9999871253967285,4,0.09210442006587982,0.08372923731803894,0.883607804775238,-0.004379470366984606
70,0.9999864101409912,5,0.0920487642288208,0.0983106940984726,0.8786279559135437,-0.004202422220259905
70,0.9999860525131226,6,0.09163172543048859,0.11199791729450226,0.8724859356880188,-0.00546451099216938
70,0.9999834299087524,7,0.09144069999456406,0.12520956993103027,0.8655558228492737,-0.0052339970134198666
70,0.9999783039093018,8,0.09143330156803131,0.13808788359165192,0.8581699728965759,-0.004802389536052942
71,0.9999743700027466,1,0.09454061090946198,0.06007193773984909,0.8845458030700684,0.0011380678042769432
71,0.9999810457229614,2,0.09477244317531586,0.07492800056934357,0.884988009929657,-0.006346048787236214
71,0.9999716281890869,3,0.09560346603393555,0.08863435685634613,0.8815944790840149,-0.008467981591820717
71,0.9999819993972778,4,0.09537380933761597,0.10215722024440765,0.8761764764785767,-0.007884383201599121
71,0.9999803304672241,5,0.0955115556716919,0.11590580642223358,0.869238555431366,-0.006245426367968321
71,0.9999773502349854,6,0.09565629810094833,0.12893277406692505,0.861444890499115,-0.006244794465601444
71,0.9999685287475586,7,0.09604553133249283,0.14174270629882812,0.853222668170929,-0.005320330616086721
71,0.9999514818191528,8,0.0965505987405777,0.1538850963115692,0.8450966477394104,-0.0056709349155426025
72,0.9999877214431763,1,0.09330761432647705,0.0732569471001625,0.8921301364898682,-0.0006262650713324547
72,0.9999758005142212,2,0.09573738276958466,0.0863032341003418,0.8856931328773499,-0.005897860042750835
72,0.9999868869781494,3,0.09563126415014267,0.09882201254367828,0.8762977123260498,-0.006703621242195368
72,0.9999794960021973,4,0.0961260199546814,0.11097995936870575,0.8656336665153503,-0.0062585994601249695
72,0.9999788999557495,5,0.0956592708826065,0.12258528172969818,0.8555272817611694,-0.006310432218015194
72,0.9999699592590332,6,0.09550753235816956,0.13413289189338684,0.8458680510520935,-0.005272447131574154
72,0.9999525547027588,7,0.09553887695074081,0.1447039097547531,0.8371049165725708,-0.006348744500428438
72,0.9999176263809204,8,0.09539224952459335,0.15450970828533173,0.8299139738082886,-0.007132478058338165
73,0.9999850988388062,1,0.09046074002981186,0.09409324824810028,0.8778946995735168,-0.0023394939489662647
73,0.9999732971191406,2,0.09114895761013031,0.10727035999298096,0.8683120012283325,-0.006983376573771238
73,0.9999774694442749,3,0.09098806232213974,0.11930496990680695,0.8597277998924255,-0.007524135056883097
73,0.9999697208404541,4,0.09111671149730682,0.1318996548652649,0.8509113788604736,-0.004457677714526653
73,0.999962329864502,5,0.09105983376502991,0.14380140602588654,0.8426066040992737,-0.00453015323728323
73,0.9999450445175171,6,0.09122708439826965,0.15477800369262695,0.8350104689598083,-0.005230897571891546
73,0.9999102354049683,7,0.09118485450744629,0.16491959989070892,0.8291115760803223,-0.006069363094866276
73,0.9998114705085754,8,0.09132122993469238,0.17607742547988892,0.8275769352912903,-0.0036054053343832493
74,0.9999613761901855,1,0.09285937249660492,0.10058195888996124,0.8704954385757446,0.0057455310598015785
74,0.9999613761901855,2,0.09284137189388275,0.11147426068782806,0.8628537058830261,-0.013132540509104729
74,0.9999382495880127,3,0.09340444207191467,0.12130585312843323,0.8540223836898804,-0.014042631722986698
74,0.9999362230300903,4,0.09336107969284058,0.13155078887939453,0.8457942605018616,-0.011258947663009167
74,0.9999126195907593,5,0.09357642382383347,0.14214301109313965,0.838871419429779,-0.008634768426418304
74,0.9998575448989868,6,0.09356462955474854,0.15320397913455963,0.8346434831619263,-0.006461012177169323
74,0.9997901320457458,7,0.09374258667230606,0.1657622903585434,0.836514949798584,-0.003766349982470274
74,0.9998313188552856,8,0.09421830624341965,0.1778990924358368,0.8451884388923645,-0.00564797967672348
75,0.9999710321426392,1,0.09318554401397705,0.12381263077259064,0.8662658929824829,-0.004961107857525349
75,0.9999556541442871,2,0.09454033523797989,0.132552832365036,0.8566593527793884,-0.015389693900942802
75,0.9999271631240845,3,0.09530787169933319,0.14045552909374237,0.8464177250862122,-0.015444415621459484
75,0.9999054670333862,4,0.09549315273761749,0.1490572839975357,0.8377000093460083,-0.011809291318058968
75,0.9998588562011719,5,0.09541545808315277,0.1580338329076767,0.8307638168334961,-0.009329920634627342
75,0.9997358918190002,6,0.09514513611793518,0.16839486360549927,0.8275740146636963,-0.005681303795427084
75,0.9996525049209595,7,0.0965072363615036,0.17987197637557983,0.8327925205230713,-0.004303466994315386
75,0.9997815489768982,8,0.09731400012969971,0.19038237631320953,0.844197154045105,-0.007532279472798109
76,0.9999691247940063,1,0.09344550967216492,0.13088813424110413,0.8577702045440674,0.0013383934274315834
76,0.9999722242355347,2,0.09376680850982666,0.14034698903560638,0.8498678803443909,-0.01318348478525877
76,0.9999344348907471,3,0.09510909020900726,0.15034042298793793,0.8406447768211365,-0.010378697887063026
76,0.9999071359634399,4,0.09517943859100342,0.16009245812892914,0.8333811163902283,-0.009781443513929844
76,0.9998406171798706,5,0.09451048076152802,0.17101365327835083,0.8290284276008606,-0.006829584948718548
76,0.9997312426567078,6,0.09520398825407028,0.18313062191009521,0.8315936326980591,-0.0043103345669806
76,0.9998120665550232,7,0.09624101966619492,0.19417639076709747,0.8413896560668945,-0.007681693881750107
76,0.9997701048851013,8,0.09689532965421677,0.20482634007930756,0.8526684641838074,-0.008877137675881386
77,0.9999707937240601,1,0.09328675270080566,0.14267010986804962,0.8447801470756531,-0.008474470116198063
77,0.9999192953109741,2,0.09471416473388672,0.15203560888767242,0.8349515199661255,-0.010660979896783829
77,0.9999089241027832,3,0.09480340778827667,0.16022475063800812,0.8282973170280457,-0.012441512197256088
77,0.9998031258583069,4,0.09480910003185272,0.16932804882526398,0.8237344622612,-0.009270308539271355
77,0.9996252059936523,5,0.09598355740308762,0.1797393262386322,0.8268994688987732,-0.00756367202848196
77,0.9997696280479431,6,0.0968574583530426,0.18982471525669098,0.8376131653785706,-0.009364951401948929
77,0.9996905326843262,7,0.09725905954837799,0.19891178607940674,0.8498958945274353,-0.012403268367052078
77,0.9992665648460388,8,0.09757501631975174,0.20891724526882172,0.8610047698020935,-0.009659374132752419
78,0.9998431205749512,1,0.09545674920082092,0.14768217504024506,0.8335987329483032,-0.009201545268297195
78,0.9998553991317749,2,0.09513255953788757,0.155347540974617,0.8280389308929443,-0.015882492065429688
78,0.9996576309204102,3,0.09506703913211823,0.1646450012922287,0.8235850930213928,-0.010838959366083145
78,0.9994316697120667,4,0.09612131118774414,0.17573432624340057,0.8274341821670532,-0.00765660684555769
78,0.9997125267982483,5,0.09675991535186768,0.18783986568450928,0.839113712310791,-0.005149637348949909
78,0.9995867609977722,6,0.09744042158126831,0.1975908726453781,0.8516656756401062,-0.011611085385084152
78,0.9991699457168579,7,0.09826147556304932,0.20802174508571625,0.8627544045448303,-0.00924303662031889
78,0.9987773299217224,8,0.09949225932359695,0.22085262835025787,0.8714379072189331,-0.0014755073934793472
79,0.9999618530273438,1,0.09191745519638062,0.16452252864837646,0.8338426947593689,-0.010525975376367569
79,0.9999120235443115,2,0.09239817410707474,0.1740773618221283,0.8276607394218445,-0.008152591064572334
79,0.9998403787612915,3,0.09388352185487747,0.18488764762878418,0.8284012675285339,-0.004821655806154013
79,0.9998683929443359,4,0.09560443460941315,0.1958196461200714,0.8371957540512085,-0.004762261174619198
79,0.9998212456703186,5,0.0967448502779007,0.20665700733661652,0.8486248850822449,-0.005013252608478069
79,0.9996169805526733,6,0.09767945855855942,0.21774254739284515,0.8590534329414368,-0.0041033015586435795
79,0.9992515444755554,7,0.09882602840662003,0.2299250215291977,0.8678767681121826,-0.0007856590673327446
79,0.9985833168029785,8,0.10044693201780319,0.24146489799022675,0.8745934963226318,-0.002360231475904584
80,0.9999051094055176,1,0.0935877114534378,0.1822180151939392,0.8322519063949585,-0.014460837468504906
80,0.9997276663780212,2,0.09556450694799423,0.1918051689863205,0.8341678977012634,-0.012616429477930069
80,0.9998326301574707,3,0.09683473408222198,0.2025216519832611,0.8450583815574646,-0.009785400703549385
80,0.9997124075889587,4,0.09784339368343353,0.21291454136371613,0.8556260466575623,-0.010481050238013268
80,0.999518632888794,5,0.09881620109081268,0.22422902286052704,0.8653028607368469,-0.00703671807423234
80,0.9992362260818481,6,0.10010019689798355,0.2372690588235855,0.8734396696090698,-0.0013052048161625862
80,0.9985226988792419,7,0.10159577429294586,0.248961940407753,0.8790622353553772,-0.004526576958596706
80,0.9966457486152649,8,0.10294033586978912,0.25776469707489014,0.8822482228279114,-0.012795887887477875
81,0.9998601675033569,1,0.09406532347202301,0.20007286965847015,0.8380743861198425,0.0014722663909196854
81,0.9999357461929321,2,0.09598677605390549,0.209856316447258,0.8473439812660217,-0.010541334748268127
81,0.9999245405197144,3,0.09770609438419342,0.21907417476177216,0.8570402264595032,-0.011653443798422813
81,0.999821126461029,4,0.09956131875514984,0.22870789468288422,0.8666144609451294,-0.009468586184084415
81,0.9996521472930908,5,0.1009468212723732,0.24078764021396637,0.8753785490989685,-0.0018324768170714378
81,0.9992115497589111,6,0.10243833065032959,0.25280362367630005,0.8817378282546997,-0.001999079715460539
81,0.9977929592132568,7,0.10370101034641266,0.261269748210907,0.8849325180053711,-0.013125278055667877
81,0.9942169189453125,8,0.10465595126152039,0.26385509967803955,0.883652925491333,-0.028868846595287323
82,0.9999245405197144,1,0.0951784998178482,0.20299935340881348,0.8469955325126648,0.004760285839438438
82,0.9999327659606934,2,0.09653782099485397,0.21414662897586823,0.8568476438522339,-0.0070241219364106655
82,0.9998672008514404,3,0.09858717024326324,0.2248729020357132,0.866280198097229,-0.0070004877634346485
82,0.9997184872627258,4,0.10035787522792816,0.23709599673748016,0.8745284676551819,-0.0022854870185256004
82,0.9994262456893921,5,0.10216860473155975,0.2489423006772995,0.8805727958679199,-0.0032078588847070932
82,0.9985200762748718,6,0.10388803482055664,0.2583908438682556,0.884085476398468,-0.010866906493902206
82,0.9968155026435852,7,0.10482139885425568,0.26395702362060547,0.8833802342414856,-0.022645408287644386
82,0.9969279170036316,8,0.10563773661851883,0.26768094301223755,0.8767982721328735,-0.029529549181461334
83,0.9999065399169922,1,0.0944020077586174,0.2060454934835434,0.8572827577590942,0.0074989693239331245
83,0.9998383522033691,2,0.09782078117132187,0.21711818873882294,0.8662773966789246,-0.005071600433439016
83,0.9993880987167358,3,0.1005374938249588,0.229437455534935,0.873791515827179,-0.0016361260786652565
83,0.9987785220146179,4,0.10199747234582901,0.2415691465139389,0.8786462545394897,-0.002011015545576811
83,0.9977942705154419,5,0.10328378528356552,0.25211507081985474,0.8816589117050171,-0.006537218578159809
83,0.9957166314125061,6,0.10444237291812897,0.2589462399482727,0.8820595741271973,-0.016612518578767776
83,0.9931349754333496,7,0.1049240455031395,0.2614933252334595,0.8775440454483032,-0.028414547443389893
83,0.998785674571991,8,0.10504019260406494,0.2702861428260803,0.8641253113746643,-0.0189822930842638
84,0.9997556805610657,1,0.09773167967796326,0.222675159573555,0.8678305745124817,0.013902474194765091
84,0.9997807145118713,2,0.09973657131195068,0.235378697514534,0.8769123554229736,0.0006728270091116428
84,0.9989988207817078,3,0.10296587646007538,0.2465994507074356,0.8838390111923218,-0.0036415555514395237
84,0.9979052543640137,4,0.10497599840164185,0.25635427236557007,0.8879556655883789,-0.008567399345338345
84,0.9958997368812561,5,0.10615916550159454,0.2628316879272461,0.8874536752700806,-0.019224651157855988
84,0.9975520968437195,6,0.10732327401638031,0.26991820335388184,0.8801348209381104,-0.02643970400094986
84,0.9993718266487122,7,0.10717730224132538,0.2752249836921692,0.8646639585494995,-0.03700931742787361
84,0.9995645880699158,8,0.10691620409488678,0.2767631411552429,0.848415195941925,-0.03462058678269386
85,0.9998359680175781,1,0.09787731617689133,0.23993729054927826,0.8727964162826538,0.01378198154270649
85,0.9997708201408386,2,0.10049626976251602,0.2495162934064865,0.8803545832633972,-0.008797288872301579
85,0.9981676340103149,3,0.10346796363592148,0.2574600577354431,0.8844707608222961,-0.014295191504061222
85,0.9969120025634766,4,0.10472872853279114,0.26331156492233276,0.8839362859725952,-0.020341167226433754
85,0.9961250424385071,5,0.10553736239671707,0.26607728004455566,0.8776971101760864,-0.02922935225069523
85,0.999291181564331,6,0.10498131811618805,0.27229899168014526,0.8629474639892578,-0.028630785644054413
85,0.9993661046028137,7,0.1041855663061142,0.2725410461425781,0.8472411632537842,-0.030679993331432343
85,0.999734103679657,8,0.10460309684276581,0.2742719054222107,0.8320767879486084,-0.036477964371442795
86,0.9997314810752869,1,0.10169755667448044,0.2403251975774765,0.8800060749053955,0.01101000513881445
86,0.9986791014671326,2,0.1046767383813858,0.25422900915145874,0.8855061531066895,0.0023656366392970085
86,0.9969303011894226,3,0.1062500923871994,0.2633749842643738,0.8873392343521118,-0.014545897021889687
86,0.9949069619178772,4,0.10765474289655685,0.2684307098388672,0.8835426568984985,-0.030136913061141968
86,0.9988202452659607,5,0.10866747796535492,0.27615636587142944,0.8717142939567566,-0.04114566743373871
86,0.9991204142570496,6,0.10816802829504013,0.277739942073822,0.8569080829620361,-0.03410392254590988
86,0.9996546506881714,7,0.10876159369945526,0.2792987823486328,0.8408029079437256,-0.036713842302560806
86,0.9997758269309998,8,0.10965438187122345,0.2799590826034546,0.8259040713310242,-0.03537566959857941
87,0.9992030262947083,1,0.10435997694730759,0.24472109973430634,0.8855551481246948,0.003397203516215086
87,0.998769223690033,2,0.10617852210998535,0.25304746627807617,0.8889611959457397,-0.012901605106890202
87,0.9958239793777466,3,0.10690192133188248,0.25771886110305786,0.8876909613609314,-0.021447129547595978
87,0.9981715679168701,4,0.10785382241010666,0.2637172341346741,0.8801978230476379,-0.02126982994377613
87,0.9995105266571045,5,0.10722263902425766,0.26601576805114746,0.865521252155304,-0.027024919167160988
87,0.9996780157089233,6,0.10665586590766907,0.2668137550354004,0.8504151105880737,-0.029810592532157898
87,0.9998283386230469,7,0.10706357657909393,0.2676371932029724,0.8364813327789307,-0.032531920820474625
87,0.9998499155044556,8,0.1079663559794426,0.2687308192253113,0.823822557926178,-0.0338330939412117
88,0.9996305704116821,1,0.10465475171804428,0.2627130150794983,0.8848960399627686,-0.00892192218452692
88,0.9950966238975525,2,0.10635587573051453,0.26870197057724,0.8845716714859009,-0.02436176687479019
88,0.9988553524017334,3,0.10824252665042877,0.2763094902038574,0.8757823705673218,-0.04397941753268242
88,0.9995065927505493,4,0.10800935328006744,0.2779141068458557,0.8610819578170776,-0.03488116338849068
88,0.999686598777771,5,0.10812816768884659,0.27822345495224,0.8460411429405212,-0.03312009945511818
88,0.999790608882904,6,0.1091075912117958,0.27828413248062134,0.8319834470748901,-0.034378424286842346
88,0.9998281002044678,7,0.11061280965805054,0.2780733108520508,0.8192555904388428,-0.035124439746141434
88,0.9998220801353455,8,0.11223727464675903,0.2773745656013489,0.8079380989074707,-0.03479192778468132
89,0.9989684820175171,1,0.10342167317867279,0.2715896964073181,0.8795934319496155,-0.021901872009038925
89,0.9988783001899719,2,0.10516031086444855,0.2751445770263672,0.8756768107414246,-0.04239990562200546
89,0.9995997548103333,3,0.10581611096858978,0.2761869430541992,0.8636866211891174,-0.03604188188910484
89,0.9996228218078613,4,0.10569169372320175,0.2757778763771057,0.8495482206344604,-0.031245868653059006
89,0.9997544884681702,5,0.10659327358007431,0.27561241388320923,0.8354449272155762,-0.03394138813018799
89,0.9997963309288025,6,0.10806144028902054,0.2755205035209656,0.8221955299377441,-0.03538702800869942
89,0.9998025298118591,7,0.10972744226455688,0.27495092153549194,0.8102782964706421,-0.03493723273277283
89,0.9997410178184509,8,0.11099804192781448,0.27329450845718384,0.7998784184455872,-0.032300595194101334
90,0.9970687031745911,1,0.10477179288864136,0.2739112973213196,0.8773788213729858,-0.037512488663196564
90,0.9993906021118164,2,0.10631415247917175,0.27943915128707886,0.8649640083312988,-0.047821614891290665
90,0.9995220899581909,3,0.10670436918735504,0.28097420930862427,0.851063072681427,-0.03665859252214432
90,0.9997847676277161,4,0.10822103172540665,0.2821083664894104,0.8367067575454712,-0.03739027678966522
90,0.9998459815979004,5,0.11022379249334335,0.28275156021118164,0.8235814571380615,-0.03713662549853325
90,0.9998667240142822,6,0.11255583167076111,0.2823524475097656,0.8118863701820374,-0.03581387549638748
90,0.9998452663421631,7,0.1147925853729248,0.28101956844329834,0.8011837005615234,-0.03446038067340851
90,0.9995915293693542,8,0.11771545559167862,0.2781159281730652,0.78971928358078,-0.03839792683720589
91,0.9997095465660095,1,0.10494539886713028,0.2759908437728882,0.8626994490623474,-0.03768103942275047
91,0.9997454285621643,2,0.10407638549804688,0.2762957811355591,0.8491982817649841,-0.031536661088466644
91,0.9998352527618408,3,0.10416410863399506,0.2758992314338684,0.8349907994270325,-0.03145258128643036
91,0.9998760223388672,4,0.1050967201590538,0.27587902545928955,0.8220477104187012,-0.0336027592420578
91,0.9998860359191895,5,0.10637164115905762,0.2752400040626526,0.810824453830719,-0.03216934576630592
91,0.9998284578323364,6,0.10723047703504562,0.27274608612060547,0.8019638061523438,-0.028363769873976707
91,0.9996576309204102,7,0.10820713639259338,0.27023839950561523,0.7970916032791138,-0.031545240432024
91,0.9944127202033997,8,0.10995044559240341,0.27140170335769653,0.7898116111755371,-0.037884652614593506
92,0.9997078776359558,1,0.10668427497148514,0.285725474357605,0.8529335856437683,-0.030375437811017036
92,0.9997493624687195,2,0.10761106759309769,0.2843509316444397,0.8391115069389343,-0.029499704018235207
92,0.9997853636741638,3,0.10886812210083008,0.2828197479248047,0.825271725654602,-0.030092140659689903
92,0.9998063445091248,4,0.11046119034290314,0.28137660026550293,0.8127431869506836,-0.03164226561784744
92,0.9997922778129578,5,0.11201970279216766,0.2798881530761719,0.8019702434539795,-0.03209847956895828
92,0.9997193217277527,6,0.1132822185754776,0.277925968170166,0.7929853200912476,-0.031054478138685226
92,0.026334023103117943,7,0.11551791429519653,0.2786373496055603,0.7703795433044434,-1.50655996799469
92,7.442139121849323e-06,8,0.11469704657793045,0.27382880449295044,0.7709555625915527,-0.015157443471252918
93,0.9999305009841919,1,0.10498812049627304,0.28330564498901367,0.8392865061759949,-0.020209576934576035
93,0.9998914003372192,2,0.10605798661708832,0.28374457359313965,0.8246513605117798,-0.034480977803468704
93,0.9998936653137207,3,0.10776349902153015,0.2821611762046814,0.8127500414848328,-0.030258910730481148
93,0.9998676776885986,4,0.10985437035560608,0.280903160572052,0.8020648956298828,-0.0325491800904274
93,0.9998040795326233,5,0.1117987409234047,0.27862077951431274,0.793199360370636,-0.030980756506323814
93,0.0012086936039850116,6,0.1144837886095047,0.2762853503227234,0.7686042785644531,-1.5140446424484253
93,3.818045570369577e-06,7,0.11378339678049088,0.2726823687553406,0.7708276510238647,-0.006365248467773199
93,4.981104098078504e-07,8,0.11341286450624466,0.2749869227409363,0.772198498249054,-0.00613378593698144
94,0.9997979998588562,1,0.10524986684322357,0.27607911825180054,0.8317766189575195,-0.037877053022384644
94,0.999833345413208,2,0.10680819302797318,0.27594947814941406,0.8205615282058716,-0.035180069506168365
94,0.9998223185539246,3,0.10867457091808319,0.27480971813201904,0.809977114200592,-0.03461778908967972
94,0.9997677206993103,4,0.1104080006480217,0.27265745401382446,0.8001748323440552,-0.03410092368721962
94,0.00032519144588150084,5,0.11110864579677582,0.26589304208755493,0.7704166769981384,-1.5282026529312134
94,1.9944252471759683e-06,6,0.11144858598709106,0.26705825328826904,0.7715578675270081,-0.003877997165545821
94,5.576837907028676e-07,7,0.11175994575023651,0.2722662687301636,0.7724690437316895,-0.0033568604849278927
94,7.765209488752589e-07,8,0.11132755875587463,0.27476948499679565,0.7730312347412109,-0.012401821091771126
95,0.9998952150344849,1,0.10885372757911682,0.27390873432159424,0.8149873614311218,-0.029612524434924126
95,0.9998793601989746,2,0.11030703783035278,0.27218878269195557,0.8054714202880859,-0.03259197995066643
95,0.9997401833534241,3,0.11154751479625702,0.2695310711860657,0.7991205453872681,-0.032881516963243484
95,4.830029502045363e-05,4,0.1139066219329834,0.27039438486099243,0.7706321477890015,-1.5538760423660278
95,2.4325146341652726e-07,5,0.11242521554231644,0.2684323787689209,0.772631824016571,-0.007959773764014244
95,6.237868177549899e-08,6,0.11187048256397247,0.2703140377998352,0.7734667658805847,-0.010859918780624866
95,5.8452556572774483e-08,7,0.11148006469011307,0.2716328501701355,0.7737926244735718,-0.013233604840934277
95,4.8824883691622745e-08,8,0.11121990531682968,0.27230358123779297,0.7738672494888306,-0.01211844477802515
96,0.9998257756233215,1,0.10920753329992294,0.2762916684150696,0.8117372393608093,-0.040866583585739136
96,0.9998136162757874,2,0.11061892658472061,0.275478720664978,0.802891194820404,-0.03412101790308952
96,0.9993904829025269,3,0.11258160322904587,0.27437520027160645,0.7928711175918579,-0.035394515842199326
96,6.922526517882943e-05,4,0.11030484735965729,0.2680991291999817,0.7702226638793945,-1.5125443935394287
96,5.726395784222404e-07,5,0.10917216539382935,0.26850736141204834,0.7722162008285522,-0.007236403413116932
96,2.96771787589023e-07,6,0.1091177836060524,0.27257829904556274,0.7729575037956238,-0.006397207733243704
96,3.8486078324240225e-07,7,0.10841189324855804,0.2749176025390625,0.7734079360961914,-0.013491577468812466
96,2.7065740937359806e-07,8,0.10765059292316437,0.2760825753211975,0.7737271189689636,-0.01958388276398182
97,0.9997404217720032,1,0.10612177848815918,0.27166956663131714,0.8003614544868469,-0.025835320353507996
97,0.0001322748721577227,2,0.10861996561288834,0.269686222076416,0.7707843780517578,-1.5523313283920288
97,5.263192406346207e-07,3,0.10868755728006363,0.2681996822357178,0.7726935148239136,-0.01031876914203167
97,1.8416459113268502e-07,4,0.10857121646404266,0.27067679166793823,0.7735101580619812,-0.01269502192735672
97,2.1331604216356936e-07,5,0.10813085734844208,0.2717496156692505,0.7739018201828003,-0.014761612750589848
97,1.4827635652636673e-07,6,0.10800134390592575,0.27211958169937134,0.7740399837493896,-0.012931017205119133
97,6.085330994665128e-08,7,0.10840219259262085,0.272527277469635,0.7738917469978333,-0.011106238700449467
97,3.154373828806456e-08,8,0.10895923525094986,0.2724594473838806,0.7736018896102905,-0.01053893007338047
98,0.0005802576197311282,1,0.10306289792060852,0.27380114793777466,0.7707369327545166,-1.5426198244094849
98,9.339617463410832e-06,2,0.10549706220626831,0.27258455753326416,0.7714053392410278,-0.010543846525251865
98,3.233259803891997e-06,3,0.10666860640048981,0.27385956048965454,0.7722489833831787,-0.011468836106359959
98,2.0819393284909893e-06,4,0.10704490542411804,0.2740291953086853,0.7728571891784668,-0.011943627148866653
98,8.967224403022556e-07,5,0.10731147974729538,0.2738787531852722,0.7732691764831543,-0.009477696381509304
98,3.063816222947935e-07,6,0.10762330889701843,0.2738022208213806,0.7734047770500183,-0.007940621115267277
98,1.3963376943593175e-07,7,0.10793536901473999,0.2734518051147461,0.7733445167541504,-0.008483103476464748
98,1.0191303090323345e-07,8,0.10831423103809357,0.2728736996650696,0.7732385993003845,-0.011962458491325378
99,8.544695901946397e-07,1,0.10081509500741959,0.2695121765136719,0.7722882628440857,-0.014107261784374714
99,3.863534061565588e-07,2,0.10231652855873108,0.26929646730422974,0.7730045914649963,-0.013099181465804577
99,3.874019967042841e-07,3,0.1029915139079094,0.26943403482437134,0.7734858989715576,-0.013535513542592525
99,2.621223416099383e-07,4,0.10335101187229156,0.2691344618797302,0.7738084197044373,-0.012910122983157635
99,1.249780865464345e-07,5,0.10392129421234131,0.2688894271850586,0.7739012837409973,-0.011338381096720695
99,6.979063016387954e-08,6,0.1046532690525055,0.268592894077301,0.7738054990768433,-0.009978754445910454
99,6.055251589032196e-08,7,0.1054416298866272,0.26821672916412354,0.7736670970916748,-0.009079056791961193
99,8.434074771912492e-08,8,0.10626019537448883,0.268141508102417,0.773576021194458,-0.0087535809725523
100,3.241477202209353e-07,1,0.09987875819206238,0.2642398476600647,0.7731357216835022,-0.012773138470947742
100,6.585260052816011e-07,2,0.10186002403497696,0.26494264602661133,0.7732201218605042,-0.010767628438770771
100,5.329114287633274e-07,3,0.10295753180980682,0.264896035194397,0.7733778357505798,-0.009908631443977356
100,2.1323711507648113e-07,4,0.1037539467215538,0.2646685838699341,0.7734155058860779,-0.00975847989320755
100,1.2280379735329916e-07,5,0.1046435534954071,0.26442795991897583,0.7733516097068787,-0.0101079186424613
100,1.2547357641778945e-07,6,0.1055920273065567,0.2644420266151428,0.7732899188995361,-0.01019082497805357
100,1.8525973644045735e-07,7,0.1065313071012497,0.2649838924407959,0.7732706069946289,-0.010147404856979847
100,3.311517957627075e-07,8,0.10369423776865005,0.270010769367218,0.7735650539398193,-0.02188405767083168
101,4.340562753668564e-08,1,0.1047520563006401,0.26592403650283813,0.7734838724136353,-0.01574949361383915
101,1.4673319981284294e-07,2,0.10702014714479446,0.2649635672569275,0.7734331488609314,-0.013861116021871567
101,1.674841598742205e-07,3,0.10752120614051819,0.2647331953048706,0.7734281420707703,-0.011649399064481258
101,1.3960048761418875e-07,4,0.10799413174390793,0.26481306552886963,0.7733696699142456,-0.010590543039143085
101,1.2089009260307648e-07,5,0.10854543000459671,0.2651650309562683,0.7732704281806946,-0.010127698071300983
101,1.45976443377549e-07,6,0.10919557511806488,0.26565784215927124,0.7731857895851135,-0.010215600952506065
101,2.6564629251879524e-07,7,0.10580869019031525,0.2713262438774109,0.7735057473182678,-0.025695765390992165
101,6.793678039684892e-06,8,0.10425163805484772,0.2711232304573059,0.7733678817749023,-0.04491162300109863
102,1.0922318551820354e-06,1,0.1018061637878418,0.27315181493759155,0.7734537124633789,-0.011629273183643818
102,3.5716689694709203e-07,2,0.10463963449001312,0.27169203758239746,0.7735514044761658,-0.010194927453994751
102,1.0697233676637552e-07,3,0.10647173225879669,0.2708413004875183,0.7735412120819092,-0.009161359630525112
102,9.785750876289967e-08,4,0.10810434818267822,0.270113468170166,0.7734723687171936,-0.00913599319756031
102,1.7788377704164304e-07,5,0.10972101986408234,0.2699958086013794,0.7733883857727051,-0.009270446375012398
102,5.319299702932767e-07,6,0.10724365711212158,0.273848295211792,0.7736117839813232,-0.025338098406791687
102,9.54091410676483e-06,7,0.10573819279670715,0.2742162346839905,0.7732924222946167,-0.04245234280824661
102,5.2391669669304974e-06,8,0.10613279044628143,0.2740355134010315,0.7733747363090515,-0.044798996299505234
103,4.0719626781537954e-07,1,0.10615058243274689,0.2648933529853821,0.7736372947692871,-0.009085381403565407
103,1.584586470926297e-07,2,0.10737477988004684,0.26519960165023804,0.7734081149101257,-0.010118285194039345
103,9.915370213775532e-08,3,0.10844316333532333,0.2644112706184387,0.7732929587364197,-0.010716532357037067
103,1.386887191756614e-07,4,0.10937561839818954,0.26427656412124634,0.7732240557670593,-0.010647314600646496
103,3.8962471649028885e-07,5,0.10597523301839828,0.2690929174423218,0.7735481262207031,-0.02496509440243244
103,1.321712443314027e-05,6,0.10483354330062866,0.27003657817840576,0.773323655128479,-0.04409601911902428
103,5.166148184798658e-06,7,0.10551134496927261,0.2701013684272766,0.7734665274620056,-0.04528271034359932
103,2.395570163571392e-06,8,0.10619080066680908,0.2695010304450989,0.7734332084655762,-0.044563621282577515
104,1.9751777813326044e-07,1,0.10534011572599411,0.26856446266174316,0.7732415795326233,-0.007295775227248669
104,4.198941212507634e-07,2,0.10728631913661957,0.2682618498802185,0.7730672955513,-0.010856162756681442
104,3.906717438439955e-07,3,0.10854373127222061,0.26916342973709106,0.7730104327201843,-0.010266758501529694
104,1.0020236231866875e-06,4,0.10604444146156311,0.2741655111312866,0.7732085585594177,-0.02799435518682003
104,1.2181239071651362e-05,5,0.10484567284584045,0.27601736783981323,0.7729865908622742,-0.04295385628938675
104,7.939484930830076e-06,6,0.1053980141878128,0.2762048840522766,0.773048996925354,-0.04389004781842232
104,4.058133072248893e-06,7,0.10616783052682877,0.2756006121635437,0.7730517387390137,-0.043180085718631744
104,3.3586707104404923e-06,8,0.1071312427520752,0.27455395460128784,0.7730036377906799,-0.042094264179468155
105,5.171967032424618e-08,1,0.105296790599823,0.2633223533630371,0.7735399603843689,-0.008424848318099976
105,2.8092404136259574e-07,2,0.10681835561990738,0.2630729079246521,0.7733120322227478,-0.012501013465225697
105,4.5667354697798146e-07,3,0.10407164692878723,0.2677956223487854,0.7735515236854553,-0.02366607077419758
105,1.9250321201980114e-05,4,0.10253550857305527,0.26944494247436523,0.7734376788139343,-0.04170045629143715
105,1.7040050806826912e-05,5,0.10301391035318375,0.2703835368156433,0.7734581232070923,-0.04497135803103447
105,1.0238593858957756e-05,6,0.10366605222225189,0.2705259919166565,0.7734696269035339,-0.04453524202108383
105,7.356439255090663e-06,7,0.104702427983284,0.26998651027679443,0.773505449295044,-0.043175384402275085
105,1.061633611243451e-05,8,0.10578756034374237,0.26944053173065186,0.7738593816757202,14.67379093170166
106,2.1647987580308836e-07,1,0.10331767797470093,0.26124733686447144,0.7735837697982788,-0.004678758326917887
106,2.5412703053007135e-06,2,0.10373625159263611,0.2633053660392761,0.7736817002296448,-0.015982801094651222
106,1.1130617167509627e-05,3,0.10218347609043121,0.2670741677284241,0.7736861705780029,-0.03314109146595001
106,2.047671478067059e-05,4,0.1029723584651947,0.2683910131454468,0.7735534310340881,-0.042403992265462875
106,9.466811206948478e-06,5,0.10370643436908722,0.26874762773513794,0.7736062407493591,-0.04272809252142906
106,6.081761966925114e-06,6,0.104673370718956,0.2682793140411377,0.7735731601715088,-0.04208948090672493
106,7.576258667540969e-06,7,0.10577239096164703,0.26755398511886597,0.773580014705658,14.651411056518555
106,1.0793744877446443e-05,8,0.10646296292543411,0.26632845401763916,0.7738305330276489,0.0
107,6.17954682979871e-08,1,0.10429026186466217,0.2665165066719055,0.7740026712417603,-0.016577651724219322
107,3.125602233922109e-06,2,0.10434886813163757,0.2673457860946655,0.7737110257148743,-0.038300398737192154
107,7.534777523687808e-06,3,0.10509944707155228,0.2688683271408081,0.7735758423805237,-0.044083304703235626
107,5.662819148710696e-06,4,0.1061636209487915,0.26950329542160034,0.7735837697982788,-0.04401465877890587
107,4.045968125865329e-06,5,0.10709348320960999,0.2693833112716675,0.773578405380249,-0.042748671025037766
107,4.506435743678594e-06,6,0.10803577303886414,0.26854270696640015,0.7736155390739441,14.660103797912598
107,6.5581502894929145e-06,7,0.10862250626087189,0.26718610525131226,0.7738856077194214,0.0
107,8.127491128107067e-06,8,0.10901770740747452,0.26533734798431396,0.7744204998016357,0.0
108,4.598829400492832e-05,1,0.10009264200925827,0.2740539312362671,0.7730808258056641,-0.039291493594646454
108,6.442672747652978e-05,2,0.10038702189922333,0.27597111463546753,0.7732227444648743,-0.042379721999168396
108,1.979974695132114e-05,3,0.10086067020893097,0.27623194456100464,0.7734266519546509,-0.04157394915819168
108,9.953292646969203e-06,4,0.1015956848859787,0.275504469871521,0.7734733819961548,-0.04070951044559479
108,1.3984079487272538e-05,5,0.10255050659179688,0.27472198009490967,0.7737035751342773,14.659065246582031
108,2.6150186386075802e-05,6,0.1031808853149414,0.2735728621482849,0.7744767069816589,0.0
108,3.458985884208232e-05,7,0.10362760722637177,0.27159708738327026,0.7755903005599976,0.0
108,3.770459443330765e-05,8,0.10398748517036438,0.26904070377349854,0.7767979502677917,0.0
109,4.616141268343199e-06,1,0.10460049659013748,0.27168887853622437,0.7736348509788513,-0.045075129717588425
109,9.578365279594436e-06,2,0.10554102063179016,0.2733498215675354,0.7734634280204773,-0.04368659481406212
109,6.871897312521469e-06,3,0.10668670386075974,0.27286839485168457,0.7734349370002747,-0.04209016263484955
109,6.421854322979925e-06,4,0.10777328908443451,0.27166175842285156,0.7734891772270203,14.665550231933594
109,9.41058897296898e-06,5,0.10844746977090836,0.2702559232711792,0.7738659977912903,0.0
109,1.1490530596347526e-05,6,0.10884511470794678,0.26830726861953735,0.7745121717453003,0.0
109,1.2313453225942794e-05,7,0.10904977470636368,0.2660110592842102,0.7752804756164551,0.0
109,1.3427015801426023e-05,8,0.1090712919831276,0.2635999321937561,0.7762064337730408,0.0
110,1.2523472832981497e-05,1,0.1023775041103363,0.2769344449043274,0.7730287909507751,-0.04096563905477524
110,1.7568749171914533e-05,2,0.10429872572422028,0.27789461612701416,0.7731671929359436,-0.03837102651596069
110,1.6144798792083748e-05,3,0.10580911487340927,0.27645885944366455,0.7732918858528137,14.660553932189941
110,1.2007930308755022e-05,4,0.10674245655536652,0.27451032400131226,0.7734989523887634,0.0
110,2.1235597159829922e-05,5,0.10736855864524841,0.272938072681427,0.7743173837661743,0.0
110,2.0171642972854897e-05,6,0.10843591392040253,0.2707746624946594,0.7748570442199707,0.0
110,1.0710769856814295e-05,7,0.10893731564283371,0.26903748512268066,0.7744796872138977,0.0
110,1.3468285942508373e-05,8,0.10802479088306427,0.2684428095817566,0.7750785946846008,0.0
111,5.3203825700620655e-06,1,0.10060232132673264,0.2646840214729309,0.7734997272491455,-0.037722233682870865
111,8.699345016793814e-06,2,0.10196305066347122,0.26529860496520996,0.7738490104675293,14.670372009277344
111,8.858233741193544e-06,3,0.10320864617824554,0.2632100582122803,0.7742313742637634,0.0
111,8.771070497459732e-06,4,0.10421604663133621,0.26048487424850464,0.7747256755828857,0.0
111,8.907663868740201e-06,5,0.10507909208536148,0.2577609419822693,0.7753042578697205,0.0
111,9.4452771008946e-06,6,0.10577074438333511,0.255118191242218,0.775975227355957,0.0
111,1.0401245162938721e-05,7,0.1067909225821495,0.2523285746574402,0.7767762541770935,0.0
111,1.1901855941687245e-05,8,0.10725215822458267,0.2503988742828369,0.7775241136550903,0.0
112,7.2003385866992176e-06,1,0.10403694212436676,0.26253950595855713,0.7737293839454651,14.671191215515137
112,1.5294643162633292e-05,2,0.10568462312221527,0.2636580467224121,0.7744913697242737,0.0
112,1.4734035175933968e-05,3,0.10670402646064758,0.2626587748527527,0.7750633358955383,0.0
112,1.6307041732943617e-05,4,0.10738249868154526,0.2608526349067688,0.7760042548179626,0.0
112,1.9135339243803173e-05,5,0.10785918682813644,0.2587759494781494,0.7772412300109863,0.0
112,2.2750453354092315e-05,6,0.10835674405097961,0.2565562129020691,0.7786839008331299,0.0
112,2.6975061700795777e-05,7,0.10881081968545914,0.2544892430305481,0.7801740169525146,0.0
112,3.2077445212053135e-05,8,0.10903271287679672,0.25287795066833496,0.7816354036331177,0.0
