D_Q_one_step_xyz_mae_cm,D_one_step_ee_mae_cm,D_one_step_latent_normalized_mse,Q_estimated_reward,Q_held_probability,Q_x,Q_xyz_mae_cm,Q_y,Q_z,action_dx,action_dy,action_dyaw,action_dz,action_gripper,actual_goal_distance_cm,actual_held,actual_lift_cm,actual_object_x,actual_object_y,actual_object_z,best_candidate_score,control_reward,decision_seconds,guide_score,kept_guide,obstacle_contact,planner_fallback,predicted_penalty_sum,predicted_score,step,table_contact,task_success,time_s,true_original_reward,valid_candidates
0.6039431095123291,0.08484788984060287,0.19853651523590088,-0.001145411133766175,4.990614002053917e-07,0.17429204285144806,0.5304509997367859,-0.23845499753952026,0.7710703611373901,0.9969595670700073,-0.988902747631073,0.002749204635620117,-0.9823538064956665,1.0,51.11370849609375,False,0.0,0.1844606101512909,-0.23411056399345398,0.7724708914756775,-0.1428616847897211,-0.0015747576951980593,0.10584332200050994,-0.1679819088354368,True,False,False,-0.0865098387002945,-0.1679819088354368,1,False,False,0.6000000000000004,0.00858450127338645,64
0.3679414391517639,0.19252145290374756,0.17255499958992004,-0.016260942816734313,1.3633959383696492e-07,0.18453577160835266,0.4334598779678345,-0.24615174531936646,0.7715834379196167,0.9991145133972168,-0.994566023349762,-0.000832676887512207,-0.9908078908920288,1.0,51.11370849609375,False,0.0,0.1844606101512909,-0.23411056399345398,0.7724708914756775,-0.18383404789042612,-0.014531371593475341,0.12815698200029146,-0.2027906365778469,True,False,False,-0.1125556081533432,-0.2027906365778469,2,False,False,0.7000000000000005,0.011585431150132983,64
0.3474399447441101,0.09056329727172852,0.18731489777565002,-0.012987036108970642,8.965243125658162e-08,0.18167288601398468,0.2991984486579895,-0.2394571751356125,0.771629273891449,0.9992982149124146,-0.9947694540023804,0.0040084123611450195,-0.9920567274093628,1.0,51.11370849609375,False,0.0,0.1844606101512909,-0.23411056399345398,0.7724708914756775,-0.1372308945860709,-0.01391744405031204,0.10865043099875038,-0.15384760553557517,True,False,False,-0.06997565925121307,-0.15384760553557517,3,False,False,0.8000000000000006,0.015318199398311062,64
0.1037006601691246,0.11203022301197052,0.18775674700737,-0.012839362323284151,8.162184172988418e-08,0.18393538892269135,0.025637945160269737,-0.23408956825733185,0.7722479701042175,0.999244213104248,-0.9936789870262146,-0.00489962100982666,-0.9917953610420227,1.0,51.11370849609375,False,0.0,0.1844606101512909,-0.23411056399345398,0.7724708914756775,-0.19573530966380015,-0.013270703554153442,0.11476255799971113,-0.21382050976939634,True,False,False,-0.13843384385108948,-0.21382050976939634,4,False,False,0.9000000000000007,0.019750114077070613,64
0.10775426775217056,0.07369394600391388,0.16845948994159698,-0.012142856717109681,3.7737507341262244e-08,0.18335935473442078,0.18025091290473938,-0.23087699711322784,0.7713981866836548,0.9993149042129517,-0.9930514693260193,-0.007434725761413574,-0.9921045303344727,1.0,51.11370849609375,False,0.0,0.1844606101512909,-0.23411056399345398,0.7724708914756775,-0.19563552429260644,-0.012587523162364962,0.116677278001589,-0.2145771295998969,True,False,False,-0.14692839980125427,-0.2145771295998969,5,False,False,1.0000000000000007,0.02490984176126065,64
0.10980566591024399,0.04686814919114113,0.1847938597202301,-0.01048435926437378,3.685586591473111e-08,0.1790199875831604,0.3958304822444916,-0.22845274209976196,0.7716944217681885,0.9992444515228271,-0.9930816888809204,-0.0017545223236083984,-0.9954853057861328,1.0,51.11370849609375,False,0.0,0.1844606101512909,-0.23411056399345398,0.7724708914756775,-0.20687807240377692,-0.01194576144218445,0.1332017349996022,-0.2253036785379221,True,False,False,-0.16579952836036682,-0.2253036785379221,6,False,False,1.1000000000000008,0.030768924889659845,64
0.42174258828163147,0.07425255328416824,0.16483670473098755,-0.010692705214023587,2.412023825115739e-08,0.17616160213947296,0.44363686442375183,-0.22952359914779663,0.772047758102417,0.99886155128479,-0.9924294352531433,-0.009090125560760498,-0.9957633018493652,1.0,51.11370849609375,False,0.0,0.1844606101512909,-0.23411056399345398,0.7724708914756775,-0.20097051264036464,-0.011444410085678099,0.12014041300062672,-0.22159014532917598,True,False,False,-0.17407381534576416,-0.22159014532917598,7,False,False,1.2000000000000008,0.037210214491148134,64
0.3155320882797241,0.13072961568832397,0.1458674818277359,-0.012982085943222046,5.389341239947498e-08,0.18082807958126068,0.14726123213768005,-0.23398752510547638,0.7718086242675781,0.9982321262359619,-0.9920892119407654,-0.007662713527679443,-0.9955291748046875,1.0,51.11370849609375,False,0.0,0.1844606101512909,-0.23411056399345398,0.7724708914756775,-0.21410634766491748,-0.01095108896493912,0.12399282600017614,-0.23124613621151507,True,False,False,-0.19272011518478394,-0.23124613621151507,8,False,False,1.300000000000001,0.044211231655879174,64
0.1467972993850708,0.1509820520877838,0.15898090600967407,-0.012328349649906157,2.5086581700861643e-08,0.18289053440093994,0.28004544973373413,-0.2400999367237091,0.7716289758682251,0.9980685710906982,-0.9928216934204102,-0.006169378757476807,-0.9965596795082092,1.0,51.11370849609375,False,0.0,0.1844606101512909,-0.23411056399345398,0.7724708914756775,-0.16488839468217942,-0.010289028882980346,0.11916918299903045,-0.1839013101033466,True,False,False,-0.15640230476856232,-0.1839013101033466,9,False,False,1.400000000000001,0.05194566174468078,64
0.09101182222366333,0.18431507050991058,0.16308952867984772,-0.0040372434258460965,9.50184002590504e-08,0.17711783945560455,0.4904041588306427,-0.22713787853717804,0.7720742225646973,0.9976255893707275,-0.9925416111946106,-0.0036298632621765137,-0.9967561364173889,1.0,51.11370849609375,False,0.0,0.1844606101512909,-0.23411056399345398,0.7724708914756775,-0.21189129168054166,-0.00933725446462632,0.1249782699997013,-0.23177203033052207,True,False,False,-0.21441784501075745,-0.23177203033052207,10,False,False,1.500000000000001,0.06072751589043904,64
0.6217166781425476,0.06883367896080017,0.14908501505851746,-0.011521361768245697,4.393503871824578e-08,0.1798049658536911,0.26396363973617554,-0.2366291880607605,0.7717262506484985,0.9972398281097412,-0.9888554215431213,-0.001287996768951416,-0.9967883825302124,1.0,51.11370849609375,False,0.0,0.1844606101512909,-0.23411056399345398,0.7724708914756775,-0.18594474550711343,-0.008080281913280488,0.1205079379997187,-0.20177645524482102,True,False,False,-0.19735851883888245,-0.20177645524482102,11,False,False,1.6000000000000012,0.07086487599413627,64
0.2976571321487427,0.08799880743026733,0.15376484394073486,-0.004715625345706938,1.1285005285799343e-07,0.1776168793439865,0.24513106048107147,-0.2341502457857132,0.7720003724098206,0.9962644577026367,-0.9864450693130493,-0.003802001476287842,-0.9962614178657532,1.0,51.11370849609375,False,0.0,0.1844606101512909,-0.23411056399345398,0.7724708914756775,-0.20086314754729767,-0.006582436859607703,0.12772091100123362,-0.218873590060286,True,False,False,-0.23863908648490906,-0.218873590060286,12,False,False,1.7000000000000013,0.08259715246359975,64
0.25136667490005493,0.04285921901464462,0.14152055978775024,-0.010359392762184148,2.8948925034910644e-08,0.1851356029510498,0.2846921682357788,-0.24116964638233185,0.7716642022132874,0.9947686195373535,-0.978274405002594,-0.0074124932289123535,-0.9947049021720886,1.0,51.11370849609375,False,0.0,0.1844606101512909,-0.23411056399345398,0.7724708914756775,-0.18695069963877076,-0.0048631960153579686,0.1357218870016368,-0.20768940837475916,True,False,False,-0.24233052134513855,-0.20768940837475916,13,False,False,1.8000000000000014,0.09616442794704394,64
0.2488061785697937,0.1211116686463356,0.15429656207561493,-0.0009571033716201738,6.054062140492533e-08,0.18088889122009277,0.37096935510635376,-0.2408934235572815,0.7716963887214661,0.994411826133728,-0.9729032516479492,-0.016184747219085693,-0.9939444065093994,1.0,51.11370849609375,False,0.0,0.1844606101512909,-0.23411056399345398,0.7724708914756775,-0.21694421703794622,-0.0029976373910904014,0.13127100999918184,-0.2405867804741053,True,False,False,-0.28028354048728943,-0.2405867804741053,14,False,False,1.9000000000000015,0.11169699566424379,64
0.22059530019760132,0.0852147787809372,0.1604156494140625,-0.0033797121047973704,2.2243801467425328e-08,0.18567416071891785,0.3011370897293091,-0.24119941890239716,0.7717391848564148,0.990602970123291,-0.9485280513763428,-0.01551365852355957,-0.9880090355873108,1.0,51.11370849609375,False,0.0,0.1844606101512909,-0.23411056399345398,0.7724708914756775,-0.17178165942972362,-0.0008308771252632224,0.12175577599919052,-0.20748750144482264,True,False,False,-0.24980369210243225,-0.20748750144482264,15,False,False,2.0000000000000013,0.12954195514278588,64
0.08667856454849243,0.14506107568740845,0.1639578640460968,0.007100451290607444,2.2298046076230094e-08,0.1803973764181137,0.17585507035255432,-0.2349822223186493,0.7721301317214966,0.9892311096191406,-0.8976621627807617,-0.03499889373779297,-0.977300763130188,1.0,51.11370849609375,False,0.0,0.1844606101512909,-0.23411056399345398,0.7724708914756775,-0.18660225287325863,0.001618360877037049,0.1202787950005586,-0.23444567788523585,True,False,False,-0.2559799551963806,-0.23444567788523585,16,False,False,2.0999999999999903,0.14987105807280923,64
0.12727627158164978,0.18684515357017517,0.1233624592423439,0.006027307212352761,4.7455927187911584e-08,0.17754699289798737,0.38033825159072876,-0.2381485551595688,0.7720123529434204,0.9756336212158203,-0.6810417175292969,-0.005508899688720703,-0.8673873543739319,1.0,51.11370849609375,False,0.0,0.1844606101512909,-0.23411056399345398,0.7724708914756775,-0.18794218421920894,0.004995542168617256,0.11601570600032574,-0.22296924466088258,True,False,False,-0.28091055154800415,-0.22296924466088258,17,False,False,2.1999999999999793,0.17350768899549188,64
0.1909906566143036,0.15654811263084412,0.14337091147899628,0.006619997024536136,9.70791234067292e-08,0.1794896423816681,0.25576698780059814,-0.2359340339899063,0.7715923190116882,0.9448859691619873,-0.5282739400863647,-0.00047463178634643555,-0.6426175832748413,1.0,51.11370849609375,False,0.0,0.1844606101512909,-0.23411056399345398,0.7724708914756775,-0.19848678502188455,0.007643847763538349,0.12372503799997503,-0.2624315877659562,True,False,False,-0.2842448353767395,-0.2624315877659562,18,False,False,2.2999999999999683,0.1985973380941968,64
0.14486312866210938,0.20110607147216797,0.15147601068019867,0.008466566503047947,8.452111188717026e-08,0.18002071976661682,0.29297274351119995,-0.2377001941204071,0.7717112302780151,0.9284529685974121,-0.3980553150177002,-0.008469104766845703,-0.4377239942550659,1.0,51.11370849609375,False,0.0,0.1844606101512909,-0.23411056399345398,0.7724708914756775,-0.230844072078313,0.009017156958580021,0.11673263400007272,-0.3066030932128414,True,False,False,-0.2980197072029114,-0.3066030932128414,19,False,False,2.3999999999999573,0.22384539500883832,64
0.21757830679416656,0.15697231888771057,0.16718095541000366,0.01029511317610739,6.839430000127322e-08,0.1736660897731781,0.5244672298431396,-0.23759755492210388,0.771018385887146,0.8889358043670654,-0.3575175404548645,-0.012704133987426758,-0.2342308759689331,1.0,51.11370849609375,False,0.0,0.1844606101512909,-0.23411056399345398,0.7724708914756775,-0.24595208117062584,0.007083704918622969,0.1149403399995208,-0.3327158664048949,True,False,False,-0.3170399069786072,-0.3327158664048949,20,False,False,2.4999999999999463,0.24644819808464924,64
0.37368685007095337,0.11659612506628036,0.13002057373523712,-0.002660009413957589,6.335629620934924e-08,0.17909348011016846,0.4979471266269684,-0.2422887086868286,0.7710777521133423,0.7322226762771606,-0.30937230587005615,0.010256767272949219,-0.1298811435699463,1.0,51.11370849609375,False,0.0,0.1844606101512909,-0.23411056399345398,0.7724708914756775,-0.2682659146975608,0.002563251107931117,0.11988842800019484,-0.30956389447619626,True,False,False,-0.3502105474472046,-0.30956389447619626,21,False,False,2.5999999999999353,0.2641013230206453,64
0.3508930206298828,0.113599993288517,0.13867726922035217,-0.004700689762830757,1.371305984321225e-07,0.17975503206253052,0.351889431476593,-0.23812513053417206,0.7706343531608582,0.6245229244232178,-0.31819474697113037,0.009945869445800781,-0.030789434909820557,1.0,51.11370849609375,False,0.0,0.1844606101512909,-0.23411056399345398,0.7724708914756775,-0.2677345635612684,-0.0040182943642139484,0.11717349699938495,-0.3824137720535076,True,False,False,-0.3320760428905487,-0.3824137720535076,22,False,False,2.6999999999999242,0.27446206656775407,64
0.22863447666168213,0.10711202770471573,0.12943516671657562,-0.009781787618994724,2.602137385565584e-07,0.18646642565727234,0.2554158568382263,-0.23864856362342834,0.771352231502533,0.5097353458404541,-0.21396344900131226,0.10318481922149658,-0.08565807342529297,1.0,51.11370849609375,False,0.0,0.1844606101512909,-0.23411056399345398,0.7724708914756775,-0.3000210438481661,-0.007679674997925761,0.11826201899930311,-0.42753652427615496,True,False,False,-0.34285151958465576,-0.42753652427615496,23,False,False,2.7999999999999132,0.28082958468023755,64
0.30254024267196655,0.0950251966714859,0.1283360719680786,-0.010971352010965326,1.0973371900036e-06,0.1896514594554901,0.3386383056640625,-0.2377004474401474,0.7710924744606018,0.49926233291625977,-0.150995135307312,0.20137441158294678,0.018021821975708008,1.0,51.11370849609375,False,0.0,0.1844606101512909,-0.23411056399345398,0.7724708914756775,-0.30333687755627625,-0.0096726690232754,0.12317093199999363,-0.456850270180696,True,False,False,-0.3522646427154541,-0.456850270180696,24,False,False,2.899999999999902,0.28482186608438775,64
0.298894464969635,0.08898824453353882,0.10315796732902527,-0.012867995351552967,1.3484699366017594e-06,0.1907501518726349,0.49705058336257935,-0.24161626398563385,0.771354615688324,0.5152454376220703,-0.08340102434158325,0.3576679229736328,0.13268280029296875,1.0,51.11370849609375,False,0.0,0.1844606101512909,-0.23411056399345398,0.7724708914756775,-0.3205968820726382,-0.013847359567880628,0.13194255500093277,-0.43035454791751987,True,False,False,-0.32847684621810913,-0.43035454791751987,25,False,False,2.999999999999891,0.2846134411121338,64
0.5393570065498352,0.11043498665094376,0.10819923132658005,-0.01814207687973975,2.7438818506198004e-06,0.1890384554862976,0.38665980100631714,-0.23991544544696808,0.7712538242340088,0.42572951316833496,-0.09175169467926025,0.5180572271347046,0.33978986740112305,1.0,51.11370849609375,False,0.0,0.1844606101512909,-0.23411056399345398,0.7724708914756775,-0.3037058575456871,-0.019363181293010696,0.1207695960001729,-0.4079192284310805,True,False,False,-0.3270723819732666,-0.4079192284310805,26,False,False,3.09999999999988,0.2791006129770513,64
0.28763115406036377,0.16114264726638794,0.10828229039907455,-0.022065247297286966,3.4790045901900157e-06,0.18971312046051025,0.32301396131515503,-0.23805679380893707,0.7719792127609253,0.29685842990875244,-0.07081753015518188,0.7287154197692871,0.32064712047576904,1.0,51.11370849609375,False,0.0,0.1844606101512909,-0.23411056399345398,0.7724708914756775,-0.2957902093951932,-0.0240382069349289,0.11321442600092269,-0.3800686274959474,True,False,False,-0.3217012584209442,-0.3800686274959474,27,False,False,3.199999999999869,0.2692063242268299,64
0.22695858776569366,0.13129213452339172,0.12245512008666992,-0.024997057318687416,1.5949399312376045e-06,0.18625003099441528,0.135979562997818,-0.23543058335781097,0.7715009450912476,0.20674574375152588,-0.015483438968658447,0.8293113708496094,0.3076932430267334,1.0,51.11370849609375,False,0.0,0.1844606101512909,-0.23411056399345398,0.7724708914756775,-0.27755147179451445,-0.024097844511270523,0.11139411600015592,-0.3325811470423777,True,False,False,-0.3191998600959778,-0.3325811470423777,28,False,False,3.299999999999858,0.259542058832268,64
0.16438761353492737,0.17620474100112915,0.11499885469675064,-0.019432390779256813,5.604451416729717e-06,0.18912915885448456,0.31560611724853516,-0.23813313245773315,0.7716938257217407,0.1003795862197876,0.03565192222595215,0.8311489820480347,-0.02358424663543701,1.0,51.11370849609375,False,0.0,0.1844606101512909,-0.23411056399345398,0.7724708914756775,-0.2865740195101322,-0.02035129144787786,0.12033854000037536,-0.311717299854111,True,False,False,-0.3308975100517273,-0.311717299854111,29,False,False,3.399999999999847,0.25380999603764814,64
0.3248487710952759,0.06486773490905762,0.13903219997882843,-0.012795536071062104,4.3902432480535936e-06,0.18971844017505646,0.28118741512298584,-0.23664969205856323,0.7718322277069092,0.029338479042053223,0.030408859252929688,0.7346240282058716,-0.16758477687835693,1.0,51.11370849609375,False,0.0,0.1844606101512909,-0.23411056399345398,0.7724708914756775,-0.24057425514124614,-0.013048736304044746,0.12416781499996432,-0.26096676669961316,True,False,False,-0.3081117272377014,-0.26096676669961316,30,False,False,3.499999999999836,0.2550830865430042,64
0.19542276859283447,0.08061875402927399,0.12181923538446426,-0.00830101922154429,6.3544393924530596e-06,0.18525660037994385,0.15256157517433167,-0.23696063458919525,0.771540105342865,0.007136940956115723,0.05654644966125488,0.6191736459732056,-0.5302743911743164,1.0,51.11370849609375,False,0.0,0.1844606101512909,-0.23411056399345398,0.7724708914756775,-0.23693788787391298,-0.007262431383132915,0.11743643199952203,-0.24719994201479262,True,False,False,-0.3015175759792328,-0.24719994201479262,31,False,False,3.599999999999825,0.26187994034311524,64
0.11780957132577896,0.11936972290277481,0.11320038139820099,0.0009663888812065234,7.438221928168787e-06,0.1836906373500824,0.3043348789215088,-0.2411123663187027,0.7711126208305359,-0.0815916657447815,0.046098947525024414,0.31054651737213135,-0.9289098978042603,1.0,51.11370849609375,False,0.0,0.1844606101512909,-0.23411056399345398,0.7724708914756775,-0.21830788033921322,0.0021980866789817898,0.12091830499957723,-0.22766361572810856,True,False,False,-0.2978144884109497,-0.22766361572810856,32,False,False,3.699999999999814,0.27855740272254936,64
0.12880364060401917,0.20297963917255402,0.1346954107284546,0.013196936547756197,1.1260596011197777e-06,0.183772012591362,0.07768173515796661,-0.2355073243379593,0.7722257971763611,-0.1579909324645996,-0.032319843769073486,-0.031049013137817383,-0.9836779236793518,1.0,51.11370849609375,False,0.0,0.1844606101512909,-0.23411056399345398,0.7724708914756775,-0.20771007786050172,0.011037585139274584,0.12168517500140297,-0.22030012766372942,True,False,False,-0.28552278876304626,-0.22030012766372942,33,False,False,3.799999999999803,0.30509099453274147,64
0.050716597586870193,0.1508484184741974,0.13105791807174683,0.014164437204599386,3.81009067496052e-06,0.1855064332485199,0.2622336149215698,-0.24087810516357422,0.7724172472953796,-0.09987151622772217,0.022694706916809082,-0.3087307810783386,-0.9850093126296997,1.0,51.11370849609375,False,0.0,0.1844606101512909,-0.23411056399345398,0.7724708914756775,0.335344329615765,0.013554314374923679,0.1203022219997365,0.11490429477810782,True,False,False,-0.28468242287635803,0.11490429477810782,34,False,False,3.899999999999792,0.3345036876334397,64
0.22212465107440948,0.04537850618362427,0.13299660384655,0.011569166630506509,4.039960913360119e-06,0.18350017070770264,0.19089779257774353,-0.2298474907875061,0.7719674706459045,-0.11292517185211182,-0.030263125896453857,-0.6184781789779663,-0.9653531312942505,1.0,51.11370849609375,False,0.0,0.1844606101512909,-0.23411056399345398,0.7724708914756775,0.32075622972716933,0.013881416767835617,0.1220958879985119,0.1144649026492277,True,False,False,-0.2745121717453003,0.1144649026492277,35,False,False,3.999999999999781,0.36475594977493236,64
0.21143555641174316,0.07847249507904053,0.14262913167476654,0.015018486678600292,1.4297143934527412e-05,0.18568499386310577,0.14470568299293518,-0.23674431443214417,0.7719878554344177,-0.005003809928894043,0.04509377479553223,-0.7755634188652039,-0.9538614153862,1.0,51.11370849609375,False,0.0,0.1844606101512909,-0.23411056399345398,0.7724708914756775,0.28277413761935705,0.01360198058187962,0.12136608399850957,0.07510265996390117,True,False,False,-0.27517014741897583,0.07510265996390117,36,False,False,4.0999999999997705,0.39567284029984073,64
0.09595900774002075,0.09723056852817535,0.14066824316978455,0.006481419652700406,5.142411282577086e-06,0.18165680766105652,0.45291534066200256,-0.22376708686351776,0.7720307111740112,-0.0023917555809020996,0.007542133331298828,-0.6588715314865112,-0.8524835705757141,1.0,51.11370849609375,False,0.0,0.1844606101512909,-0.23411056399345398,0.7724708914756775,0.238460209843455,0.013464676141738876,0.12496257000020705,0.06662369418802969,True,False,False,-0.29173484444618225,0.06662369418802969,37,False,False,4.1999999999997595,0.42722215874075503,64
0.42372891306877136,0.12299567461013794,0.12217774987220764,0.00716181639581918,7.00826103638974e-06,0.184646874666214,0.4117930829524994,-0.22278477251529694,0.7716291546821594,0.1206580400466919,0.12469661235809326,-0.3289508819580078,-0.7644193172454834,1.0,51.11370849609375,False,0.0,0.1844606101512909,-0.23411056399345398,0.7724708914756775,0.23051844064554544,0.011471082046627983,0.12040885200076445,0.047955160716839834,True,False,False,-0.28504469990730286,0.047955160716839834,38,False,False,4.2999999999997485,0.45617535591987324,64
0.6097838282585144,0.15706568956375122,0.13023343682289124,0.009828119650483119,8.73936642165063e-06,0.18841341137886047,0.4252915680408478,-0.22698916494846344,0.7707863450050354,0.21703290939331055,0.09754931926727295,-0.21014833450317383,-0.5141334533691406,1.0,51.11370849609375,False,0.0,0.1844606101512909,-0.23411056399345398,0.7724708914756775,0.21078102043401994,0.006633445732295499,0.12370585200005735,0.1537914198372106,True,False,False,-0.28065282106399536,0.1537914198372106,39,False,False,4.3999999999997375,0.47941871764453026,64
0.5106955766677856,0.08497536182403564,0.11353395134210587,-0.00964650049805644,4.261667982063955e-06,0.18167515099048615,0.3143797516822815,-0.22876156866550446,0.7711739540100098,0.2195359468460083,-0.016659975051879883,-0.088173508644104,-0.38604509830474854,1.0,51.11370849609375,False,0.0,0.1844606101512909,-0.23411056399345398,0.7724708914756775,0.17391342485611264,-0.009358321251347676,0.12604881699917314,-0.012197744440423042,True,False,False,-0.29637402296066284,-0.012197744440423042,40,False,False,4.499999999999726,0.48583668044644135,64
0.19630540907382965,0.26820898056030273,0.12527254223823547,-0.010164278261363518,0.4791640341281891,0.19207008183002472,0.4416023790836334,-0.23952603340148926,0.7724035978317261,0.05079090595245361,0.04898238182067871,-0.1255384087562561,-0.32732152938842773,-0.9988999366760254,51.104331970214844,False,-0.01957416534423828,0.18446101248264313,-0.23401547968387604,0.7722751498222351,0.17489910130510045,-0.021178363990038643,0.12292576500112773,-0.06118823437162371,True,False,False,-0.28332340717315674,-0.06118823437162371,41,False,False,4.599999999999715,0.4799744101317759,64
0.7504755854606628,0.10156383365392685,0.13016201555728912,0.4030986287395335,0.9744377136230469,0.18464061617851257,0.5882600545883179,-0.24026744067668915,0.775475025177002,-0.16025590896606445,-0.07798510789871216,-0.2986035943031311,0.3021712303161621,-0.9999983906745911,50.963294982910156,True,0.07861852645874023,0.1912079006433487,-0.2314048707485199,0.7732570767402649,0.20491711199967294,0.380847968142221,0.11901798199869518,0.2003054773075852,True,False,False,-0.2396356761455536,0.2003054773075852,42,False,False,4.699999999999704,0.8799468415427673,64
0.8239969611167908,0.07382631301879883,0.1545373797416687,0.08689883953729924,0.993328332901001,0.18427060544490814,0.6630271673202515,-0.24182254076004028,0.7842757701873779,-0.04487675428390503,0.015645146369934082,-0.01163703203201294,0.9473215341567993,-1.0,50.88107681274414,True,0.7711231708526611,0.1891796886920929,-0.23093445599079132,0.7801821231842041,-0.2261499956881663,0.06506279831174075,0.12345499200091581,-0.22635859807805767,True,False,False,-0.2385331690311432,-0.22635859807805767,43,False,False,4.799999999999693,0.9652151498872188,64
0.8923888206481934,0.13992390036582947,0.14539512991905212,0.027250409500881964,0.9917038679122925,0.18430331349372864,0.44673630595207214,-0.23435020446777344,0.7880149483680725,-0.029588282108306885,0.021558284759521484,-0.1012645959854126,0.9997793436050415,-1.0,50.82313919067383,True,2.097254991531372,0.18840934336185455,-0.23048263788223267,0.7934434413909912,-0.3462048886762361,0.09959054158174117,0.12399213500066253,-0.34694716883602417,True,False,False,-0.25620386004447937,-0.34694716883602417,44,False,False,4.899999999999682,1.0879599206944162,64
0.4992266595363617,0.1206710934638977,0.16167926788330078,0.002591122547675768,0.9260507225990295,0.18602988123893738,0.6011421084403992,-0.23172633349895477,0.792785108089447,-0.016744256019592285,0.0004506111145019531,-0.02792125940322876,0.999525785446167,-1.0,50.76496505737305,True,3.505122661590576,0.18762992322444916,-0.2300291210412979,0.8075221180915833,-0.385686999181991,-0.023106145856152144,0.126954523000677,-0.3879979235612675,True,False,False,-0.24930638074874878,-0.3879979235612675,45,False,False,4.999999999999671,1.0882895496413483,64
0.44252029061317444,0.14702826738357544,0.15835726261138916,-0.02406672588106348,0.999215841293335,0.1797289401292801,0.4472464323043823,-0.23409610986709595,0.8194360136985779,-0.03804349899291992,-0.037674546241760254,0.062203407287597656,0.9960885047912598,-1.0,50.735164642333984,True,4.913842678070068,0.1867559850215912,-0.22987906634807587,0.8216093182563782,-0.39931344203431757,-0.023251668424025897,0.12359549699976924,-0.40242627420490784,True,False,False,-0.2435244619846344,-0.40242627420490784,46,False,False,5.09999999999966,1.088447584765643,64
0.5141139030456543,0.06385396420955658,0.13396579027175903,-0.026645672292240255,0.9981312155723572,0.18269814550876617,1.0201305150985718,-0.24020060896873474,0.8185290098190308,-0.013241052627563477,0.032235026359558105,-0.1191931962966919,0.9950822591781616,-1.0,50.71427917480469,True,6.317919731140137,0.1858106404542923,-0.22983026504516602,0.8356500864028931,-0.418993654643444,-0.023315717758049317,0.11703437399955874,-0.4254095064455605,True,False,False,-0.27162450551986694,-0.4254095064455605,47,False,False,5.199999999999649,1.0885397439491957,64
0.7710322737693787,0.0842750072479248,0.1511334478855133,-0.024631816885020134,0.9994527697563171,0.1843717098236084,1.2657389640808105,-0.24420295655727386,0.8257905840873718,-0.07455700635910034,-0.11931085586547852,0.053421974182128906,0.817847728729248,-1.0,50.702369689941406,True,7.637262344360352,0.18494528532028198,-0.22985729575157166,0.848843514919281,-0.40179641306655856,-0.022577845617961938,0.1191140600003564,-0.4143844294697743,True,False,False,-0.2702065706253052,-0.4143844294697743,48,False,False,5.299999999999638,1.0893870643283785,64
0.9994938969612122,0.011902550235390663,0.1458023339509964,-0.02248536409359967,0.9995567202568054,0.19314560294151306,1.5679433345794678,-0.24460330605506897,0.8349102139472961,-0.10425639152526855,-0.15017169713974,0.05017280578613281,0.5127731561660767,-0.9999992251396179,50.830108642578125,True,8.659994125366211,0.18347051739692688,-0.23140071332454681,0.8590708374977112,-0.3810428457530308,-0.022315912801538752,0.12544230200001039,-0.39537167637841664,True,False,False,-0.25553959608078003,-0.39537167637841664,49,False,False,5.399999999999627,1.0897044652587662,64
1.6298785209655762,0.07040351629257202,0.14300665259361267,-0.02040462953516234,0.9998494386672974,0.18748316168785095,1.3241935968399048,-0.24344328045845032,0.8427990674972534,-0.009729862213134766,-0.035321176052093506,-0.09664523601531982,0.4720189571380615,-0.9999971389770508,50.939720153808594,True,9.38904857635498,0.18201079964637756,-0.23275214433670044,0.8663613796234131,-0.35536802644370663,-0.022048845523699817,0.12672354499954963,-0.36974874204219077,True,False,False,-0.23232273757457733,-0.36974874204219077,50,False,False,5.499999999999616,1.0893016812613097,64
1.3894755840301514,0.030850866809487343,0.1359778195619583,-0.01629039109266917,0.9999189376831055,0.18217819929122925,0.6645113229751587,-0.2339681088924408,0.8548373579978943,-0.005532264709472656,0.006709456443786621,-0.07498753070831299,0.4327819347381592,-0.9999992251396179,50.941890716552734,True,10.04638671875,0.18144173920154572,-0.23286662995815277,0.8729347586631775,-0.3854538417331793,-0.021392413868209007,0.13039331100117124,-0.40213114357670376,True,False,False,-0.2713240087032318,-0.40213114357670376,51,False,False,5.599999999999605,1.089391717769258,64
0.5829965472221375,0.18053105473518372,0.15660446882247925,-0.017360855666224886,0.9999749660491943,0.17023661732673645,0.7855544686317444,-0.22223998606204987,0.867653489112854,-0.7662795186042786,0.8615818023681641,0.03379786014556885,0.2699669599533081,-1.0,50.42340850830078,True,10.591262817382812,0.17699173092842102,-0.22832147777080536,0.8783835172653198,-0.40203785293140226,-0.021726278049440353,0.13039002400000754,-0.42729080878841597,True,False,False,-0.29239922761917114,-0.42729080878841597,52,False,False,5.699999999999594,1.0890737429381725,64
0.47654858231544495,0.1507192850112915,0.14230775833129883,-0.017184184260311666,0.9999411106109619,0.17002582550048828,0.6566221117973328,-0.21023176610469818,0.870147705078125,-0.5319850444793701,0.91176438331604,-0.04351621866226196,0.23294544219970703,-1.0,49.19804763793945,True,10.959511756896973,0.16911518573760986,-0.21710148453712463,0.882066011428833,-0.4216051156434716,-0.01720652929730039,0.12373365399980685,-0.44375359310420964,True,False,False,-0.32535088062286377,-0.44375359310420964,53,False,False,5.799999999999583,1.0963690139226128,64
0.4481603801250458,0.2298707813024521,0.1383165866136551,-0.02223131346888378,0.9999669790267944,0.15804487466812134,0.6325135231018066,-0.20598728954792023,0.8706060647964478,-0.925067126750946,0.9948582649230957,0.014155387878417969,-0.053161680698394775,-1.0,47.84904098510742,True,11.283326148986816,0.1609300673007965,-0.2045951634645462,0.8853041529655457,-0.39559553699108085,-0.017771045051058573,0.12676883799940697,-0.41464795720181524,True,False,False,-0.2998584508895874,-0.41464795720181524,54,False,False,5.899999999999572,1.1025963554010711,64
0.5255634188652039,0.2964481711387634,0.14580941200256348,-0.019289997005478298,0.9999510049819946,0.14792709052562714,0.8217115998268127,-0.1959964781999588,0.8728256225585938,-0.9922289252281189,0.9998371601104736,0.047902703285217285,-0.18629157543182373,-1.0,46.60519790649414,True,11.630219459533691,0.15359458327293396,-0.19296008348464966,0.8887730836868286,-0.3615176224259451,-0.018373476435672675,0.12134561200036842,-0.3778220671627179,True,False,False,-0.27924174070358276,-0.3778220671627179,55,False,False,5.999999999999561,1.109994644892572,64
0.6131226420402527,0.250832736492157,0.16268384456634521,-0.026518335555592198,0.9999781847000122,0.13543054461479187,1.297566294670105,-0.1974593698978424,0.879518985748291,-0.9950110912322998,0.9999489784240723,0.08802521228790283,-0.2604902982711792,-1.0,45.36271667480469,True,11.913150787353516,0.14609399437904358,-0.1812792420387268,0.8916023969650269,-0.35050390838945056,-0.01804287062289518,0.1228793569989648,-0.3644819272317451,True,False,False,-0.2744660973548889,-0.3644819272317451,56,False,False,6.09999999999955,1.1182387603125834,64
0.9621034264564514,0.11166036128997803,0.15688705444335938,-0.008277246701545265,0.9999797344207764,0.12779466807842255,0.8964066505432129,-0.17133742570877075,0.8773220777511597,-0.9752975106239319,0.9998273849487305,0.13239741325378418,-0.3705292344093323,-1.0,44.065940856933594,True,11.991471290588379,0.13735881447792053,-0.16907289624214172,0.8923856019973755,-0.3811800400058155,-0.017269128630975388,0.12097450600049342,-0.3971669173065015,True,False,False,-0.32971760630607605,-0.3971669173065015,57,False,False,6.199999999999539,1.1274607766075497,64
0.8570846915245056,0.09276767075061798,0.1271754652261734,-0.017941866234731662,0.9999754428863525,0.11365295946598053,1.085693120956421,-0.16088712215423584,0.875822126865387,-0.8969612121582031,0.9994709491729736,0.11661255359649658,-0.41601526737213135,-1.0,42.70983123779297,True,11.77666187286377,0.1271553933620453,-0.15623414516448975,0.8902375102043152,-0.339008233406855,-0.015961578846895374,0.12434221600051387,-0.3586247321409884,True,False,False,-0.28393125534057617,-0.3586247321409884,58,False,False,6.299999999999528,1.138195083644269,64
0.728735089302063,0.18390244245529175,0.11206550896167755,-0.01896960501713777,0.9999816417694092,0.11436285823583603,0.9181817173957825,-0.15310777723789215,0.8714882731437683,-0.5527611374855042,0.997295618057251,0.13545334339141846,-0.3950003981590271,-1.0,41.32372283935547,True,11.34048080444336,0.1172884926199913,-0.14287538826465607,0.8858757019042969,-0.30183305397086513,-0.013776351142856838,0.13112530700163916,-0.3297888825554369,True,False,False,-0.2604398727416992,-0.3297888825554369,59,False,False,6.399999999999517,1.150940393147087,64
0.8549943566322327,0.1458103358745575,0.12046606838703156,-0.011520991312774039,0.9999693632125854,0.10026536136865616,0.9305420517921448,-0.13750389218330383,0.8707650899887085,-0.5330789685249329,0.9972612857818604,-0.09042555093765259,-0.22500896453857422,-1.0,39.917327880859375,True,10.908514022827148,0.10895948112010956,-0.12907269597053528,0.8815560340881348,-0.3045783294384097,-0.01253799687559762,0.12649401899943769,-0.322240247245396,True,False,False,-0.27168118953704834,-0.322240247245396,60,False,False,6.499999999999506,1.1637597069818577,64
0.558769702911377,0.10633418709039688,0.13980147242546082,-0.015560445570285034,0.9999836683273315,0.09663804620504379,0.9030777215957642,-0.12763550877571106,0.8697784543037415,-0.3225553035736084,0.9954478740692139,-0.0023100972175598145,-0.12689357995986938,-1.0,38.533817291259766,True,10.653996467590332,0.10219436883926392,-0.11533190310001373,0.8790108561515808,-0.2374406896377454,-0.011420567990401712,0.12591144399993937,-0.2721577653285014,True,False,False,-0.21818166971206665,-0.2721577653285014,61,False,False,6.599999999999495,1.177485575753712,64
0.6138808727264404,0.07573266327381134,0.1249164417386055,-0.010867909484374527,0.9999701976776123,0.09709660708904266,0.7705333232879639,-0.11353778839111328,0.8677229285240173,-0.17675179243087769,0.9958233833312988,-0.06628257036209106,0.031862616539001465,-1.0,37.15251541137695,True,10.56700325012207,0.09777531027793884,-0.10151848942041397,0.878140926361084,-0.2025626188288394,-0.010451038108371646,0.12750551200042537,-0.2306235073605068,True,False,False,-0.18881694972515106,-0.2306235073605068,62,False,False,6.699999999999484,1.1917554129886687,64
0.7251478433609009,0.026726970449090004,0.14511102437973022,-0.0016298631198628667,0.9999920129776001,0.09218737483024597,0.3992132842540741,-0.0915624275803566,0.8741894364356995,-0.05338674783706665,0.9946759939193726,-0.053722500801086426,0.12061858177185059,-1.0,35.76934814453125,True,10.65920639038086,0.09539160877466202,-0.08766377717256546,0.8790629506111145,-0.1814757652447617,-0.009563129352138837,0.11887039300017932,-0.20123693163348388,True,False,False,-0.15203768014907837,-0.20123693163348388,63,False,False,6.799999999999473,1.2068568892922182,64
0.5595287084579468,0.12888261675834656,0.1344848871231079,-0.0032186306821275594,0.9999686479568481,0.09958607703447342,0.5778496861457825,-0.0729435607790947,0.8696359395980835,0.013036251068115234,0.9935727119445801,-0.04084593057632446,0.1615535020828247,-1.0,34.382080078125,True,10.85492992401123,0.09446758776903152,-0.07377631217241287,0.881020188331604,-0.14577728831521924,-0.008668134739520533,0.14142573599929165,-0.17367761455895755,True,False,False,-0.12369715422391891,-0.17367761455895755,64,False,False,6.899999999999462,1.2229679625180507,64
0.5199050903320312,0.10535766929388046,0.14856091141700745,-0.016593081080153775,0.9999872446060181,0.09016913175582886,0.6591091156005859,-0.0660497322678566,0.8737967610359192,0.04818570613861084,0.9938724040985107,-0.0020035505294799805,0.11754024028778076,-1.0,32.992488861083984,True,11.069035530090332,0.0944056287407875,-0.059877440333366394,0.8831612467765808,-0.14697960235493607,-0.007709156009378484,0.12441594199844985,-0.16266093862525505,True,False,False,-0.12925374507904053,-0.16266093862525505,65,False,False,6.999999999999451,1.2402239856419008,64
0.6126092076301575,0.08720569312572479,0.13292518258094788,-0.004028860059083712,0.9999895095825195,0.09464596956968307,0.6275067329406738,-0.04984526336193085,0.8700996041297913,0.035314321517944336,0.9958986043930054,-0.03414952754974365,0.10798108577728271,-1.0,31.59882354736328,True,11.245518684387207,0.09455124288797379,-0.04594126343727112,0.8849260807037354,-0.1266694736891743,-0.006720152614921489,0.12352497199935897,-0.13449386621464882,True,False,False,-0.1213015466928482,-0.13449386621464882,66,False,False,7.09999999999944,1.258625024889054,64
0.5686907768249512,0.04641091078519821,0.14222589135169983,0.004827783082389283,0.999982476234436,0.09731549024581909,0.7333176136016846,-0.028391113504767418,0.8704832792282104,0.021521568298339844,0.9959708452224731,-0.022394239902496338,0.02723526954650879,-1.0,30.20502281188965,True,11.371129989624023,0.09462617337703705,-0.032002415508031845,0.8861821889877319,-0.09849588425829835,-0.005710690512339642,0.12280825199923129,-0.10624113656522122,True,False,False,-0.09535694122314453,-0.10624113656522122,67,False,False,7.199999999999429,1.2782362764175481,64
0.7830280661582947,0.03790886700153351,0.1315203607082367,-0.017983240615284713,0.9999392032623291,0.09442959725856781,0.7425093650817871,-0.023340526968240738,0.8694834113121033,0.02775287628173828,0.9967420101165771,0.0016260147094726562,-0.06439775228500366,-1.0,28.811561584472656,True,11.383533477783203,0.0946066677570343,-0.018065132200717926,0.8863062262535095,-0.056933450673357054,-0.004722067040027245,0.12223329399967042,-0.07609342691035212,True,False,False,-0.07698149979114532,-0.07609342691035212,68,False,False,7.299999999999418,1.2990134571494163,64
0.5925629734992981,0.05269156023859978,0.12616996467113495,-0.0065347751853555465,0.9999309778213501,0.09797971695661545,0.8774833083152771,-0.010980535298585892,0.8693006038665771,-0.004422664642333984,0.9973959922790527,-0.027861416339874268,-0.14648640155792236,-1.0,27.417036056518555,True,11.274534225463867,0.09443746507167816,-0.00411392142996192,0.885216236114502,-0.060485143502149896,-0.0037220811853225125,0.12770733800061862,-0.07571324381856762,True,False,False,-0.0827801525592804,-0.07571324381856762,69,False,False,7.399999999999407,1.3210230842105046,64
0.5647596716880798,0.04786451905965805,0.1298178881406784,0.0122112568379712,0.9999489784240723,0.09530571103096008,0.5629859566688538,0.01213349774479866,0.869871199131012,0.011297345161437988,0.9974286556243896,-0.01396268606185913,-0.17366796731948853,-1.0,26.022445678710938,True,11.077040672302246,0.09407676756381989,0.00984296016395092,0.8832412958145142,-0.05537010348063719,-0.0026911725706143487,0.12486345199977222,-0.08195343765760621,True,False,False,-0.09654570370912552,-0.08195343765760621,70,False,False,7.499999999999396,1.3443435915114628,64
0.6227216124534607,0.06060817465186119,0.14244504272937775,-0.020614636001459418,0.9999264478683472,0.1040516048669815,1.0456829071044922,0.015355825424194336,0.8675956726074219,0.024395465850830078,0.9978152513504028,0.00795900821685791,-0.28708982467651367,-1.0,24.626995086669922,True,10.794597625732422,0.09395085275173187,0.02380436286330223,0.8804168701171875,-0.06080916410331054,-0.001745062273738727,0.11905677699905937,-0.09912099821294187,True,False,False,-0.10125061869621277,-0.09912099821294187,71,False,False,7.599999999999385,1.36887766645642,64
0.6892924904823303,0.13288097083568573,0.12868191301822662,8.192739590882946e-05,0.9998977184295654,0.09918953478336334,0.8102145791053772,0.029985912144184113,0.8657022714614868,0.07684314250946045,0.9964182376861572,-0.01577526330947876,-0.19595980644226074,-1.0,23.230392456054688,True,10.4600191116333,0.09403859078884125,0.03777259588241577,0.8770710825920105,-0.059590070426854644,-0.0005477805227359768,0.12185630900057731,-0.10161168277055191,True,False,False,-0.1141282171010971,-0.10161168277055191,72,False,False,7.699999999999374,1.3950026266465771,64
0.3323558568954468,0.12560053169727325,0.14267653226852417,0.007851738608103967,0.9999443292617798,0.09966636449098587,0.6194828748703003,0.048002004623413086,0.8648198843002319,0.04066359996795654,0.9961740970611572,-0.02908259630203247,-0.18273305892944336,-1.0,21.83314323425293,True,10.200262069702148,0.09447205811738968,0.05173855647444725,0.874473512172699,-0.06902867169495097,0.0005609635461952941,0.12475707900011912,-0.10300638367325557,True,False,False,-0.14214634895324707,-0.10300638367325557,73,False,False,7.799999999999363,1.4224068630893683,64
0.38132593035697937,0.15308745205402374,0.1635676920413971,0.019021849765468266,0.9999128580093384,0.09990858286619186,0.7204850912094116,0.07044001668691635,0.8603779077529907,0.04347193241119385,0.9955660104751587,-0.026109278202056885,-0.18373632431030273,-1.0,20.437644958496094,True,9.955924987792969,0.09469383955001831,0.06569243967533112,0.8720301389694214,-0.059476337366603474,0.0015908727724301829,0.12857893299951684,-0.09091122847270663,True,False,False,-0.1130574494600296,-0.09091122847270663,74,False,False,7.899999999999352,1.4511051169030178,64
0.7140681147575378,0.11226683855056763,0.1251663714647293,0.02982415894884495,0.9998989105224609,0.09543703496456146,0.832100510597229,0.09637795388698578,0.8617607951164246,0.09197187423706055,0.994998574256897,0.01649928092956543,-0.1633702516555786,-1.0,19.04285430908203,True,9.720927238464355,0.09513778984546661,0.07963355630636215,0.8696801662445068,-0.07780790866774553,0.0026227983410979224,0.12764006099860126,-0.09880871192605475,True,False,False,-0.13578376173973083,-0.09880871192605475,75,False,False,7.999999999999341,1.4811335991330237,64
0.6514636278152466,0.15683048963546753,0.1478603482246399,-0.0008176714621029469,0.9999473094940186,0.09714226424694061,0.8253458142280579,0.10792899131774902,0.8583512306213379,0.1531895399093628,0.9956626892089844,0.07664120197296143,-0.08889114856719971,-1.0,17.645803451538086,True,9.538614273071289,0.09623453766107559,0.0935821533203125,0.867857038974762,-0.12097372411806309,0.0036778773582174917,0.12501606600017112,-0.14182169875299144,True,False,False,-0.16819007694721222,-0.14182169875299144,76,False,False,8.099999999999374,1.5125260502953897,64
0.7422573566436768,0.09033505618572235,0.148875892162323,0.0019964106254039124,0.9999738931655884,0.09755879640579224,0.6458007097244263,0.12040455639362335,0.8610845804214478,0.15126776695251465,0.9928921461105347,0.031847357749938965,0.042360782623291016,-1.0,16.24985122680664,True,9.485072135925293,0.09780751168727875,0.10751628130674362,0.8673216104507446,-0.06170994675956375,0.004669521322419836,0.12686931500138598,-0.07423697549010205,True,False,False,-0.11017683148384094,-0.07423697549010205,77,False,False,8.199999999999408,1.545244769886822,64
0.602532684803009,0.13938546180725098,0.15381687879562378,0.00880933990082803,0.999969482421875,0.09484059363603592,0.9287585616111755,0.13542312383651733,0.8594116568565369,0.13973307609558105,0.9873666763305664,0.011200308799743652,0.19868862628936768,-1.0,14.861108779907227,True,9.624237060546875,0.09936889261007309,0.12139026820659637,0.8687132596969604,-0.11868689212674731,0.0053581341544180275,0.12234821600031864,-0.14223830460642528,True,False,False,-0.17308712005615234,-0.14223830460642528,78,False,False,8.299999999999441,1.5789470639204897,64
0.9646345973014832,0.0831698328256607,0.12215303629636765,-0.020228136313693648,0.9999809265136719,0.0910630002617836,0.7057020664215088,0.13906046748161316,0.8646953701972961,0.1180107593536377,0.9849561452865601,0.022312521934509277,0.3624767065048218,-1.0,13.48160171508789,True,9.985756874084473,0.10072644799947739,0.13518594205379486,0.8723284602165222,-0.0749567961838333,0.005767073666118545,0.12436039300155244,-0.08901497520658641,True,False,False,-0.1266927868127823,-0.08901497520658641,79,False,False,8.399999999999475,1.6134616638245431,64
0.738602876663208,0.11080106347799301,0.14529910683631897,0.02754511043749109,0.9999344348907471,0.09293774515390396,1.1365101337432861,0.16070683300495148,0.8646656274795532,0.11546587944030762,0.9746012687683105,-0.024941444396972656,0.4741098880767822,-1.0,12.112688064575195,True,10.551804542541504,0.10189079493284225,0.14888788759708405,0.8779889345169067,-0.12124491659206674,0.006070559384320448,0.131039570998837,-0.12921580392775225,True,False,False,-0.17774316668510437,-0.12921580392775225,80,False,False,8.499999999999508,1.6488402643983895,64
1.1143572330474854,0.09395033121109009,0.11260873824357986,0.007313218760940784,0.9999600648880005,0.09231086820363998,1.2641881704330444,0.17452430725097656,0.869672954082489,0.15869140625,0.9804078340530396,0.07579672336578369,0.4624541997909546,-1.0,10.749471664428711,True,11.218124389648438,0.10328864306211472,0.16255562007427216,0.8846521377563477,-0.046618504961009555,0.006539493675204752,0.12580703799903858,-0.06217433286412221,True,False,False,-0.06528865545988083,-0.06217433286412221,81,False,False,8.599999999999541,1.6852337181792745,64
1.2433136701583862,0.08001278340816498,0.12257971614599228,0.014977059129951495,0.9999730587005615,0.09780750423669815,1.1645030975341797,0.19050757586956024,0.8774387240409851,0.15852069854736328,0.988154411315918,0.09243190288543701,0.39719676971435547,-1.0,9.385281562805176,True,11.851734161376953,0.10496407747268677,0.17627856135368347,0.8909882307052612,-0.07314845321276392,0.0072282603651784155,0.12494110299849126,-0.09901881169040477,True,False,False,-0.06914153695106506,-0.09901881169040477,82,False,False,8.699999999999575,1.7227334715118479,64
1.145896315574646,0.13385960459709167,0.1206178218126297,-0.003779280538397796,0.9999192953109741,0.09763979911804199,1.194764256477356,0.19994834065437317,0.8792532086372375,0.13739526271820068,0.9931132793426514,0.08277273178100586,0.3067817687988281,-1.0,8.019466400146484,True,12.384038925170898,0.10654956102371216,0.19007325172424316,0.8963112831115723,-0.07115667838155668,0.00789476322069607,0.1320184349988267,-0.1191440634198563,True,False,False,-0.055777743458747864,-0.1191440634198563,83,False,False,8.799999999999608,1.761187475948349,64
0.9738196730613708,0.09091123938560486,0.11974109709262848,0.00029223436002536254,0.9999715089797974,0.09774637222290039,1.1987981796264648,0.21070228517055511,0.8806623816490173,0.1006922721862793,0.9956569671630859,0.06363356113433838,0.08959364891052246,-1.0,6.652914047241211,True,12.727678298950195,0.10785948485136032,0.20393674075603485,0.8997476696968079,-0.06985749169828863,0.008504403070422457,0.1277814050008601,-0.12100497979136798,True,False,False,-0.02743709832429886,-0.12100497979136798,84,False,False,8.899999999999642,1.800487343764617,64
1.0085184574127197,0.11185730248689651,0.12539523839950562,-0.017657852902772504,0.9998965263366699,0.0992099791765213,1.1881672143936157,0.21524955332279205,0.8759650588035583,0.04288327693939209,0.997154712677002,0.02825009822845459,-0.2460634708404541,-1.0,5.287297248840332,True,12.714910507202148,0.10861585289239883,0.2178337574005127,0.899619996547699,-0.11128196927503725,0.008606161256559934,0.13342255799943814,-0.15726428565456385,True,False,False,-0.04327961057424545,-0.15726428565456385,85,False,False,8.999999999999675,1.8400544118158146,64
1.057752251625061,0.17243176698684692,0.12496218085289001,0.01465076200259972,0.9998747110366821,0.10274527221918106,0.9701430797576904,0.23060999810695648,0.8729212284088135,0.01099252700805664,0.5041298866271973,0.003848552703857422,-0.563407301902771,-1.0,4.154069900512695,True,12.247282028198242,0.10857001692056656,0.2293529361486435,0.8949437141418457,-0.09516674840703429,0.003131485910905933,0.13418263400126307,-0.14213970230873987,True,False,False,-0.014145269058644772,-0.14213970230873987,86,False,False,9.099999999999708,1.8745898181572733,64
0.7511014342308044,0.18301382660865784,0.13070914149284363,-0.02794080676851542,0.9996932744979858,0.1036374419927597,1.0375779867172241,0.23163561522960663,0.8643024563789368,-0.016074538230895996,0.3942532539367676,0.02042412757873535,-0.7772245407104492,-1.0,3.490272045135498,True,11.382686614990234,0.10830526798963547,0.23609982430934906,0.8862977623939514,-0.13971911646442758,-0.01120343969270345,0.133267078001154,-0.17333736254529197,True,False,False,-0.013401838950812817,-0.17333736254529197,87,False,False,9.199999999999742,1.893772382496378,64
0.6493754386901855,0.08739332854747772,0.1117141842842102,0.01671555341370466,0.9994775652885437,0.09825661778450012,0.8592557907104492,0.24767841398715973,0.8653575778007507,-0.040126681327819824,0.36521899700164795,0.005604863166809082,-0.8115891218185425,-1.0,2.963155746459961,True,10.299980163574219,0.10760330408811569,0.24136054515838623,0.8754706978797913,-0.1361968868660019,-0.015431728939779194,0.12302098399959505,-0.17177044347579198,True,False,False,-0.004987731110304594,-0.17177044347579198,88,False,False,9.299999999999775,1.9093545121948536,64
0.4849371910095215,0.04100476950407028,0.11837711930274963,-0.03634149817716131,0.9981997013092041,0.09857383370399475,0.5041780471801758,0.24597297608852386,0.8569058775901794,-0.07208967208862305,0.2995619773864746,0.03219962120056152,-0.8503062129020691,-1.0,2.488506555557251,True,9.157294273376465,0.10654353350400925,0.24599066376686096,0.8640438318252563,-0.17425186070016876,-0.01715787073515967,0.13261169399993378,-0.191553460946229,True,False,False,-0.004423487465828657,-0.191553460946229,89,False,False,9.399999999999809,1.923435757335695,64
0.37654367089271545,0.12754449248313904,0.11187496781349182,-0.011376542634448601,0.9993875026702881,0.09370837360620499,0.5360913872718811,0.25375843048095703,0.8517761826515198,-0.10105156898498535,0.25064384937286377,-0.01069563627243042,-0.7982741594314575,-1.0,2.084892749786377,True,8.007055282592773,0.10503581166267395,0.24976839125156403,0.852541446685791,-1.5875485717160762,-0.019099857717386044,0.12667122499988182,-1.6395876471114847,True,False,False,-0.00011938253010157496,-1.6395876471114847,90,False,False,9.499999999999842,1.9357587144265032,64
0.48242607712745667,0.05984852835536003,0.11332669854164124,-0.04262863698193316,0.9995278120040894,0.09258779883384705,0.7719745635986328,0.2500004172325134,0.8325731158256531,-0.0704115629196167,0.25097203254699707,-0.024262726306915283,-0.7488563060760498,-1.0,1.7252243757247925,True,6.923770904541016,0.10350450873374939,0.2531074583530426,0.8417086005210876,-1.5991274699412474,-0.02030141093466738,0.13042369799950393,-1.663355260451555,True,False,False,-0.00017448069411329925,-1.663355260451555,91,False,False,9.599999999999875,1.9467161783245563,64
0.52918940782547,0.10487387329339981,0.11443718522787094,-0.011618015014546703,0.9997294545173645,0.09136030077934265,0.4678773283958435,0.25756579637527466,0.8309308290481567,-0.08089154958724976,0.2197662591934204,0.0152512788772583,-0.42035388946533203,-1.0,1.397853136062622,True,6.04788064956665,0.10197343677282333,0.25616148114204407,0.832949697971344,-1.5743991122403664,-0.020360778776673385,0.12835230800010322,-1.637802007918556,True,False,False,-0.00024253052833955735,-1.637802007918556,92,False,False,9.699999999999909,1.9575095713536934,64
0.6034413576126099,0.07099111378192902,0.12339060753583908,-0.029084615690554375,0.9987179040908813,0.09358467161655426,0.5100647211074829,0.2568758726119995,0.8317515254020691,0.04543328285217285,0.6576378345489502,-0.02228337526321411,-0.1106463074684143,-0.9997055530548096,0.9014266729354858,True,5.595064163208008,0.1013457328081131,0.26108676195144653,0.8284215331077576,-1.5923666390283053,-0.0159730448388708,0.1283606540000619,-1.6672798948347871,True,False,False,-0.00021796958753839135,-1.6672798948347871,93,False,False,9.799999999999942,1.9718455870411848,64
0.6771916747093201,0.10250856727361679,0.09790597856044769,-0.017294053053478295,0.9986170530319214,0.0946885198354721,0.5296776294708252,0.26125937700271606,0.8320051431655884,0.11027026176452637,0.24956190586090088,-0.1557101011276245,0.4365682601928711,-0.5264967679977417,0.27201947569847107,True,5.703133583068848,0.10156218707561493,0.2677731215953827,0.8295022249221802,-1.5923349266988338,-0.011765784800567322,0.12874014299995906,-1.662831486103517,True,False,False,-0.00018259449279867113,-1.662831486103517,94,False,False,9.899999999999975,1.9911164086992492,64
1.2593824863433838,0.19006556272506714,0.12293243408203125,-1.6235953938552796,1.447628437745152e-05,0.0947960913181305,1.413152813911438,0.2573632597923279,0.7727612853050232,0.14996016025543213,0.09767746925354004,-0.011713206768035889,0.13405823707580566,0.9999959468841553,0.48475974798202515,False,1.811075210571289,0.10401050001382828,0.27272307872772217,0.7905816435813904,-1.6205559503431923,-1.6003314807126219,0.12750321200110193,-1.6932095268107112,True,False,False,-0.00019519496709108353,-1.6932095268107112,95,False,False,10.000000000000009,14.999874655632302,64
0.926956832408905,0.16368156671524048,0.12082725763320923,1.586386545776971,0.6006411910057068,0.09314224869012833,1.6640865802764893,0.26605552434921265,0.8033186793327332,-0.07977867126464844,-0.4491419792175293,0.13010430335998535,0.20845246315002441,-0.5815703272819519,0.578376829624176,False,-0.011032819747924805,0.10434650629758835,0.27381575107574463,0.7723605632781982,-0.003304727996333204,-0.06371301859617233,0.12880808200134197,-0.05597131396779119,True,False,False,-0.00020159073756076396,-0.05597131396779119,96,False,False,10.100000000000042,-0.0006711818277835846,64
0.5788410305976868,0.22845938801765442,0.12275628000497818,-1.6336788299495602,7.946816822368419e-07,0.09585774689912796,0.8994065523147583,0.2556998133659363,0.7720865607261658,-0.095980703830719,0.07986092567443848,0.19574975967407227,-0.8702017664909363,0.9992178678512573,0.577914297580719,False,-4.76837158203125e-05,0.1043417900800705,0.2738141119480133,0.7724704146385193,-1.623657127931145,-0.011622384190559384,0.12299323299885145,-1.6777156601426868,True,False,False,-0.00023047607101034373,-1.6777156601426868,97,False,False,10.200000000000076,-0.002027897983789444,64
0.6779206395149231,0.25735896825790405,0.1460048258304596,0.009779144823551167,1.0557615581774371e-07,0.09466437995433807,0.5894675850868225,0.26594239473342896,0.772605836391449,0.05043900012969971,-0.7219551801681519,0.003926873207092285,-0.6599026918411255,0.9960246086120605,0.5779111981391907,False,0.0,0.1043417751789093,0.2738140821456909,0.7724708914756775,-0.018883908007574314,0.005258629918098423,0.1241832859996066,-0.050851648358496176,True,False,False,-0.00028287488385103643,-0.050851648358496176,98,False,False,10.300000000000109,-0.0023981259763240816,64
0.45568719506263733,0.2928989827632904,0.12499650567770004,0.004390256553888314,4.962290489629595e-08,0.09385789185762405,0.7977095246315002,0.2610287070274353,0.7731329202651978,0.13388502597808838,-0.4969663619995117,-0.06105613708496094,-0.6403973698616028,0.9980099201202393,0.5779111981391907,False,0.0,0.1043417751789093,0.2738140821456909,0.7724708914756775,-0.04155529705941394,-0.0032025711983442087,0.11551553399840486,-0.08050698696850224,True,False,False,-0.00017278258746955544,-0.08050698696850224,99,False,False,10.400000000000142,-0.0016968436539173126,64
0.49718916416168213,0.1909017562866211,0.1374245285987854,-0.005399134308099774,1.8759119484457187e-06,0.09848573058843613,0.49030011892318726,0.2652621865272522,0.772771954536438,0.1446843147277832,-0.18875384330749512,-0.018388211727142334,-0.4957634210586548,0.9994211196899414,0.5779111981391907,False,0.0,0.1043417751789093,0.2738140821456909,0.7724708914756775,-0.08078848818685355,-0.007036235481500653,0.1284966280018125,-0.12820787037259224,True,False,False,-0.00025474175345152617,-0.12820787037259224,100,False,False,10.500000000000176,-0.000756702721118927,64
0.3190159797668457,0.10556256026029587,0.12933418154716492,0.010997547525912527,2.557147581683239e-06,0.10268892347812653,0.8879423141479492,0.24977655708789825,0.7734187841415405,0.1211937665939331,0.03265047073364258,0.03092014789581299,-0.07772696018218994,0.9999988079071045,0.5779111981391907,False,0.0,0.1043417751789093,0.2738140821456909,0.7724708914756775,-0.10183622312601479,-0.009533550608903157,0.1216086490003363,-0.16733655817821458,True,False,False,-0.00023475581838283688,-0.16733655817821458,101,False,False,10.60000000000021,-5.6878793984651565e-05,64
0.7954810857772827,0.06996840238571167,0.13349846005439758,-0.020389433405362093,2.58286746657177e-07,0.09843040257692337,0.7906622886657715,0.2579936981201172,0.7744590044021606,-0.010015547275543213,0.06055605411529541,-0.007315397262573242,0.09153854846954346,0.9999604225158691,0.5779111981391907,False,0.0,0.1043417751789093,0.2738140821456909,0.7724708914756775,-0.12120206771579413,-0.01310033073183148,0.14262904899987916,-0.2272413441827279,True,False,False,-0.00033701147185638547,-0.2272413441827279,102,False,False,10.700000000000243,-3.050041850656271e-05,64
0.7967417240142822,0.04234015941619873,0.13333362340927124,-0.007548811370506903,7.383911082570194e-08,0.09917937964200974,1.0554182529449463,0.24930281937122345,0.7744597792625427,-0.015433430671691895,0.041383981704711914,-0.010163843631744385,-0.11707013845443726,0.9999990463256836,0.5779111981391907,False,0.0,0.1043417751789093,0.2738140821456909,0.7724708914756775,-0.11740404054805674,-0.013437340529635534,0.1473221799988096,-0.23445887127772372,True,False,False,-0.0002051148476311937,-0.23445887127772372,103,False,False,10.800000000000276,-3.939886577427387e-05,64
0.9265373349189758,0.047445543110370636,0.13515141606330872,-0.017644532867707327,4.264698816314194e-07,0.09766949713230133,0.8623942732810974,0.25642281770706177,0.7742791771888733,-0.01588660478591919,0.04343676567077637,-0.00206601619720459,-0.06583213806152344,0.9999873638153076,0.5779111981391907,False,0.0,0.1043417751789093,0.2738140821456909,0.7724708914756775,13.460176394062868,-0.01163074473384766,0.12698315600027854,13.448164100930367,True,False,False,-0.00028664228739216924,13.448164100930367,104,False,False,10.90000000000031,-1.6193189658224583e-05,64
0.7931791543960571,0.029019514098763466,0.12169342488050461,-0.022411045320332036,1.0151228480026475e-06,0.09643609821796417,0.7725065350532532,0.25979238748550415,0.7737187147140503,-0.03938448429107666,0.06900954246520996,0.020923972129821777,0.4038853645324707,0.9999990463256836,0.5779111981391907,False,0.0,0.1043417751789093,0.2738140821456909,0.7724708914756775,13.613393844245463,-0.0160209260508418,0.11434229699989373,13.602206802553868,True,False,False,-0.00016421791224274784,13.602206802553868,105,False,False,11.000000000000343,-0.00042468663305044173,64
0.6969287991523743,0.04046708345413208,0.17218998074531555,-0.03445222333073615,3.391192393564779e-08,0.09506013244390488,0.7755242586135864,0.26181966066360474,0.7744605541229248,-0.06976819038391113,-0.0011045336723327637,0.05674099922180176,0.9947888851165771,0.9999998807907104,0.5779111981391907,False,0.0,0.1043417751789093,0.2738140821456909,0.7724708914756775,13.774234816620787,-0.03059372857213021,0.11778283300009207,13.762189855565843,True,False,False,-0.0002191671810578555,13.762189855565843,106,False,False,11.100000000000376,-0.002494233250617981,64
0.7002974152565002,0.1194685697555542,0.12698405981063843,-0.04270010456442831,5.48114826415258e-07,0.09576793760061264,1.0458909273147583,0.25221192836761475,0.7736716270446777,-0.10747420787811279,-0.06588625907897949,0.1019669771194458,0.9993078708648682,1.0,0.5779111981391907,False,0.0,0.1043417751789093,0.2738140821456909,0.7724708914756775,13.94528004213759,-0.043627900332212435,0.10401745000126539,13.936107807792263,True,False,False,-0.0001458446349715814,13.936107807792263,107,False,False,11.20000000000041,-0.002562263011932373,64
0.9117111563682556,0.13977685570716858,0.16945546865463257,-0.04657741904258726,3.179223995175562e-07,0.09332848340272903,1.1033085584640503,0.25348925590515137,0.774232029914856,-0.04063773155212402,-0.013614356517791748,0.055197834968566895,0.9992551803588867,0.9999998807907104,0.5779111981391907,False,0.0,0.1043417751789093,0.2738140821456909,0.7724708914756775,14.12773440847274,-0.044559233337640766,0.09886050299974158,14.119986033443748,True,False,False,-0.00021920769358985126,14.119986033443748,108,False,False,11.300000000000443,-0.0025084859132766726,64
0.9762383699417114,0.17851045727729797,0.13136181235313416,-0.034666694784536954,1.871245274287503e-07,0.09996676445007324,0.8404682278633118,0.2538025379180908,0.7732983827590942,0.04084227979183197,-0.1693107932806015,0.061667900532484055,-0.08713561296463013,1.0,0.5779111981391907,False,0.0,0.1043417751789093,0.2738140821456909,0.7724708914756775,14.316572881328314,14.650966901546344,0.08842076099972473,-1000000000.0,False,False,False,-0.0002995724498759955,14.316572881328314,109,False,True,11.400000000000476,-0.0001043244544416666,62
