#{"t_start": 1791555757.2934935, "env_id": "None"}
r,l,t,task_success
-56.325548,300,61.96028,False
-18.417604,300,63.567998,False
-104.473093,300,65.297019,False
-168.594645,300,68.644369,False
-178.664024,300,73.107557,False
7.6161,153,75.694508,True
-19.928219,300,80.496656,False
-23.914705,300,85.585982,False
-65.383919,300,133.820203,False
-45.79236,300,139.818949,False
-52.142206,300,144.377854,False
-118.726156,300,148.709436,False
-176.664244,300,153.215415,False
-179.409451,300,157.848842,False
-34.255709,300,162.42263,False
-42.266173,300,166.617873,False
-20.487056,300,171.829749,False
-99.604336,300,209.646374,False
-20.897212,300,214.646227,False
-131.486629,300,219.101024,False
-3.646894,159,222.008839,True
-21.539099,300,226.464983,False
-52.569723,300,230.845303,False
6.591784,283,234.983511,True
-18.154036,300,239.111782,False
-3.575765,211,242.546666,True
-30.474467,300,284.127917,False
-13.264022,203,287.387007,True
-92.69664,300,291.891954,False
5.542037,249,295.840892,True
10.381939,165,298.663681,True
-122.706629,300,303.069892,False
-61.046766,300,307.465196,False
10.685591,130,309.749905,True
12.119292,134,312.190921,True
-38.360971,300,316.308733,False
-1.038096,124,318.535634,True
