#{"t_start": 1791196399.65454, "env_id": "None"}
r,l,t,task_success
-14.469933,300,27.395551,False
-14.062677,300,28.136547,False
-14.212452,300,28.87184,False
10.870665,236,30.28326,True
12.516141,115,31.383626,True
12.428424,123,32.380427,True
12.263558,126,33.3337,True
11.524133,111,34.297888,True
9.413776,199,36.064528,True
12.174065,134,37.318311,True
12.633901,104,38.237682,True
12.388252,122,39.576085,True
11.800701,149,41.036648,True
11.029889,184,52.071735,True
11.51813,119,53.072208,True
9.408708,231,54.988638,True
-16.428502,300,57.346888,False
-21.441289,300,59.829591,False
-19.538482,300,62.22561,False
-18.902387,300,64.599946,False
-19.622466,300,66.910443,False
-18.397763,300,69.329077,False
-16.008276,300,71.84048,False
-18.085893,300,82.625339,False
-19.868095,300,85.103672,False
12.055595,132,86.257939,True
-18.376052,300,88.695558,False
9.776699,158,89.972029,True
-15.824887,300,92.361055,False
-16.923505,300,94.733752,False
-17.008072,300,97.019914,False
-16.00223,300,99.298923,False
-15.819773,300,110.23545,False
-16.781116,300,112.35697,False
-16.751215,300,114.52952,False
-15.924946,300,116.672744,False
-15.690717,300,118.779386,False
11.231062,132,119.861723,True
12.290978,129,120.895143,True
-16.082708,300,123.021838,False
-15.768575,300,125.13768,False
-14.982592,300,135.37637,False
12.677969,119,136.346507,True
10.725215,231,138.051323,True
-15.974088,300,140.175137,False
11.053392,152,141.404097,True
-15.986628,300,143.581347,False
11.973218,154,144.747972,True
-15.581878,300,146.861207,False
12.19952,136,147.938051,True
12.470222,123,148.892085,True
-15.827326,300,151.013563,False
12.760458,106,151.847208,True
-15.691431,300,162.799935,False
11.961053,158,164.319762,True
12.461033,120,165.25457,True
12.741055,107,166.201726,True
12.644176,114,167.171723,True
11.988549,142,168.30411,True
12.884242,103,169.130508,True
12.388414,125,170.168932,True
11.257477,133,171.219839,True
12.274492,131,172.376117,True
12.502323,121,173.319995,True
12.763254,112,174.202484,True
11.016318,149,175.369571,True
9.62312,242,177.0975,True
12.520876,120,178.082914,True
12.608297,115,178.998726,True
-15.191666,300,181.544269,False
12.554509,119,182.487411,True
11.122437,141,192.032866,True
12.392037,125,193.091708,True
12.794253,104,193.873268,True
12.727091,109,194.803133,True
12.86346,103,195.672046,True
-17.615065,300,198.000443,False
11.66377,113,198.873224,True
12.550816,115,200.14426,True
12.429223,124,201.113735,True
12.738859,113,202.000568,True
12.629679,113,203.16611,True
12.599741,113,204.078193,True
10.553353,174,205.442063,True
-15.588491,300,207.604151,False
9.96452,225,209.366311,True
12.362339,125,210.557018,True
12.869555,105,211.532465,True
12.461271,121,221.53377,True
-15.752199,300,223.775786,False
12.516101,121,224.782197,True
12.322327,121,225.756904,True
12.696755,109,226.64025,True
12.385847,128,227.721996,True
12.536824,119,228.773993,True
12.455107,123,229.786598,True
12.261909,137,230.871707,True
12.736286,105,231.701741,True
11.477653,130,232.685381,True
12.506841,120,233.673729,True
12.503231,120,234.650852,True
12.51128,118,235.59962,True
12.555795,114,236.555106,True
12.16513,135,237.568521,True
8.180992,199,239.168001,True
12.212284,127,240.096591,True
